MPI version is unknown - bad things may happen
AcceleratorCudaInit[0]: ========================
AcceleratorCudaInit[0]: Device Number    : 0
AcceleratorCudaInit[0]: ========================
AcceleratorCudaInit[0]: Device identifier: NVIDIA GeForce RTX 3060
AcceleratorCudaInit[0]:   totalGlobalMem: 12626493440 
AcceleratorCudaInit[0]:   managedMemory: 1 
AcceleratorCudaInit[0]:   isMultiGpuBoard: 0 
AcceleratorCudaInit[0]:   warpSize: 32 
AcceleratorCudaInit[0]:   pciBusID: 7 
AcceleratorCudaInit[0]:   pciDeviceID: 0 
AcceleratorCudaInit[0]: maxGridSize (2147483647,65535,65535)
AcceleratorCudaInit: using default device 
AcceleratorCudaInit: assume user either uses
AcceleratorCudaInit: a) IBM jsrun, or 
AcceleratorCudaInit: b) invokes through a wrapping script to set CUDA_VISIBLE_DEVICES, UCX_NET_DEVICES, and numa binding 
AcceleratorCudaInit: Configure options --enable-setdevice=no 
local rank 0 device 0 bus id: 0000:07:00.0
AcceleratorCudaInit: ================================================
SharedMemoryMpi:  World communicator of size 1
SharedMemoryMpi:  Node  communicator of size 1
SharedMemoryMpi:  acceleratorAllocDevice 1073741824bytes at 0x7b4adc000000 - 7b4b1bffffff for comms buffers 
SharedMemoryMpi: Setting up IPC

__|__|__|__|__|__|__|__|__|__|__|__|__|__|__
__|__|__|__|__|__|__|__|__|__|__|__|__|__|__
__|_ |  |  |  |  |  |  |  |  |  |  |  | _|__
__|_                                    _|__
__|_   GGGG    RRRR    III    DDDD      _|__
__|_  G        R   R    I     D   D     _|__
__|_  G        R   R    I     D    D    _|__
__|_  G  GG    RRRR     I     D    D    _|__
__|_  G   G    R  R     I     D   D     _|__
__|_   GGGG    R   R   III    DDDD      _|__
__|_                                    _|__
__|__|__|__|__|__|__|__|__|__|__|__|__|__|__
__|__|__|__|__|__|__|__|__|__|__|__|__|__|__
  |  |  |  |  |  |  |  |  |  |  |  |  |  |  


Copyright (C) 2015 Peter Boyle, Azusa Yamaguchi, Guido Cossu, Antonin Portelli and other authors

This program is free software; you can redistribute it and/or modify
it under the terms of the GNU General Public License as published by
the Free Software Foundation; either version 2 of the License, or
(at your option) any later version.

This program is distributed in the hope that it will be useful,
but WITHOUT ANY WARRANTY; without even the implied warranty of
MERCHANTABILITY or FITNESS FOR A PARTICULAR PURPOSE.  See the
GNU General Public License for more details.
Current Grid git commit hash=b655728c0985eb0b1e6dffdb1d6089310f70567a: (HEAD -> gpt_proton, origin/gpt_proton) clean

Grid : Message : ================================================ 
Grid : Message : MPI is initialised and logging filters activated 
Grid : Message : ================================================ 
Grid : Message : This rank is running on host Moonway at local time 2026-05-19 17:51:25
Grid : Message : Requested 1073741824 byte stencil comms buffers 
Grid : Message : MemoryManager Cache 10101194752 bytes 
Grid : Message : MemoryManager::Init() setting up
Grid : Message : MemoryManager::Init() cache pool for recent host   allocations: SMALL 8 LARGE 2 HUGE 0
Grid : Message : MemoryManager::Init() cache pool for recent device allocations: SMALL 16 LARGE 8 Huge 0
Grid : Message : MemoryManager::Init() cache pool for recent shared allocations: SMALL 16 LARGE 8 Huge 0
Grid : Message : MemoryManager::Init() Non unified: Caching accelerator data in dedicated memory
Grid : Message : MemoryManager::Init() Using cudaMalloc

=============================================
              Initialized GPT                
     Copyright (C) 2020 Christoph Lehner     
=============================================
GPT :       1.815480 s : SU(2)-subgroup heatbath 0 has P = 1.0, R_2x1 = 1.0
GPT :      16.947884 s : SU(2)-subgroup heatbath 1 has P = 0.6947667752526357, R_2x1 = 0.5322647724415364
GPT :      29.807570 s : SU(2)-subgroup heatbath 2 has P = 0.6341432746980296, R_2x1 = 0.4449909270138241
GPT :      42.898521 s : SU(2)-subgroup heatbath 3 has P = 0.6155253346070267, R_2x1 = 0.4177394682216248
GPT :      55.781810 s : SU(2)-subgroup heatbath 4 has P = 0.6073703307233153, R_2x1 = 0.4054546546981832
GPT :      68.640247 s : SU(2)-subgroup heatbath 5 has P = 0.6032822763960016, R_2x1 = 0.39932795283620415
GPT :      81.620615 s : SU(2)-subgroup heatbath 6 has P = 0.6011286841350366, R_2x1 = 0.39585070984857335
GPT :      94.827450 s : SU(2)-subgroup heatbath 7 has P = 0.5992795112434993, R_2x1 = 0.3931617013003102
GPT :     108.486761 s : SU(2)-subgroup heatbath 8 has P = 0.5984310848409694, R_2x1 = 0.39157437699150205
GPT :     121.474900 s : SU(2)-subgroup heatbath 9 has P = 0.597600229759302, R_2x1 = 0.3901659381916766
GPT :     134.190224 s : SU(2)-subgroup heatbath 10 has P = 0.5971830833845122, R_2x1 = 0.38934982975384047
GPT :     147.281523 s : SU(2)-subgroup heatbath 11 has P = 0.5964586248596603, R_2x1 = 0.3883554546983444
GPT :     160.831444 s : SU(2)-subgroup heatbath 12 has P = 0.5960825223115931, R_2x1 = 0.3878259039536975
GPT :     173.990549 s : SU(2)-subgroup heatbath 13 has P = 0.5958073179064629, R_2x1 = 0.387247520721334
GPT :     186.786807 s : SU(2)-subgroup heatbath 14 has P = 0.5960192099103793, R_2x1 = 0.38737569751644985
GPT :     199.915216 s : SU(2)-subgroup heatbath 15 has P = 0.5955813314865687, R_2x1 = 0.38698703813043306
GPT :     212.907459 s : SU(2)-subgroup heatbath 16 has P = 0.5958043616319824, R_2x1 = 0.38702381944915387
GPT :     225.756588 s : SU(2)-subgroup heatbath 17 has P = 0.5955506715529225, R_2x1 = 0.38669939857063756
GPT :     239.245781 s : SU(2)-subgroup heatbath 18 has P = 0.594992645216634, R_2x1 = 0.3862477653798682
GPT :     252.176981 s : SU(2)-subgroup heatbath 19 has P = 0.5948978283786079, R_2x1 = 0.38585659301849207
GPT :     264.903640 s : SU(2)-subgroup heatbath 20 has P = 0.5949006197243186, R_2x1 = 0.3858226801648588
GPT :     278.513412 s : SU(2)-subgroup heatbath 21 has P = 0.595078309224787, R_2x1 = 0.3860523573039111
GPT :     291.944588 s : SU(2)-subgroup heatbath 22 has P = 0.595064489489024, R_2x1 = 0.38609523960684206
GPT :     305.019300 s : SU(2)-subgroup heatbath 23 has P = 0.5948358635983327, R_2x1 = 0.3856318408436014
GPT :     317.741926 s : SU(2)-subgroup heatbath 24 has P = 0.5947964584464988, R_2x1 = 0.3857463942243724
GPT :     329.922170 s : SU(2)-subgroup heatbath 25 has P = 0.5950742260997657, R_2x1 = 0.38589737216414793
GPT :     342.743159 s : SU(2)-subgroup heatbath 26 has P = 0.5948061233810767, R_2x1 = 0.38537151331045644
GPT :     355.512078 s : SU(2)-subgroup heatbath 27 has P = 0.5949440425854304, R_2x1 = 0.38574141171292814
GPT :     368.026871 s : SU(2)-subgroup heatbath 28 has P = 0.5948182287861379, R_2x1 = 0.3857038127770072
GPT :     380.439014 s : SU(2)-subgroup heatbath 29 has P = 0.5946275350610206, R_2x1 = 0.38519409804535604
GPT :     393.339807 s : SU(2)-subgroup heatbath 30 has P = 0.5947482002960539, R_2x1 = 0.3853789580741327
GPT :     406.684506 s : SU(2)-subgroup heatbath 31 has P = 0.5945501267727448, R_2x1 = 0.38505512478584925
GPT :     419.248204 s : SU(2)-subgroup heatbath 32 has P = 0.5947027523759683, R_2x1 = 0.38552899913071353
GPT :     432.076656 s : SU(2)-subgroup heatbath 33 has P = 0.594336677567154, R_2x1 = 0.3850080667725249
GPT :     445.904770 s : SU(2)-subgroup heatbath 34 has P = 0.5944580088452615, R_2x1 = 0.3849742843104935
GPT :     464.840841 s : SU(2)-subgroup heatbath 35 has P = 0.5944094524135883, R_2x1 = 0.38485387083219075
GPT :     477.742941 s : SU(2)-subgroup heatbath 36 has P = 0.5945061268345523, R_2x1 = 0.38505987935652836
GPT :     491.263622 s : SU(2)-subgroup heatbath 37 has P = 0.5945754428768509, R_2x1 = 0.3851485117868173
GPT :     503.870630 s : SU(2)-subgroup heatbath 38 has P = 0.5949516723555685, R_2x1 = 0.38549143259773644
GPT :     516.538948 s : SU(2)-subgroup heatbath 39 has P = 0.5946979430245404, R_2x1 = 0.3854253461301587
GPT :     529.767157 s : SU(2)-subgroup heatbath 40 has P = 0.5949075569391776, R_2x1 = 0.38545906561135196
GPT :     542.944941 s : SU(2)-subgroup heatbath 41 has P = 0.5950361132850253, R_2x1 = 0.3859533765219627
GPT :     555.875850 s : SU(2)-subgroup heatbath 42 has P = 0.5949188005500116, R_2x1 = 0.3856417242829016
GPT :     568.608955 s : SU(2)-subgroup heatbath 43 has P = 0.594703919932435, R_2x1 = 0.3854111231937947
GPT :     580.982522 s : SU(2)-subgroup heatbath 44 has P = 0.5944094566127937, R_2x1 = 0.3847810824306972
GPT :     594.233632 s : SU(2)-subgroup heatbath 45 has P = 0.5944690442796602, R_2x1 = 0.38494564045423596
GPT :     607.036949 s : SU(2)-subgroup heatbath 46 has P = 0.594235851221736, R_2x1 = 0.3845683567129957
GPT :     619.683449 s : SU(2)-subgroup heatbath 47 has P = 0.5943231208217153, R_2x1 = 0.38446941412426505
GPT :     632.286886 s : SU(2)-subgroup heatbath 48 has P = 0.594378174680584, R_2x1 = 0.38481888262155683
GPT :     644.561131 s : SU(2)-subgroup heatbath 49 has P = 0.5945208373702542, R_2x1 = 0.384944150495036
GPT :     658.416908 s : Write 0.177979 GB at 0.145618 GB/s (0.236009 GB/s for distribution, 1.14217 GB/s for writing, 23.6181 GB/s for checksum, 1 writers)
GPT :     658.439450 s : NERSC file format; reading ../../conf/S24T24/wilson_b6.balance
GPT :     658.439466 s :    BEGIN_HEADER
GPT :     658.439473 s : 	HDR_VERSION = 1.0
GPT :     658.439481 s : 	DATATYPE = 4D_SU3_GAUGE_3x3
GPT :     658.439488 s : 	STORAGE_FORMAT =
GPT :     658.439494 s : 	DIMENSION_1 = 24
GPT :     658.439499 s : 	DIMENSION_2 = 24
GPT :     658.439504 s : 	DIMENSION_3 = 24
GPT :     658.439510 s : 	DIMENSION_4 = 24
GPT :     658.439516 s : 	LINK_TRACE = 0.000286260703771522
GPT :     658.439521 s : 	PLAQUETTE  = 0.594531405308626
GPT :     658.439526 s : 	BOUNDARY_1 = PERIODIC
GPT :     658.439531 s : 	BOUNDARY_2 = PERIODIC
GPT :     658.439537 s : 	BOUNDARY_3 = PERIODIC
GPT :     658.439542 s : 	BOUNDARY_4 = PERIODIC
GPT :     658.439546 s : 	CHECKSUM =   62dde25a
GPT :     658.439551 s : 	SCIDAC_CHECKSUMA =          0
GPT :     658.439557 s : 	SCIDAC_CHECKSUMB =          0
GPT :     658.439562 s : 	ENSEMBLE_ID = gpt
GPT :     658.439567 s : 	ENSEMBLE_LABEL =
GPT :     658.439572 s : 	SEQUENCE_NUMBER = 1
GPT :     658.439577 s : 	CREATOR = jinchen
GPT :     658.439582 s : 	CREATOR_HARDWARE = Moonway
GPT :     658.439587 s : 	CREATION_DATE = Tue May 19 22:02:23 2026
GPT :     658.439594 s : 	ARCHIVE_DATE = Tue May 19 22:02:23 2026
GPT :     658.439599 s : 	FLOATING_POINT = IEEE64BIG
GPT :     658.439604 s :    END_HEADER
GPT :     658.830336 s : Read 0.177979 GB at 0.456099 GB/s (0.702625 GB/s for distribution, 1.29998 GB/s for munged read, 20.7712 GB/s for checksum, 3.65587 GB/s for munging, 1 readers)
GPT :     658.919470 s : 0.0
GPT :     658.919558 s : NERSC file format; reading ../../conf/S24T24/wilson_b6.balance
GPT :     658.919568 s :    BEGIN_HEADER
GPT :     658.919574 s : 	HDR_VERSION = 1.0
GPT :     658.919581 s : 	DATATYPE = 4D_SU3_GAUGE_3x3
GPT :     658.919588 s : 	STORAGE_FORMAT =
GPT :     658.919593 s : 	DIMENSION_1 = 24
GPT :     658.919599 s : 	DIMENSION_2 = 24
GPT :     658.919604 s : 	DIMENSION_3 = 24
GPT :     658.919609 s : 	DIMENSION_4 = 24
GPT :     658.919614 s : 	LINK_TRACE = 0.000286260703771522
GPT :     658.919620 s : 	PLAQUETTE  = 0.594531405308626
GPT :     658.919625 s : 	BOUNDARY_1 = PERIODIC
GPT :     658.919630 s : 	BOUNDARY_2 = PERIODIC
GPT :     658.919636 s : 	BOUNDARY_3 = PERIODIC
GPT :     658.919640 s : 	BOUNDARY_4 = PERIODIC
GPT :     658.919645 s : 	CHECKSUM =   62dde25a
GPT :     658.919650 s : 	SCIDAC_CHECKSUMA =          0
GPT :     658.919656 s : 	SCIDAC_CHECKSUMB =          0
GPT :     658.919660 s : 	ENSEMBLE_ID = gpt
GPT :     658.919666 s : 	ENSEMBLE_LABEL =
GPT :     658.919671 s : 	SEQUENCE_NUMBER = 1
GPT :     658.919676 s : 	CREATOR = jinchen
GPT :     658.919681 s : 	CREATOR_HARDWARE = Moonway
GPT :     658.919686 s : 	CREATION_DATE = Tue May 19 22:02:23 2026
GPT :     658.919693 s : 	ARCHIVE_DATE = Tue May 19 22:02:23 2026
GPT :     658.919698 s : 	FLOATING_POINT = IEEE64BIG
GPT :     658.919704 s :    END_HEADER
GPT :     659.350554 s : Read 0.177979 GB at 0.413583 GB/s (0.621098 GB/s for distribution, 1.23791 GB/s for munged read, 23.2589 GB/s for checksum, 3.29933 GB/s for munging, 1 readers)
GPT :     659.694047 s : SU(2)-subgroup heatbath 0 has P = 0.5945314053086256, R_2x1 = 0.3848846687697521
GPT :     673.163486 s : SU(2)-subgroup heatbath 1 has P = 0.5943017120592525, R_2x1 = 0.38475193103926647
GPT :     686.573520 s : SU(2)-subgroup heatbath 2 has P = 0.5942863956543271, R_2x1 = 0.38476178438059533
GPT :     699.824610 s : SU(2)-subgroup heatbath 3 has P = 0.5948260489662661, R_2x1 = 0.38557239943707616
GPT :     713.070445 s : SU(2)-subgroup heatbath 4 has P = 0.5946924798788767, R_2x1 = 0.385368898993212
GPT :     726.146116 s : SU(2)-subgroup heatbath 5 has P = 0.5942270768267374, R_2x1 = 0.38461717484952224
GPT :     739.442032 s : SU(2)-subgroup heatbath 6 has P = 0.5942188657094041, R_2x1 = 0.3846709248748963
GPT :     752.628515 s : SU(2)-subgroup heatbath 7 has P = 0.5944463877581389, R_2x1 = 0.3846771082015286
GPT :     766.151060 s : SU(2)-subgroup heatbath 8 has P = 0.5942460693071956, R_2x1 = 0.38477262382794525
GPT :     779.349466 s : SU(2)-subgroup heatbath 9 has P = 0.5940453686675744, R_2x1 = 0.3845477563179233
GPT :     792.431820 s : SU(2)-subgroup heatbath 10 has P = 0.5944206678166309, R_2x1 = 0.38476944439684946
GPT :     805.804887 s : SU(2)-subgroup heatbath 11 has P = 0.5943792321486497, R_2x1 = 0.38484500097299423
GPT :     819.005794 s : SU(2)-subgroup heatbath 12 has P = 0.5941963770713061, R_2x1 = 0.38449772250847714
GPT :     832.214218 s : SU(2)-subgroup heatbath 13 has P = 0.5941033026834458, R_2x1 = 0.38440729905126525
GPT :     845.717517 s : SU(2)-subgroup heatbath 14 has P = 0.5940028329028703, R_2x1 = 0.3842658567941651
GPT :     858.763430 s : SU(2)-subgroup heatbath 15 has P = 0.5941054397075783, R_2x1 = 0.38438934263568686
GPT :     871.846685 s : SU(2)-subgroup heatbath 16 has P = 0.5940415363520379, R_2x1 = 0.38432066901910517
GPT :     885.401809 s : SU(2)-subgroup heatbath 17 has P = 0.5941103710683805, R_2x1 = 0.38419484698734413
GPT :     898.531133 s : SU(2)-subgroup heatbath 18 has P = 0.5943207966766719, R_2x1 = 0.384745509941054
GPT :     911.975458 s : SU(2)-subgroup heatbath 19 has P = 0.5945245123225397, R_2x1 = 0.38500660367560224
GPT :     929.003099 s : SU(2)-subgroup heatbath 20 has P = 0.5944786771753628, R_2x1 = 0.3850789626841378
GPT :     942.163214 s : SU(2)-subgroup heatbath 21 has P = 0.5946252810555739, R_2x1 = 0.3851344292603616
GPT :     955.476495 s : SU(2)-subgroup heatbath 22 has P = 0.59421293474114, R_2x1 = 0.38461325829427345
GPT :     968.839202 s : SU(2)-subgroup heatbath 23 has P = 0.5942434550689372, R_2x1 = 0.3845388871713432
GPT :     982.272247 s : SU(2)-subgroup heatbath 24 has P = 0.594064964305877, R_2x1 = 0.38430219845633196
GPT :     995.089608 s : SU(2)-subgroup heatbath 25 has P = 0.5941822434680413, R_2x1 = 0.3845679701480868
GPT :    1008.691835 s : SU(2)-subgroup heatbath 26 has P = 0.593891620621587, R_2x1 = 0.38405854172588255
GPT :    1021.923707 s : SU(2)-subgroup heatbath 27 has P = 0.5942764285671279, R_2x1 = 0.38447343559903074
GPT :    1035.720413 s : SU(2)-subgroup heatbath 28 has P = 0.5944099469063655, R_2x1 = 0.38491996428321357
GPT :    1049.134208 s : SU(2)-subgroup heatbath 29 has P = 0.5942720298758465, R_2x1 = 0.38475410677503386
GPT :    1062.292906 s : SU(2)-subgroup heatbath 30 has P = 0.5940200958430762, R_2x1 = 0.38446602624363607
GPT :    1075.808423 s : SU(2)-subgroup heatbath 31 has P = 0.5939326085985354, R_2x1 = 0.38420166060907385
GPT :    1089.257289 s : SU(2)-subgroup heatbath 32 has P = 0.5942806589761434, R_2x1 = 0.3844292325351017
GPT :    1102.361197 s : SU(2)-subgroup heatbath 33 has P = 0.5939547013067076, R_2x1 = 0.3841371622848358
GPT :    1116.187677 s : SU(2)-subgroup heatbath 34 has P = 0.5940181006305535, R_2x1 = 0.3847133514990679
GPT :    1129.401955 s : SU(2)-subgroup heatbath 35 has P = 0.5941224002779285, R_2x1 = 0.38437943972492933
GPT :    1142.795878 s : SU(2)-subgroup heatbath 36 has P = 0.5940474079400395, R_2x1 = 0.38437718288757555
GPT :    1156.199904 s : SU(2)-subgroup heatbath 37 has P = 0.5942617543936624, R_2x1 = 0.384417583557582
GPT :    1169.078534 s : SU(2)-subgroup heatbath 38 has P = 0.593872844274955, R_2x1 = 0.3842755082867125
GPT :    1182.317244 s : SU(2)-subgroup heatbath 39 has P = 0.5941370398891165, R_2x1 = 0.3842847881556966
GPT :    1196.818681 s : Write 0.177979 GB at 0.141638 GB/s (0.227648 GB/s for distribution, 1.1256 GB/s for writing, 23.6825 GB/s for checksum, 1 writers)
GPT :    1197.088099 s : SU(2)-subgroup heatbath 40 has P = 0.5944616525403964, R_2x1 = 0.3848010546774128
GPT :    1210.138707 s : SU(2)-subgroup heatbath 41 has P = 0.5941660493441961, R_2x1 = 0.38444024692602896
GPT :    1223.550448 s : SU(2)-subgroup heatbath 42 has P = 0.5941969514153002, R_2x1 = 0.3846307869250716
GPT :    1236.715652 s : SU(2)-subgroup heatbath 43 has P = 0.5942140410719452, R_2x1 = 0.3845948888923182
GPT :    1249.864327 s : SU(2)-subgroup heatbath 44 has P = 0.5941285731608018, R_2x1 = 0.3844983728855903
GPT :    1263.272110 s : SU(2)-subgroup heatbath 45 has P = 0.5942066491244732, R_2x1 = 0.3844814619658857
GPT :    1276.189804 s : SU(2)-subgroup heatbath 46 has P = 0.5941112757777429, R_2x1 = 0.384254115380284
GPT :    1289.790304 s : SU(2)-subgroup heatbath 47 has P = 0.593974962334652, R_2x1 = 0.3843090874110835
GPT :    1302.795497 s : SU(2)-subgroup heatbath 48 has P = 0.5939574337645162, R_2x1 = 0.38409109385333867
GPT :    1316.811307 s : SU(2)-subgroup heatbath 49 has P = 0.5937334988998265, R_2x1 = 0.38401084644797356
GPT :    1330.023676 s : SU(2)-subgroup heatbath 50 has P = 0.5938887448088309, R_2x1 = 0.3842907982042424
GPT :    1343.305642 s : SU(2)-subgroup heatbath 51 has P = 0.5942422942649792, R_2x1 = 0.3843987522375089
GPT :    1356.985170 s : SU(2)-subgroup heatbath 52 has P = 0.5942882703433473, R_2x1 = 0.3845622297417429
GPT :    1369.938111 s : SU(2)-subgroup heatbath 53 has P = 0.5944532594279291, R_2x1 = 0.38500488425314944
GPT :    1383.430169 s : SU(2)-subgroup heatbath 54 has P = 0.5943756917765197, R_2x1 = 0.3844560448980659
GPT :    1396.759028 s : SU(2)-subgroup heatbath 55 has P = 0.5939279427926134, R_2x1 = 0.38428365369133044
GPT :    1410.325691 s : SU(2)-subgroup heatbath 56 has P = 0.5941373029274354, R_2x1 = 0.3844328707969442
GPT :    1423.735340 s : SU(2)-subgroup heatbath 57 has P = 0.5942124189816489, R_2x1 = 0.3846450838735672
GPT :    1437.066434 s : SU(2)-subgroup heatbath 58 has P = 0.5939651697546974, R_2x1 = 0.38436099725757505
GPT :    1450.805366 s : SU(2)-subgroup heatbath 59 has P = 0.5939881239719089, R_2x1 = 0.38393563625636645
GPT :    1463.927758 s : SU(2)-subgroup heatbath 60 has P = 0.5936376726946557, R_2x1 = 0.3836723392522919
GPT :    1477.119783 s : SU(2)-subgroup heatbath 61 has P = 0.5939818504531859, R_2x1 = 0.3841248560893592
GPT :    1490.459738 s : SU(2)-subgroup heatbath 62 has P = 0.5939277492976522, R_2x1 = 0.38398937414185935
GPT :    1503.924084 s : SU(2)-subgroup heatbath 63 has P = 0.594020314055581, R_2x1 = 0.38406292000942205
GPT :    1516.962630 s : SU(2)-subgroup heatbath 64 has P = 0.5939292510881805, R_2x1 = 0.3840576769595934
GPT :    1529.232572 s : SU(2)-subgroup heatbath 65 has P = 0.5940941386374312, R_2x1 = 0.3842139595571484
GPT :    1541.648275 s : SU(2)-subgroup heatbath 66 has P = 0.5938645705502, R_2x1 = 0.38428785115759
GPT :    1553.964696 s : SU(2)-subgroup heatbath 67 has P = 0.5938419760644368, R_2x1 = 0.38405127258240773
GPT :    1566.605691 s : SU(2)-subgroup heatbath 68 has P = 0.5941061771537502, R_2x1 = 0.38425313752521256
GPT :    1579.620466 s : SU(2)-subgroup heatbath 69 has P = 0.5942186567924267, R_2x1 = 0.3843917630851032
GPT :    1592.194172 s : SU(2)-subgroup heatbath 70 has P = 0.5943806490089845, R_2x1 = 0.3845540349675454
GPT :    1604.159753 s : SU(2)-subgroup heatbath 71 has P = 0.5939218476442428, R_2x1 = 0.3838926402896593
GPT :    1616.302773 s : SU(2)-subgroup heatbath 72 has P = 0.5935884545081385, R_2x1 = 0.38337793752560545
GPT :    1628.833912 s : SU(2)-subgroup heatbath 73 has P = 0.5936022148553893, R_2x1 = 0.38369483098430684
GPT :    1641.553386 s : SU(2)-subgroup heatbath 74 has P = 0.5940031361570105, R_2x1 = 0.38418976884876954
GPT :    1654.614908 s : SU(2)-subgroup heatbath 75 has P = 0.594282091909555, R_2x1 = 0.3843236302451165
GPT :    1667.769501 s : SU(2)-subgroup heatbath 76 has P = 0.5941689283271924, R_2x1 = 0.3844419145661308
GPT :    1681.449791 s : SU(2)-subgroup heatbath 77 has P = 0.5941804884996399, R_2x1 = 0.38430722459524397
GPT :    1698.185750 s : SU(2)-subgroup heatbath 78 has P = 0.5942098227698122, R_2x1 = 0.3845830044381673
GPT :    1719.377725 s : SU(2)-subgroup heatbath 79 has P = 0.5944051137744643, R_2x1 = 0.3845078151284667
GPT :    1742.851562 s : Write 0.177979 GB at 0.152627 GB/s (0.253678 GB/s for distribution, 1.20129 GB/s for writing, 24.4328 GB/s for checksum, 1 writers)
GPT :    1743.123991 s : SU(2)-subgroup heatbath 80 has P = 0.5938354964130352, R_2x1 = 0.3840612969775492
GPT :    1767.457683 s : SU(2)-subgroup heatbath 81 has P = 0.5938520880646344, R_2x1 = 0.38385999323317055
GPT :    1792.445723 s : SU(2)-subgroup heatbath 82 has P = 0.5936797542915419, R_2x1 = 0.3837993531844549
GPT :    1816.889422 s : SU(2)-subgroup heatbath 83 has P = 0.5938387589154335, R_2x1 = 0.38400100903340395
GPT :    1840.543455 s : SU(2)-subgroup heatbath 84 has P = 0.5939204295703812, R_2x1 = 0.38419450233711017
GPT :    1863.805079 s : SU(2)-subgroup heatbath 85 has P = 0.5942105873863319, R_2x1 = 0.38434472171262246
GPT :    1884.621629 s : SU(2)-subgroup heatbath 86 has P = 0.593841954891032, R_2x1 = 0.38413828285441814
GPT :    1904.760632 s : SU(2)-subgroup heatbath 87 has P = 0.5938956391559133, R_2x1 = 0.38401419326392405
GPT :    1928.885698 s : SU(2)-subgroup heatbath 88 has P = 0.59384776027204, R_2x1 = 0.38382266350934213
GPT :    1953.217752 s : SU(2)-subgroup heatbath 89 has P = 0.5935871000016385, R_2x1 = 0.383630465050263
GPT :    1977.070958 s : SU(2)-subgroup heatbath 90 has P = 0.5936447919691872, R_2x1 = 0.3835903979439457
GPT :    2000.501342 s : SU(2)-subgroup heatbath 91 has P = 0.5936808561839381, R_2x1 = 0.3839273010123359
GPT :    2023.213084 s : SU(2)-subgroup heatbath 92 has P = 0.5936855000140054, R_2x1 = 0.3837634845498497
GPT :    2039.518151 s : SU(2)-subgroup heatbath 93 has P = 0.5936195751694112, R_2x1 = 0.383916756933431
GPT :    2054.477839 s : SU(2)-subgroup heatbath 94 has P = 0.5936683805065996, R_2x1 = 0.3836431196336519
GPT :    2069.984891 s : SU(2)-subgroup heatbath 95 has P = 0.5937114773622577, R_2x1 = 0.3837542072328099
GPT :    2094.681378 s : SU(2)-subgroup heatbath 96 has P = 0.5936191607876152, R_2x1 = 0.3835237596903428
GPT :    2109.962836 s : SU(2)-subgroup heatbath 97 has P = 0.5936344847610548, R_2x1 = 0.38363897144631226
GPT :    2122.484039 s : SU(2)-subgroup heatbath 98 has P = 0.5935324230252244, R_2x1 = 0.3832455831097939
GPT :    2135.172243 s : SU(2)-subgroup heatbath 99 has P = 0.5939877303217809, R_2x1 = 0.3838641679801976
GPT :    2147.970797 s : SU(2)-subgroup heatbath 100 has P = 0.5936348072913024, R_2x1 = 0.3835484022706608
GPT :    2160.422800 s : SU(2)-subgroup heatbath 101 has P = 0.5937242688783856, R_2x1 = 0.38394214312377534
GPT :    2172.630888 s : SU(2)-subgroup heatbath 102 has P = 0.5940448946384118, R_2x1 = 0.3839871257370033
GPT :    2185.394888 s : SU(2)-subgroup heatbath 103 has P = 0.593567700126861, R_2x1 = 0.3833313169382284
GPT :    2197.700350 s : SU(2)-subgroup heatbath 104 has P = 0.593737913625547, R_2x1 = 0.38385871229043766
GPT :    2211.366809 s : SU(2)-subgroup heatbath 105 has P = 0.5939534364275324, R_2x1 = 0.38387470986143285
GPT :    2233.208923 s : SU(2)-subgroup heatbath 106 has P = 0.5939254220643176, R_2x1 = 0.38404623669816096
GPT :    2256.245039 s : SU(2)-subgroup heatbath 107 has P = 0.5941064757345706, R_2x1 = 0.3844518967767679
GPT :    2268.527774 s : SU(2)-subgroup heatbath 108 has P = 0.5939690116569156, R_2x1 = 0.3839533190310552
GPT :    2280.869828 s : SU(2)-subgroup heatbath 109 has P = 0.5940488117754839, R_2x1 = 0.38423972981266624
GPT :    2293.281549 s : SU(2)-subgroup heatbath 110 has P = 0.5938071310105065, R_2x1 = 0.38400971942639317
GPT :    2305.759049 s : SU(2)-subgroup heatbath 111 has P = 0.593609244655665, R_2x1 = 0.3835289999295559
GPT :    2318.115474 s : SU(2)-subgroup heatbath 112 has P = 0.5936069193745521, R_2x1 = 0.3835177404715284
GPT :    2330.451515 s : SU(2)-subgroup heatbath 113 has P = 0.593572863236197, R_2x1 = 0.3835350188102437
GPT :    2342.887792 s : SU(2)-subgroup heatbath 114 has P = 0.5935425836562344, R_2x1 = 0.3833605544192686
GPT :    2355.313419 s : SU(2)-subgroup heatbath 115 has P = 0.5937886205748486, R_2x1 = 0.38376598719490246
GPT :    2367.985157 s : SU(2)-subgroup heatbath 116 has P = 0.5939269758626576, R_2x1 = 0.38377855480000356
GPT :    2380.359434 s : SU(2)-subgroup heatbath 117 has P = 0.5939598144433799, R_2x1 = 0.3839972970531966
GPT :    2392.954318 s : SU(2)-subgroup heatbath 118 has P = 0.5937904492405954, R_2x1 = 0.38374319941979546
GPT :    2405.087928 s : SU(2)-subgroup heatbath 119 has P = 0.5937101823097384, R_2x1 = 0.3838222921486635
GPT :    2418.535528 s : Write 0.177979 GB at 0.136337 GB/s (0.213826 GB/s for distribution, 1.16864 GB/s for writing, 24.2345 GB/s for checksum, 1 writers)
GPT :    2418.815882 s : SU(2)-subgroup heatbath 120 has P = 0.5939503535331999, R_2x1 = 0.38392419889983287
GPT :    2431.467723 s : SU(2)-subgroup heatbath 121 has P = 0.5936568799586178, R_2x1 = 0.3835510874843244
GPT :    2456.174616 s : SU(2)-subgroup heatbath 122 has P = 0.5937665699014324, R_2x1 = 0.3835237554292115
GPT :    2480.679706 s : SU(2)-subgroup heatbath 123 has P = 0.5937281242086485, R_2x1 = 0.3836368887355032
GPT :    2505.699522 s : SU(2)-subgroup heatbath 124 has P = 0.5938900817995784, R_2x1 = 0.3842037352396873
GPT :    2529.610557 s : SU(2)-subgroup heatbath 125 has P = 0.5937254638971801, R_2x1 = 0.38399127985107034
GPT :    2553.120739 s : SU(2)-subgroup heatbath 126 has P = 0.5936315122909172, R_2x1 = 0.38358655954848037
GPT :    2574.071832 s : SU(2)-subgroup heatbath 127 has P = 0.5936720030037584, R_2x1 = 0.3834161974428763
GPT :    2587.003552 s : SU(2)-subgroup heatbath 128 has P = 0.5933936315121562, R_2x1 = 0.3831011613083433
GPT :    2600.327858 s : SU(2)-subgroup heatbath 129 has P = 0.5937928991811053, R_2x1 = 0.3839114198188593
GPT :    2612.827952 s : SU(2)-subgroup heatbath 130 has P = 0.5940629578006887, R_2x1 = 0.3841602433577755
GPT :    2625.382262 s : SU(2)-subgroup heatbath 131 has P = 0.5938025274163602, R_2x1 = 0.3839322016381262
GPT :    2638.129313 s : SU(2)-subgroup heatbath 132 has P = 0.5939831615980948, R_2x1 = 0.38407392067447615
GPT :    2650.610332 s : SU(2)-subgroup heatbath 133 has P = 0.5937847039136825, R_2x1 = 0.3838655693993576
GPT :    2663.001312 s : SU(2)-subgroup heatbath 134 has P = 0.5935191778234798, R_2x1 = 0.38336999409535566
GPT :    2675.855539 s : SU(2)-subgroup heatbath 135 has P = 0.5940011083984146, R_2x1 = 0.3842260136434089
GPT :    2688.506609 s : SU(2)-subgroup heatbath 136 has P = 0.593828698100714, R_2x1 = 0.3836857742416427
GPT :    2700.625918 s : SU(2)-subgroup heatbath 137 has P = 0.593778184054277, R_2x1 = 0.3840341023944786
GPT :    2713.365698 s : SU(2)-subgroup heatbath 138 has P = 0.5939489610871248, R_2x1 = 0.38397322062289985
GPT :    2725.607740 s : SU(2)-subgroup heatbath 139 has P = 0.59395261495764, R_2x1 = 0.383978511653432
GPT :    2737.965905 s : SU(2)-subgroup heatbath 140 has P = 0.5942971823879138, R_2x1 = 0.38429674151739285
GPT :    2750.279034 s : SU(2)-subgroup heatbath 141 has P = 0.5939665913207511, R_2x1 = 0.3839117315066687
GPT :    2762.330772 s : SU(2)-subgroup heatbath 142 has P = 0.5938630883320625, R_2x1 = 0.3839073159654494
GPT :    2774.731926 s : SU(2)-subgroup heatbath 143 has P = 0.5938995561128196, R_2x1 = 0.38428337221409953
GPT :    2787.013906 s : SU(2)-subgroup heatbath 144 has P = 0.5937614334332052, R_2x1 = 0.38384331793751125
GPT :    2799.614650 s : SU(2)-subgroup heatbath 145 has P = 0.5942228038264029, R_2x1 = 0.3844836199579507
GPT :    2812.082753 s : SU(2)-subgroup heatbath 146 has P = 0.5938152742482953, R_2x1 = 0.3837008381536596
GPT :    2824.406151 s : SU(2)-subgroup heatbath 147 has P = 0.5940135042469485, R_2x1 = 0.384115578595727
GPT :    2836.829895 s : SU(2)-subgroup heatbath 148 has P = 0.5936591567517313, R_2x1 = 0.38370555221344893
GPT :    2849.077728 s : SU(2)-subgroup heatbath 149 has P = 0.5937076304381005, R_2x1 = 0.38377131871537634
GPT :    2861.364704 s : SU(2)-subgroup heatbath 150 has P = 0.5941325957593412, R_2x1 = 0.3842664111993085
GPT :    2873.967302 s : SU(2)-subgroup heatbath 151 has P = 0.5937887126774936, R_2x1 = 0.38373875656015655
GPT :    2885.702313 s : SU(2)-subgroup heatbath 152 has P = 0.5937714936830278, R_2x1 = 0.38393833409684097
GPT :    2898.079477 s : SU(2)-subgroup heatbath 153 has P = 0.5936768496553647, R_2x1 = 0.38355770998826966
GPT :    2910.615336 s : SU(2)-subgroup heatbath 154 has P = 0.593406784246872, R_2x1 = 0.38318463808661196
GPT :    2922.872102 s : SU(2)-subgroup heatbath 155 has P = 0.5935199098536647, R_2x1 = 0.3837205927266188
GPT :    2936.105095 s : SU(2)-subgroup heatbath 156 has P = 0.5935099911198828, R_2x1 = 0.3834720583924604
GPT :    2949.326516 s : SU(2)-subgroup heatbath 157 has P = 0.5938602075424969, R_2x1 = 0.38366690198686404
GPT :    2962.694953 s : SU(2)-subgroup heatbath 158 has P = 0.5940935519829326, R_2x1 = 0.3841648468092288
GPT :    2976.024924 s : SU(2)-subgroup heatbath 159 has P = 0.5937667084122576, R_2x1 = 0.38388803731937704
GPT :    2990.235850 s : Write 0.177979 GB at 0.132311 GB/s (0.207446 GB/s for distribution, 1.14355 GB/s for writing, 23.8589 GB/s for checksum, 1 writers)
GPT :    2990.509029 s : SU(2)-subgroup heatbath 160 has P = 0.5939432468760394, R_2x1 = 0.3836091975581361
GPT :    3003.752513 s : SU(2)-subgroup heatbath 161 has P = 0.5941651597660843, R_2x1 = 0.3838798934324287
GPT :    3016.976759 s : SU(2)-subgroup heatbath 162 has P = 0.5941348022926479, R_2x1 = 0.3839532049667501
GPT :    3030.042450 s : SU(2)-subgroup heatbath 163 has P = 0.594061527494661, R_2x1 = 0.3838595305086965
GPT :    3042.592955 s : SU(2)-subgroup heatbath 164 has P = 0.5937948033561324, R_2x1 = 0.38386260321423993
GPT :    3055.546147 s : SU(2)-subgroup heatbath 165 has P = 0.5940376277578806, R_2x1 = 0.3839831521435689
GPT :    3068.772542 s : SU(2)-subgroup heatbath 166 has P = 0.5938073336382285, R_2x1 = 0.3837646165296049
GPT :    3082.192527 s : SU(2)-subgroup heatbath 167 has P = 0.5936964195024521, R_2x1 = 0.383639750486966
GPT :    3095.604015 s : SU(2)-subgroup heatbath 168 has P = 0.5936815370565995, R_2x1 = 0.3836564130476186
GPT :    3108.924883 s : SU(2)-subgroup heatbath 169 has P = 0.5939156781654159, R_2x1 = 0.38388723639931455
GPT :    3122.343276 s : SU(2)-subgroup heatbath 170 has P = 0.5938591581951179, R_2x1 = 0.3837513026111984
GPT :    3135.619530 s : SU(2)-subgroup heatbath 171 has P = 0.5939598122817016, R_2x1 = 0.38414629800980804
GPT :    3148.583984 s : SU(2)-subgroup heatbath 172 has P = 0.5940666382571631, R_2x1 = 0.38420490573872323
GPT :    3161.851013 s : SU(2)-subgroup heatbath 173 has P = 0.5938926344071884, R_2x1 = 0.3841292971844432
GPT :    3175.245047 s : SU(2)-subgroup heatbath 174 has P = 0.594189112063864, R_2x1 = 0.3840970697130347
GPT :    3189.121491 s : SU(2)-subgroup heatbath 175 has P = 0.5940912155998405, R_2x1 = 0.3842737718200807
GPT :    3202.792901 s : SU(2)-subgroup heatbath 176 has P = 0.5939215638135612, R_2x1 = 0.38379157876917425
GPT :    3215.911249 s : SU(2)-subgroup heatbath 177 has P = 0.5937139676541621, R_2x1 = 0.38370956278776425
GPT :    3228.972467 s : SU(2)-subgroup heatbath 178 has P = 0.5941621985195633, R_2x1 = 0.38447446724243317
GPT :    3242.069233 s : SU(2)-subgroup heatbath 179 has P = 0.5940169500257667, R_2x1 = 0.3842596452429606
GPT :    3254.862319 s : SU(2)-subgroup heatbath 180 has P = 0.5941220529458088, R_2x1 = 0.3844341124809793
GPT :    3267.498666 s : SU(2)-subgroup heatbath 181 has P = 0.5938652030080117, R_2x1 = 0.383975590290714
GPT :    3280.351975 s : SU(2)-subgroup heatbath 182 has P = 0.5937609437096352, R_2x1 = 0.38360221214199647
GPT :    3293.415234 s : SU(2)-subgroup heatbath 183 has P = 0.5937776801608916, R_2x1 = 0.38387874435759245
GPT :    3306.360277 s : SU(2)-subgroup heatbath 184 has P = 0.5936463277135472, R_2x1 = 0.3837032288738683
GPT :    3319.345341 s : SU(2)-subgroup heatbath 185 has P = 0.5933603974071119, R_2x1 = 0.3834424167588072
GPT :    3331.838940 s : SU(2)-subgroup heatbath 186 has P = 0.5938174549264159, R_2x1 = 0.3838235635770643
GPT :    3344.592980 s : SU(2)-subgroup heatbath 187 has P = 0.5939958326212759, R_2x1 = 0.38402388654118746
GPT :    3357.548392 s : SU(2)-subgroup heatbath 188 has P = 0.5938979504507153, R_2x1 = 0.38404921405707837
GPT :    3370.636354 s : SU(2)-subgroup heatbath 189 has P = 0.5940117208964332, R_2x1 = 0.3840508830611981
GPT :    3383.559616 s : SU(2)-subgroup heatbath 190 has P = 0.59394268023284, R_2x1 = 0.38397662066830224
GPT :    3396.768522 s : SU(2)-subgroup heatbath 191 has P = 0.5938053555322217, R_2x1 = 0.3837574970986765
GPT :    3409.644069 s : SU(2)-subgroup heatbath 192 has P = 0.5938291834202042, R_2x1 = 0.38395852569313976
GPT :    3422.780348 s : SU(2)-subgroup heatbath 193 has P = 0.5941091656386712, R_2x1 = 0.3842761814833789
GPT :    3435.776478 s : SU(2)-subgroup heatbath 194 has P = 0.5938313961820741, R_2x1 = 0.38400065225595587
GPT :    3448.374297 s : SU(2)-subgroup heatbath 195 has P = 0.5939059335314315, R_2x1 = 0.38409408361873526
GPT :    3460.994301 s : SU(2)-subgroup heatbath 196 has P = 0.5944235137523972, R_2x1 = 0.384469690475342
GPT :    3473.807394 s : SU(2)-subgroup heatbath 197 has P = 0.5940741612648133, R_2x1 = 0.3845530659016793
GPT :    3486.646312 s : SU(2)-subgroup heatbath 198 has P = 0.5943574436542536, R_2x1 = 0.3845372802838193
GPT :    3498.801433 s : SU(2)-subgroup heatbath 199 has P = 0.5942252443615351, R_2x1 = 0.3841795694903758
GPT :    3512.080490 s : Write 0.177979 GB at 0.147571 GB/s (0.251049 GB/s for distribution, 1.18316 GB/s for writing, 14.5286 GB/s for checksum, 1 writers)
GPT :    3512.359304 s : SU(2)-subgroup heatbath 200 has P = 0.593997306855891, R_2x1 = 0.38388667762868134
GPT :    3524.742687 s : SU(2)-subgroup heatbath 201 has P = 0.5937913928280968, R_2x1 = 0.38345930229220965
GPT :    3537.013119 s : SU(2)-subgroup heatbath 202 has P = 0.593475888880861, R_2x1 = 0.38321908953488326
GPT :    3549.610001 s : SU(2)-subgroup heatbath 203 has P = 0.5934315530582683, R_2x1 = 0.38315739572348545
GPT :    3562.031847 s : SU(2)-subgroup heatbath 204 has P = 0.5934717797951109, R_2x1 = 0.3830578450210899
GPT :    3574.819270 s : SU(2)-subgroup heatbath 205 has P = 0.5931676124883598, R_2x1 = 0.3829419673085012
GPT :    3587.638130 s : SU(2)-subgroup heatbath 206 has P = 0.5934011577890793, R_2x1 = 0.38334595484578193
GPT :    3600.627516 s : SU(2)-subgroup heatbath 207 has P = 0.5937749640915365, R_2x1 = 0.38354485318883796
GPT :    3613.093434 s : SU(2)-subgroup heatbath 208 has P = 0.5936634300851982, R_2x1 = 0.38380447141421664
GPT :    3626.205427 s : SU(2)-subgroup heatbath 209 has P = 0.5937729065571246, R_2x1 = 0.3837746786896929
GPT :    3638.915038 s : SU(2)-subgroup heatbath 210 has P = 0.5937045845337113, R_2x1 = 0.3835215260752612
GPT :    3651.826047 s : SU(2)-subgroup heatbath 211 has P = 0.5936368994524738, R_2x1 = 0.3834391671508639
GPT :    3664.613111 s : SU(2)-subgroup heatbath 212 has P = 0.5938730055775193, R_2x1 = 0.38375159578449847
GPT :    3677.532151 s : SU(2)-subgroup heatbath 213 has P = 0.5937099983264785, R_2x1 = 0.3838288154626475
GPT :    3690.568613 s : SU(2)-subgroup heatbath 214 has P = 0.5939266930775368, R_2x1 = 0.3841680123430787
GPT :    3703.527966 s : SU(2)-subgroup heatbath 215 has P = 0.5939421326277529, R_2x1 = 0.3837564595873602
GPT :    3716.197167 s : SU(2)-subgroup heatbath 216 has P = 0.5938202805421536, R_2x1 = 0.38369691556915425
GPT :    3728.953531 s : SU(2)-subgroup heatbath 217 has P = 0.593706548100163, R_2x1 = 0.3839904039707918
GPT :    3741.867491 s : SU(2)-subgroup heatbath 218 has P = 0.5935664646307123, R_2x1 = 0.3833406622313112
GPT :    3754.879815 s : SU(2)-subgroup heatbath 219 has P = 0.5931815702445241, R_2x1 = 0.38308664526641856
GPT :    3767.325492 s : SU(2)-subgroup heatbath 220 has P = 0.5938374486490601, R_2x1 = 0.3839736429867714
GPT :    3780.356025 s : SU(2)-subgroup heatbath 221 has P = 0.593774733606122, R_2x1 = 0.3837953066579163
GPT :    3793.229882 s : SU(2)-subgroup heatbath 222 has P = 0.5936975086441901, R_2x1 = 0.3837412501015798
GPT :    3806.012472 s : SU(2)-subgroup heatbath 223 has P = 0.593707197929851, R_2x1 = 0.3837045060131282
GPT :    3818.877176 s : SU(2)-subgroup heatbath 224 has P = 0.5937684289036816, R_2x1 = 0.38372645838600566
GPT :    3831.408293 s : SU(2)-subgroup heatbath 225 has P = 0.5938687223784448, R_2x1 = 0.38381447040264205
GPT :    3844.449712 s : SU(2)-subgroup heatbath 226 has P = 0.5939104049326301, R_2x1 = 0.38380754280101104
GPT :    3857.186099 s : SU(2)-subgroup heatbath 227 has P = 0.5940076016983455, R_2x1 = 0.38401468413381834
GPT :    3870.171997 s : SU(2)-subgroup heatbath 228 has P = 0.5939076535936284, R_2x1 = 0.38365543403049224
GPT :    3882.830239 s : SU(2)-subgroup heatbath 229 has P = 0.5935741436683221, R_2x1 = 0.3834594680482273
GPT :    3895.125298 s : SU(2)-subgroup heatbath 230 has P = 0.5936640683736103, R_2x1 = 0.3835448274817544
GPT :    3908.318034 s : SU(2)-subgroup heatbath 231 has P = 0.5933597083276331, R_2x1 = 0.3830312099666933
GPT :    3921.119859 s : SU(2)-subgroup heatbath 232 has P = 0.5933259812769563, R_2x1 = 0.3831127073109333
GPT :    3933.903669 s : SU(2)-subgroup heatbath 233 has P = 0.5934040241879627, R_2x1 = 0.3832446306054032
GPT :    3946.779935 s : SU(2)-subgroup heatbath 234 has P = 0.5936585981788921, R_2x1 = 0.3834495843751452
GPT :    3959.532714 s : SU(2)-subgroup heatbath 235 has P = 0.5935871242499592, R_2x1 = 0.3834407313457592
GPT :    3972.507540 s : SU(2)-subgroup heatbath 236 has P = 0.5933966357533519, R_2x1 = 0.38314118000008385
GPT :    3985.642227 s : SU(2)-subgroup heatbath 237 has P = 0.5934769800660125, R_2x1 = 0.3834168752565572
GPT :    3998.758654 s : SU(2)-subgroup heatbath 238 has P = 0.5932973062744977, R_2x1 = 0.3830232268952285
GPT :    4012.219242 s : SU(2)-subgroup heatbath 239 has P = 0.5934242117145049, R_2x1 = 0.3831891665828889
GPT :    4026.201878 s : Write 0.177979 GB at 0.153299 GB/s (0.25532 GB/s for distribution, 1.18896 GB/s for writing, 24.2385 GB/s for checksum, 1 writers)
GPT :    4026.479942 s : SU(2)-subgroup heatbath 240 has P = 0.5932123099750781, R_2x1 = 0.3831989277792315
GPT :    4039.650022 s : SU(2)-subgroup heatbath 241 has P = 0.5932986019006259, R_2x1 = 0.38330238350386175
GPT :    4052.468369 s : SU(2)-subgroup heatbath 242 has P = 0.5932595303720503, R_2x1 = 0.38336372072631364
GPT :    4065.252211 s : SU(2)-subgroup heatbath 243 has P = 0.5941775899208939, R_2x1 = 0.3843633488459697
GPT :    4078.432823 s : SU(2)-subgroup heatbath 244 has P = 0.5941436599245853, R_2x1 = 0.3842282529655231
GPT :    4091.501207 s : SU(2)-subgroup heatbath 245 has P = 0.5933762806492343, R_2x1 = 0.38322670215547955
GPT :    4104.499563 s : SU(2)-subgroup heatbath 246 has P = 0.5936502202319244, R_2x1 = 0.38337497077573013
GPT :    4117.844671 s : SU(2)-subgroup heatbath 247 has P = 0.593630368965311, R_2x1 = 0.3834564423971337
GPT :    4130.491263 s : SU(2)-subgroup heatbath 248 has P = 0.5935945761737739, R_2x1 = 0.3833784881424221
GPT :    4143.564165 s : SU(2)-subgroup heatbath 249 has P = 0.5931037587379899, R_2x1 = 0.38275484466057097
GPT :    4156.391487 s : SU(2)-subgroup heatbath 250 has P = 0.5935491264242311, R_2x1 = 0.38354246130359104
GPT :    4169.578528 s : SU(2)-subgroup heatbath 251 has P = 0.593495209762909, R_2x1 = 0.3833816496289942
GPT :    4182.581043 s : SU(2)-subgroup heatbath 252 has P = 0.5931990773313455, R_2x1 = 0.3827844074207931
GPT :    4195.612726 s : SU(2)-subgroup heatbath 253 has P = 0.5933539211072517, R_2x1 = 0.3832053876588669
GPT :    4208.663466 s : SU(2)-subgroup heatbath 254 has P = 0.593322906769482, R_2x1 = 0.3831837711005393
GPT :    4221.405231 s : SU(2)-subgroup heatbath 255 has P = 0.5934229984075635, R_2x1 = 0.3835741070708843
GPT :    4233.351234 s : SU(2)-subgroup heatbath 256 has P = 0.5937103205754314, R_2x1 = 0.38368162325505895
GPT :    4245.635182 s : SU(2)-subgroup heatbath 257 has P = 0.5937071627737552, R_2x1 = 0.3838579593872342
GPT :    4257.675091 s : SU(2)-subgroup heatbath 258 has P = 0.5936400788852966, R_2x1 = 0.38369888816079206
GPT :    4269.920164 s : SU(2)-subgroup heatbath 259 has P = 0.5935184290654909, R_2x1 = 0.38342852409873374
GPT :    4282.584289 s : SU(2)-subgroup heatbath 260 has P = 0.5936557387310956, R_2x1 = 0.3836656894524439
GPT :    4295.278751 s : SU(2)-subgroup heatbath 261 has P = 0.5934248232041072, R_2x1 = 0.3831983612528341
GPT :    4308.029578 s : SU(2)-subgroup heatbath 262 has P = 0.5939400463269385, R_2x1 = 0.38392202366029793
GPT :    4320.481513 s : SU(2)-subgroup heatbath 263 has P = 0.5938623084309892, R_2x1 = 0.38403046425737
GPT :    4332.954241 s : SU(2)-subgroup heatbath 264 has P = 0.5936037313326509, R_2x1 = 0.38346349211673175
GPT :    4345.566186 s : SU(2)-subgroup heatbath 265 has P = 0.5937237775235585, R_2x1 = 0.3837076315208799
GPT :    4358.367517 s : SU(2)-subgroup heatbath 266 has P = 0.593578972853216, R_2x1 = 0.38371588167300535
GPT :    4371.028547 s : SU(2)-subgroup heatbath 267 has P = 0.5936405223391029, R_2x1 = 0.38381777011563917
GPT :    4383.549695 s : SU(2)-subgroup heatbath 268 has P = 0.5934027475871666, R_2x1 = 0.38363958450951124
GPT :    4396.088763 s : SU(2)-subgroup heatbath 269 has P = 0.5939284148133775, R_2x1 = 0.3839469755719223
GPT :    4408.979620 s : SU(2)-subgroup heatbath 270 has P = 0.5937198561620104, R_2x1 = 0.38365650959877373
GPT :    4420.868185 s : SU(2)-subgroup heatbath 271 has P = 0.5938328890844505, R_2x1 = 0.383781565162112
GPT :    4433.240299 s : SU(2)-subgroup heatbath 272 has P = 0.5938851795704075, R_2x1 = 0.3839093467119871
GPT :    4445.784436 s : SU(2)-subgroup heatbath 273 has P = 0.5941554587753818, R_2x1 = 0.38420801085504946
GPT :    4458.234451 s : SU(2)-subgroup heatbath 274 has P = 0.5939235412356403, R_2x1 = 0.38404453473308064
GPT :    4471.067589 s : SU(2)-subgroup heatbath 275 has P = 0.5933370559572614, R_2x1 = 0.38330080343241507
GPT :    4483.513269 s : SU(2)-subgroup heatbath 276 has P = 0.5936618746215372, R_2x1 = 0.3838297274068226
GPT :    4495.651527 s : SU(2)-subgroup heatbath 277 has P = 0.5937857050028598, R_2x1 = 0.38363490877687656
GPT :    4508.231637 s : SU(2)-subgroup heatbath 278 has P = 0.5938207253439616, R_2x1 = 0.3835778372135909
GPT :    4520.968902 s : SU(2)-subgroup heatbath 279 has P = 0.5940203086747645, R_2x1 = 0.3836689706577272
GPT :    4534.473288 s : Write 0.177979 GB at 0.153499 GB/s (0.252005 GB/s for distribution, 1.21231 GB/s for writing, 24.0077 GB/s for checksum, 1 writers)
GPT :    4534.749632 s : SU(2)-subgroup heatbath 280 has P = 0.5937583492415451, R_2x1 = 0.3834469703230095
GPT :    4547.154761 s : SU(2)-subgroup heatbath 281 has P = 0.5934853561129276, R_2x1 = 0.38314592669810493
GPT :    4559.454496 s : SU(2)-subgroup heatbath 282 has P = 0.5934002589748001, R_2x1 = 0.3831086424775253
GPT :    4572.218261 s : SU(2)-subgroup heatbath 283 has P = 0.5932263576551758, R_2x1 = 0.38295046600008475
GPT :    4584.809005 s : SU(2)-subgroup heatbath 284 has P = 0.5934329658207496, R_2x1 = 0.38315089782779715
GPT :    4597.093185 s : SU(2)-subgroup heatbath 285 has P = 0.5934597009317154, R_2x1 = 0.38334347687046083
GPT :    4609.756198 s : SU(2)-subgroup heatbath 286 has P = 0.5941321570496212, R_2x1 = 0.38416465044496506
GPT :    4622.161301 s : SU(2)-subgroup heatbath 287 has P = 0.5936340880021255, R_2x1 = 0.38357431667963154
GPT :    4634.453271 s : SU(2)-subgroup heatbath 288 has P = 0.5935245013959972, R_2x1 = 0.38342786277884294
GPT :    4647.065236 s : SU(2)-subgroup heatbath 289 has P = 0.5935630240086752, R_2x1 = 0.3833715534700958
GPT :    4659.444709 s : SU(2)-subgroup heatbath 290 has P = 0.5937018732803613, R_2x1 = 0.38367763599272303
GPT :    4672.025236 s : SU(2)-subgroup heatbath 291 has P = 0.5935326851768705, R_2x1 = 0.38315667737334613
GPT :    4684.305811 s : SU(2)-subgroup heatbath 292 has P = 0.5937851389436376, R_2x1 = 0.3834904849450345
GPT :    4697.226252 s : SU(2)-subgroup heatbath 293 has P = 0.5935573371518357, R_2x1 = 0.3833752470543051
GPT :    4709.538783 s : SU(2)-subgroup heatbath 294 has P = 0.5939149336277766, R_2x1 = 0.3839344920943985
GPT :    4722.016005 s : SU(2)-subgroup heatbath 295 has P = 0.5934755287950374, R_2x1 = 0.38344837653025327
GPT :    4734.043155 s : SU(2)-subgroup heatbath 296 has P = 0.5935318272255835, R_2x1 = 0.38344478147687455
GPT :    4746.723170 s : SU(2)-subgroup heatbath 297 has P = 0.5935307781783271, R_2x1 = 0.38362175565973494
GPT :    4759.310257 s : SU(2)-subgroup heatbath 298 has P = 0.5937307856039385, R_2x1 = 0.3838108231856681
GPT :    4771.862744 s : SU(2)-subgroup heatbath 299 has P = 0.5938590749224554, R_2x1 = 0.3838284063733149
GPT :    4784.609765 s : SU(2)-subgroup heatbath 300 has P = 0.5940823435323143, R_2x1 = 0.38404154504654153
GPT :    4797.238051 s : SU(2)-subgroup heatbath 301 has P = 0.5939105906159872, R_2x1 = 0.3842324817369839
GPT :    4810.029027 s : SU(2)-subgroup heatbath 302 has P = 0.5938297862441132, R_2x1 = 0.3839960967400578
GPT :    4822.617072 s : SU(2)-subgroup heatbath 303 has P = 0.5937272928780027, R_2x1 = 0.3835575262628193
GPT :    4835.060022 s : SU(2)-subgroup heatbath 304 has P = 0.5939229015509584, R_2x1 = 0.38379399966797173
GPT :    4847.783178 s : SU(2)-subgroup heatbath 305 has P = 0.5939295607469388, R_2x1 = 0.38393837847393825
GPT :    4860.570524 s : SU(2)-subgroup heatbath 306 has P = 0.5935457222898002, R_2x1 = 0.3833807029844603
GPT :    4873.347544 s : SU(2)-subgroup heatbath 307 has P = 0.5940165578300476, R_2x1 = 0.3841117919059048
GPT :    4886.141817 s : SU(2)-subgroup heatbath 308 has P = 0.5939906468623825, R_2x1 = 0.38422638654268093
GPT :    4898.765536 s : SU(2)-subgroup heatbath 309 has P = 0.5940926699223631, R_2x1 = 0.38406824716493343
GPT :    4910.927032 s : SU(2)-subgroup heatbath 310 has P = 0.5938697042926574, R_2x1 = 0.3839396559731612
GPT :    4923.827248 s : SU(2)-subgroup heatbath 311 has P = 0.5936808119916442, R_2x1 = 0.3835797517479606
GPT :    4936.196260 s : SU(2)-subgroup heatbath 312 has P = 0.5938219643781198, R_2x1 = 0.3840463641495026
GPT :    4948.680032 s : SU(2)-subgroup heatbath 313 has P = 0.5940126640414226, R_2x1 = 0.38408544730949085
GPT :    4961.403066 s : SU(2)-subgroup heatbath 314 has P = 0.5938411904272826, R_2x1 = 0.3839303574492305
GPT :    4973.696425 s : SU(2)-subgroup heatbath 315 has P = 0.5937558105264138, R_2x1 = 0.38371366313154676
GPT :    4986.700444 s : SU(2)-subgroup heatbath 316 has P = 0.5938561601658268, R_2x1 = 0.3839236655006163
GPT :    4999.463688 s : SU(2)-subgroup heatbath 317 has P = 0.5936973112866938, R_2x1 = 0.3836876387023524
GPT :    5012.107617 s : SU(2)-subgroup heatbath 318 has P = 0.5936514134384229, R_2x1 = 0.3834389108360939
GPT :    5024.337095 s : SU(2)-subgroup heatbath 319 has P = 0.5937311876104258, R_2x1 = 0.3834327966758526
GPT :    5038.349309 s : Write 0.177979 GB at 0.142714 GB/s (0.230325 GB/s for distribution, 1.15983 GB/s for writing, 23.2989 GB/s for checksum, 1 writers)
GPT :    5038.623162 s : SU(2)-subgroup heatbath 320 has P = 0.5936569251964957, R_2x1 = 0.38358692921909665
GPT :    5050.895801 s : SU(2)-subgroup heatbath 321 has P = 0.5938748742704438, R_2x1 = 0.3838131110668937
GPT :    5062.964644 s : SU(2)-subgroup heatbath 322 has P = 0.5937875527388766, R_2x1 = 0.3839006498126536
GPT :    5074.920551 s : SU(2)-subgroup heatbath 323 has P = 0.5940450295621872, R_2x1 = 0.38391753792953354
GPT :    5087.259323 s : SU(2)-subgroup heatbath 324 has P = 0.593525631251438, R_2x1 = 0.383579307277705
GPT :    5099.383453 s : SU(2)-subgroup heatbath 325 has P = 0.5935980115364885, R_2x1 = 0.3838939817422225
GPT :    5111.718559 s : SU(2)-subgroup heatbath 326 has P = 0.5936433124939678, R_2x1 = 0.38364821514611874
GPT :    5123.741761 s : SU(2)-subgroup heatbath 327 has P = 0.593741947325535, R_2x1 = 0.38367637626266987
GPT :    5135.928617 s : SU(2)-subgroup heatbath 328 has P = 0.5937894342339407, R_2x1 = 0.3838032121024365
GPT :    5148.336538 s : SU(2)-subgroup heatbath 329 has P = 0.5936547952524537, R_2x1 = 0.38336521724066264
GPT :    5161.166111 s : SU(2)-subgroup heatbath 330 has P = 0.5937846694723754, R_2x1 = 0.3839077998007392
GPT :    5173.637118 s : SU(2)-subgroup heatbath 331 has P = 0.5936026901199837, R_2x1 = 0.383698579186238
GPT :    5186.151788 s : SU(2)-subgroup heatbath 332 has P = 0.5937470503942375, R_2x1 = 0.3835939067120812
GPT :    5198.755070 s : SU(2)-subgroup heatbath 333 has P = 0.5939996611117723, R_2x1 = 0.38406931014589984
GPT :    5210.872024 s : SU(2)-subgroup heatbath 334 has P = 0.5937677607870073, R_2x1 = 0.3837573342174575
GPT :    5223.548217 s : SU(2)-subgroup heatbath 335 has P = 0.5935202576620974, R_2x1 = 0.3834777084252395
GPT :    5236.039640 s : SU(2)-subgroup heatbath 336 has P = 0.5940104699251844, R_2x1 = 0.3840339760923523
GPT :    5248.765617 s : SU(2)-subgroup heatbath 337 has P = 0.5939871213692076, R_2x1 = 0.3841040883971939
GPT :    5261.552918 s : SU(2)-subgroup heatbath 338 has P = 0.5937052964927695, R_2x1 = 0.3834009720688998
GPT :    5273.897399 s : SU(2)-subgroup heatbath 339 has P = 0.5939482675115179, R_2x1 = 0.3837913380283293
GPT :    5286.732416 s : SU(2)-subgroup heatbath 340 has P = 0.5939457413296431, R_2x1 = 0.3839602730399481
GPT :    5298.700243 s : SU(2)-subgroup heatbath 341 has P = 0.5935540339022092, R_2x1 = 0.3835785685475459
GPT :    5311.282175 s : SU(2)-subgroup heatbath 342 has P = 0.5933715539535747, R_2x1 = 0.3831933053288743
GPT :    5323.763615 s : SU(2)-subgroup heatbath 343 has P = 0.593426736272313, R_2x1 = 0.38328538248545035
GPT :    5336.295617 s : SU(2)-subgroup heatbath 344 has P = 0.5939424254141944, R_2x1 = 0.3836945717506104
GPT :    5349.132827 s : SU(2)-subgroup heatbath 345 has P = 0.5933335043799424, R_2x1 = 0.3831778076989361
GPT :    5361.603665 s : SU(2)-subgroup heatbath 346 has P = 0.5935348142797002, R_2x1 = 0.38342362794906093
GPT :    5374.079447 s : SU(2)-subgroup heatbath 347 has P = 0.5931645031337066, R_2x1 = 0.38290148803683516
GPT :    5386.626071 s : SU(2)-subgroup heatbath 348 has P = 0.5935738790740525, R_2x1 = 0.3836134873004628
GPT :    5399.747606 s : SU(2)-subgroup heatbath 349 has P = 0.5933051198638098, R_2x1 = 0.38305497702301305
GPT :    5412.182001 s : SU(2)-subgroup heatbath 350 has P = 0.5935910653139038, R_2x1 = 0.38334844361705755
GPT :    5425.049332 s : SU(2)-subgroup heatbath 351 has P = 0.59384087061189, R_2x1 = 0.38349164012031794
GPT :    5437.565000 s : SU(2)-subgroup heatbath 352 has P = 0.5935796970262908, R_2x1 = 0.3834790426509442
GPT :    5450.104506 s : SU(2)-subgroup heatbath 353 has P = 0.5934785351740015, R_2x1 = 0.3835903923966225
GPT :    5462.803302 s : SU(2)-subgroup heatbath 354 has P = 0.5939033316168006, R_2x1 = 0.38408078190417066
GPT :    5475.370558 s : SU(2)-subgroup heatbath 355 has P = 0.593486938527425, R_2x1 = 0.38337456713983425
GPT :    5487.720448 s : SU(2)-subgroup heatbath 356 has P = 0.5935318048420617, R_2x1 = 0.3834339933704983
GPT :    5500.127914 s : SU(2)-subgroup heatbath 357 has P = 0.5935391685474471, R_2x1 = 0.3834238042766008
GPT :    5512.815249 s : SU(2)-subgroup heatbath 358 has P = 0.5935980732399077, R_2x1 = 0.3832510051022244
GPT :    5525.736394 s : SU(2)-subgroup heatbath 359 has P = 0.5938007277748393, R_2x1 = 0.3837503538776184
GPT :    5539.452981 s : Write 0.177979 GB at 0.150881 GB/s (0.248671 GB/s for distribution, 1.18496 GB/s for writing, 23.1565 GB/s for checksum, 1 writers)
GPT :    5539.716049 s : SU(2)-subgroup heatbath 360 has P = 0.593701696998241, R_2x1 = 0.38373956193788805
GPT :    5552.023207 s : SU(2)-subgroup heatbath 361 has P = 0.5935058697650847, R_2x1 = 0.38325246573336813
GPT :    5564.606660 s : SU(2)-subgroup heatbath 362 has P = 0.5938482076879501, R_2x1 = 0.38378515253227036
GPT :    5577.567956 s : SU(2)-subgroup heatbath 363 has P = 0.5933612866537054, R_2x1 = 0.38289522156480277
GPT :    5590.119241 s : SU(2)-subgroup heatbath 364 has P = 0.5932664434337923, R_2x1 = 0.3829759487095929
GPT :    5602.776323 s : SU(2)-subgroup heatbath 365 has P = 0.5934043298183923, R_2x1 = 0.38281957425747465
GPT :    5615.333121 s : SU(2)-subgroup heatbath 366 has P = 0.5932995734095197, R_2x1 = 0.38293188405902134
GPT :    5627.800829 s : SU(2)-subgroup heatbath 367 has P = 0.5930964454571926, R_2x1 = 0.38262802034978177
GPT :    5640.320802 s : SU(2)-subgroup heatbath 368 has P = 0.5935355474569963, R_2x1 = 0.3833832066527617
GPT :    5652.438239 s : SU(2)-subgroup heatbath 369 has P = 0.5932827090672935, R_2x1 = 0.38309472930552013
GPT :    5665.026103 s : SU(2)-subgroup heatbath 370 has P = 0.5932936224022508, R_2x1 = 0.3829690323190139
GPT :    5677.633315 s : SU(2)-subgroup heatbath 371 has P = 0.5934961206208476, R_2x1 = 0.383315449525229
GPT :    5690.097544 s : SU(2)-subgroup heatbath 372 has P = 0.5935093921130548, R_2x1 = 0.383322020789028
GPT :    5703.066478 s : SU(2)-subgroup heatbath 373 has P = 0.5933636267987149, R_2x1 = 0.382893732941652
GPT :    5715.679603 s : SU(2)-subgroup heatbath 374 has P = 0.5934882155380914, R_2x1 = 0.38346881304598224
GPT :    5728.584152 s : SU(2)-subgroup heatbath 375 has P = 0.5933957951882762, R_2x1 = 0.3833140701026981
GPT :    5741.112628 s : SU(2)-subgroup heatbath 376 has P = 0.5933915396778484, R_2x1 = 0.3831537272054244
GPT :    5754.057210 s : SU(2)-subgroup heatbath 377 has P = 0.5934038831248182, R_2x1 = 0.38325737775948215
GPT :    5767.060640 s : SU(2)-subgroup heatbath 378 has P = 0.5936701101467708, R_2x1 = 0.38374806003671275
GPT :    5779.854139 s : SU(2)-subgroup heatbath 379 has P = 0.5938133260423715, R_2x1 = 0.38354882241252625
GPT :    5792.635989 s : SU(2)-subgroup heatbath 380 has P = 0.5936465978588302, R_2x1 = 0.3833845215910616
GPT :    5805.491002 s : SU(2)-subgroup heatbath 381 has P = 0.5935981625040803, R_2x1 = 0.3835808598196273
GPT :    5818.029799 s : SU(2)-subgroup heatbath 382 has P = 0.5935515090583331, R_2x1 = 0.3835422522871233
GPT :    5830.630979 s : SU(2)-subgroup heatbath 383 has P = 0.5941892520586453, R_2x1 = 0.38422031006666335
GPT :    5843.545113 s : SU(2)-subgroup heatbath 384 has P = 0.5940814541368207, R_2x1 = 0.3839951146425868
GPT :    5856.283320 s : SU(2)-subgroup heatbath 385 has P = 0.5942458156013466, R_2x1 = 0.3841853784218597
GPT :    5869.055212 s : SU(2)-subgroup heatbath 386 has P = 0.593350938453629, R_2x1 = 0.3831944519602449
GPT :    5881.838551 s : SU(2)-subgroup heatbath 387 has P = 0.5933358018950067, R_2x1 = 0.38311001472162837
GPT :    5894.852943 s : SU(2)-subgroup heatbath 388 has P = 0.5932627541108445, R_2x1 = 0.3826538635225205
GPT :    5907.199961 s : SU(2)-subgroup heatbath 389 has P = 0.5932536022117897, R_2x1 = 0.38289660608041654
GPT :    5919.620937 s : SU(2)-subgroup heatbath 390 has P = 0.593474045077276, R_2x1 = 0.38312620196941255
GPT :    5932.489970 s : SU(2)-subgroup heatbath 391 has P = 0.5934071677081917, R_2x1 = 0.38295929298103915
GPT :    5945.089123 s : SU(2)-subgroup heatbath 392 has P = 0.5934559368908435, R_2x1 = 0.3832313743330167
GPT :    5957.993018 s : SU(2)-subgroup heatbath 393 has P = 0.5935115047136248, R_2x1 = 0.38350532416213756
GPT :    5970.581959 s : SU(2)-subgroup heatbath 394 has P = 0.5932248512799617, R_2x1 = 0.38305525015490877
GPT :    5983.420483 s : SU(2)-subgroup heatbath 395 has P = 0.593656243609322, R_2x1 = 0.3835466641232453
GPT :    5996.038319 s : SU(2)-subgroup heatbath 396 has P = 0.5940912101862278, R_2x1 = 0.3839944883975497
GPT :    6008.813985 s : SU(2)-subgroup heatbath 397 has P = 0.5938033427344027, R_2x1 = 0.3840208954974514
GPT :    6021.669112 s : SU(2)-subgroup heatbath 398 has P = 0.5937467233255116, R_2x1 = 0.38374210389705543
GPT :    6034.709840 s : SU(2)-subgroup heatbath 399 has P = 0.5939554093658398, R_2x1 = 0.383988610533063
GPT :    6048.734020 s : Write 0.177979 GB at 0.153228 GB/s (0.252571 GB/s for distribution, 1.20905 GB/s for writing, 24.0728 GB/s for checksum, 1 writers)
GPT :    6049.019716 s : SU(2)-subgroup heatbath 400 has P = 0.5935837592387438, R_2x1 = 0.3835396938067296
GPT :    6061.986624 s : SU(2)-subgroup heatbath 401 has P = 0.593900659414792, R_2x1 = 0.3838429594814763
GPT :    6075.381660 s : SU(2)-subgroup heatbath 402 has P = 0.5934832240790323, R_2x1 = 0.3831043657991501
GPT :    6088.575353 s : SU(2)-subgroup heatbath 403 has P = 0.5936973386253294, R_2x1 = 0.3832524433965712
GPT :    6101.845640 s : SU(2)-subgroup heatbath 404 has P = 0.5940962565246316, R_2x1 = 0.3840798572067758
GPT :    6114.947418 s : SU(2)-subgroup heatbath 405 has P = 0.5939972450086476, R_2x1 = 0.38400003938156385
GPT :    6128.003527 s : SU(2)-subgroup heatbath 406 has P = 0.5939250324691961, R_2x1 = 0.3841996750750346
GPT :    6141.012656 s : SU(2)-subgroup heatbath 407 has P = 0.5939152145016504, R_2x1 = 0.38409898936898523
GPT :    6153.901233 s : SU(2)-subgroup heatbath 408 has P = 0.5939541431161867, R_2x1 = 0.38394185750257803
GPT :    6167.029408 s : SU(2)-subgroup heatbath 409 has P = 0.5939976476578324, R_2x1 = 0.38411325927125556
GPT :    6180.046168 s : SU(2)-subgroup heatbath 410 has P = 0.5940292533125996, R_2x1 = 0.38404337984737175
GPT :    6192.819610 s : SU(2)-subgroup heatbath 411 has P = 0.5939082789301379, R_2x1 = 0.38397223548441023
GPT :    6205.700618 s : SU(2)-subgroup heatbath 412 has P = 0.5940014166541395, R_2x1 = 0.3841147360930704
GPT :    6218.815024 s : SU(2)-subgroup heatbath 413 has P = 0.5938440914611208, R_2x1 = 0.3837011377418765
GPT :    6231.976549 s : SU(2)-subgroup heatbath 414 has P = 0.5934740759769251, R_2x1 = 0.38321072134462414
GPT :    6245.057164 s : SU(2)-subgroup heatbath 415 has P = 0.5932565169856027, R_2x1 = 0.38321126667045274
GPT :    6257.974106 s : SU(2)-subgroup heatbath 416 has P = 0.5935866543229175, R_2x1 = 0.3835386257010026
GPT :    6270.857966 s : SU(2)-subgroup heatbath 417 has P = 0.5935352503121093, R_2x1 = 0.38357388262860836
GPT :    6284.007582 s : SU(2)-subgroup heatbath 418 has P = 0.5933930337841309, R_2x1 = 0.38333000562222047
GPT :    6297.097438 s : SU(2)-subgroup heatbath 419 has P = 0.593855887454868, R_2x1 = 0.38398191235226536
GPT :    6310.231755 s : SU(2)-subgroup heatbath 420 has P = 0.5939682008288403, R_2x1 = 0.3840652352858571
GPT :    6323.319928 s : SU(2)-subgroup heatbath 421 has P = 0.5936479552766208, R_2x1 = 0.3836920042805976
GPT :    6336.239043 s : SU(2)-subgroup heatbath 422 has P = 0.593612950180563, R_2x1 = 0.3834159254946705
GPT :    6349.406138 s : SU(2)-subgroup heatbath 423 has P = 0.5934066460222989, R_2x1 = 0.38342184763759707
GPT :    6362.862306 s : SU(2)-subgroup heatbath 424 has P = 0.5933362096255783, R_2x1 = 0.3830901430272457
GPT :    6376.337793 s : SU(2)-subgroup heatbath 425 has P = 0.5933930172654447, R_2x1 = 0.38271554420294823
GPT :    6389.382795 s : SU(2)-subgroup heatbath 426 has P = 0.5935177742646914, R_2x1 = 0.38348383920613105
GPT :    6403.027938 s : SU(2)-subgroup heatbath 427 has P = 0.5934364040840274, R_2x1 = 0.3833423228290723
GPT :    6416.156140 s : SU(2)-subgroup heatbath 428 has P = 0.5937274011311837, R_2x1 = 0.3835944195314917
GPT :    6429.337601 s : SU(2)-subgroup heatbath 429 has P = 0.5936000289696993, R_2x1 = 0.38367127822279995
GPT :    6442.600668 s : SU(2)-subgroup heatbath 430 has P = 0.5933439223113556, R_2x1 = 0.3829388685257129
GPT :    6455.524740 s : SU(2)-subgroup heatbath 431 has P = 0.5934391134261163, R_2x1 = 0.3831407487660322
GPT :    6468.760434 s : SU(2)-subgroup heatbath 432 has P = 0.5931970707426787, R_2x1 = 0.38291704966210777
GPT :    6481.814623 s : SU(2)-subgroup heatbath 433 has P = 0.5935006334945132, R_2x1 = 0.38313449070891414
GPT :    6494.877203 s : SU(2)-subgroup heatbath 434 has P = 0.5935363746972967, R_2x1 = 0.3832992099781718
GPT :    6508.220137 s : SU(2)-subgroup heatbath 435 has P = 0.5934422446409663, R_2x1 = 0.3833197769571645
GPT :    6521.620695 s : SU(2)-subgroup heatbath 436 has P = 0.5934368498325776, R_2x1 = 0.3831098414399315
GPT :    6535.087990 s : SU(2)-subgroup heatbath 437 has P = 0.5933996175682884, R_2x1 = 0.3832986489446144
GPT :    6548.364377 s : SU(2)-subgroup heatbath 438 has P = 0.5935345783536109, R_2x1 = 0.38330295138887616
GPT :    6561.710722 s : SU(2)-subgroup heatbath 439 has P = 0.593729907727923, R_2x1 = 0.3833518417999099
GPT :    6575.352741 s : Write 0.177979 GB at 0.142451 GB/s (0.225319 GB/s for distribution, 1.19827 GB/s for writing, 23.1299 GB/s for checksum, 1 writers)
GPT :    6575.614325 s : SU(2)-subgroup heatbath 440 has P = 0.593878712313629, R_2x1 = 0.3836684965534231
GPT :    6588.602162 s : SU(2)-subgroup heatbath 441 has P = 0.5940378517318197, R_2x1 = 0.3839279263429564
GPT :    6602.127273 s : SU(2)-subgroup heatbath 442 has P = 0.5938725365204472, R_2x1 = 0.38381368690767365
GPT :    6615.459147 s : SU(2)-subgroup heatbath 443 has P = 0.5935292971521106, R_2x1 = 0.3832464725720708
GPT :    6628.710428 s : SU(2)-subgroup heatbath 444 has P = 0.5935986412925224, R_2x1 = 0.38356153881516863
GPT :    6641.535685 s : SU(2)-subgroup heatbath 445 has P = 0.5935126274648103, R_2x1 = 0.3831449302318473
GPT :    6654.706515 s : SU(2)-subgroup heatbath 446 has P = 0.593538154830806, R_2x1 = 0.38354262042435944
GPT :    6668.070959 s : SU(2)-subgroup heatbath 447 has P = 0.5937757933130939, R_2x1 = 0.3837497664386103
GPT :    6681.075893 s : SU(2)-subgroup heatbath 448 has P = 0.5939596267080393, R_2x1 = 0.38411957016498627
GPT :    6694.220861 s : SU(2)-subgroup heatbath 449 has P = 0.5942330999479258, R_2x1 = 0.3845100296450568
GPT :    6707.247967 s : SU(2)-subgroup heatbath 450 has P = 0.5940966555559608, R_2x1 = 0.3844333886539664
GPT :    6720.567769 s : SU(2)-subgroup heatbath 451 has P = 0.5940282570838351, R_2x1 = 0.38412235118358096
GPT :    6733.807439 s : SU(2)-subgroup heatbath 452 has P = 0.5936862203748149, R_2x1 = 0.3836678981488564
GPT :    6746.566745 s : SU(2)-subgroup heatbath 453 has P = 0.5939014015113099, R_2x1 = 0.38381127857041747
GPT :    6759.650369 s : SU(2)-subgroup heatbath 454 has P = 0.5938292939593929, R_2x1 = 0.3835962562475253
GPT :    6772.992975 s : SU(2)-subgroup heatbath 455 has P = 0.594064083042851, R_2x1 = 0.38402194535801054
GPT :    6786.568115 s : SU(2)-subgroup heatbath 456 has P = 0.5937853556794316, R_2x1 = 0.38383919509324216
GPT :    6799.845223 s : SU(2)-subgroup heatbath 457 has P = 0.5936157991087374, R_2x1 = 0.38357949354079973
GPT :    6813.359457 s : SU(2)-subgroup heatbath 458 has P = 0.5935448189996094, R_2x1 = 0.3833255623104699
GPT :    6826.829234 s : SU(2)-subgroup heatbath 459 has P = 0.5934700059656641, R_2x1 = 0.38337659391189843
GPT :    6840.118173 s : SU(2)-subgroup heatbath 460 has P = 0.5936160038846098, R_2x1 = 0.38360627570334777
GPT :    6853.423006 s : SU(2)-subgroup heatbath 461 has P = 0.5935665125038133, R_2x1 = 0.3835155545372625
GPT :    6866.787575 s : SU(2)-subgroup heatbath 462 has P = 0.593837012314881, R_2x1 = 0.3837673094659271
GPT :    6880.330746 s : SU(2)-subgroup heatbath 463 has P = 0.5936077437888823, R_2x1 = 0.3837509532701023
GPT :    6893.784074 s : SU(2)-subgroup heatbath 464 has P = 0.5936798733127638, R_2x1 = 0.38336637646136545
GPT :    6906.872388 s : SU(2)-subgroup heatbath 465 has P = 0.5935393361649769, R_2x1 = 0.3834212491900871
GPT :    6919.796306 s : SU(2)-subgroup heatbath 466 has P = 0.5932322605746823, R_2x1 = 0.3832886256063136
GPT :    6932.916987 s : SU(2)-subgroup heatbath 467 has P = 0.5934402988614964, R_2x1 = 0.38327588817001196
GPT :    6946.210330 s : SU(2)-subgroup heatbath 468 has P = 0.593824750837519, R_2x1 = 0.38397158838505696
GPT :    6959.504941 s : SU(2)-subgroup heatbath 469 has P = 0.5939409592268637, R_2x1 = 0.3841580770691649
GPT :    6972.520112 s : SU(2)-subgroup heatbath 470 has P = 0.5939943929193713, R_2x1 = 0.38396073923398977
GPT :    6985.647430 s : SU(2)-subgroup heatbath 471 has P = 0.5937084133438736, R_2x1 = 0.3837283883327066
GPT :    6999.023024 s : SU(2)-subgroup heatbath 472 has P = 0.5941630140143498, R_2x1 = 0.3843870225642925
GPT :    7012.560093 s : SU(2)-subgroup heatbath 473 has P = 0.594324774115725, R_2x1 = 0.3847099140943349
GPT :    7025.549181 s : SU(2)-subgroup heatbath 474 has P = 0.5940121092691879, R_2x1 = 0.383960929317958
GPT :    7038.726652 s : SU(2)-subgroup heatbath 475 has P = 0.5939312029786536, R_2x1 = 0.38402711600268336
GPT :    7051.892970 s : SU(2)-subgroup heatbath 476 has P = 0.5939994420528357, R_2x1 = 0.3840343649309529
GPT :    7065.263719 s : SU(2)-subgroup heatbath 477 has P = 0.5939174336492397, R_2x1 = 0.38393449838269933
GPT :    7078.298184 s : SU(2)-subgroup heatbath 478 has P = 0.59412925355521, R_2x1 = 0.3841983065798291
GPT :    7091.899111 s : SU(2)-subgroup heatbath 479 has P = 0.5939744318846728, R_2x1 = 0.3839800271938408
GPT :    7106.486980 s : Write 0.177979 GB at 0.13128 GB/s (0.201812 GB/s for distribution, 1.21141 GB/s for writing, 24.7413 GB/s for checksum, 1 writers)
GPT :    7106.761855 s : SU(2)-subgroup heatbath 480 has P = 0.5942927407714339, R_2x1 = 0.3846812189518764
GPT :    7120.307270 s : SU(2)-subgroup heatbath 481 has P = 0.5935481105099024, R_2x1 = 0.3834768232547195
GPT :    7134.212573 s : SU(2)-subgroup heatbath 482 has P = 0.5938698797910368, R_2x1 = 0.38398886522901554
GPT :    7147.564821 s : SU(2)-subgroup heatbath 483 has P = 0.5940072170419424, R_2x1 = 0.38422236775729635
GPT :    7160.792622 s : SU(2)-subgroup heatbath 484 has P = 0.5937634719546754, R_2x1 = 0.383787759924365
GPT :    7174.130691 s : SU(2)-subgroup heatbath 485 has P = 0.5935899875948086, R_2x1 = 0.38377389013402324
GPT :    7187.413961 s : SU(2)-subgroup heatbath 486 has P = 0.5937484429137115, R_2x1 = 0.38374354491693385
GPT :    7200.691890 s : SU(2)-subgroup heatbath 487 has P = 0.5937703112733431, R_2x1 = 0.3837354476263685
GPT :    7214.081255 s : SU(2)-subgroup heatbath 488 has P = 0.5936682056652787, R_2x1 = 0.3836876370816716
GPT :    7227.325401 s : SU(2)-subgroup heatbath 489 has P = 0.5933902343457192, R_2x1 = 0.3834484903196044
GPT :    7240.582970 s : SU(2)-subgroup heatbath 490 has P = 0.5936228409917632, R_2x1 = 0.3836937582793088
GPT :    7254.128238 s : SU(2)-subgroup heatbath 491 has P = 0.5934285161722966, R_2x1 = 0.38357896351894427
GPT :    7267.496489 s : SU(2)-subgroup heatbath 492 has P = 0.5936152694123304, R_2x1 = 0.3835334495013667
GPT :    7281.103085 s : SU(2)-subgroup heatbath 493 has P = 0.593765703702774, R_2x1 = 0.3836925036979922
GPT :    7294.483409 s : SU(2)-subgroup heatbath 494 has P = 0.5937808693007188, R_2x1 = 0.3833808978526194
GPT :    7307.399193 s : SU(2)-subgroup heatbath 495 has P = 0.5935657046199779, R_2x1 = 0.3834045157771552
GPT :    7320.487665 s : SU(2)-subgroup heatbath 496 has P = 0.5935503757703454, R_2x1 = 0.3835990205830118
GPT :    7333.752838 s : SU(2)-subgroup heatbath 497 has P = 0.5934442761652615, R_2x1 = 0.3834355505921825
GPT :    7347.165504 s : SU(2)-subgroup heatbath 498 has P = 0.5933791972053177, R_2x1 = 0.3829550686730248
GPT :    7360.550156 s : SU(2)-subgroup heatbath 499 has P = 0.5935770065988978, R_2x1 = 0.38345527534314977
GPT :    7374.237671 s : SU(2)-subgroup heatbath 500 has P = 0.5934658960380548, R_2x1 = 0.38347714405492284
GPT :    7387.247624 s : SU(2)-subgroup heatbath 501 has P = 0.5937432529786258, R_2x1 = 0.3838379479115158
GPT :    7400.630564 s : SU(2)-subgroup heatbath 502 has P = 0.5939067702744663, R_2x1 = 0.38409346541687733
GPT :    7413.823430 s : SU(2)-subgroup heatbath 503 has P = 0.5939026724216995, R_2x1 = 0.38403456341866515
GPT :    7427.137253 s : SU(2)-subgroup heatbath 504 has P = 0.5937343353114777, R_2x1 = 0.38354074021797585
GPT :    7440.628686 s : SU(2)-subgroup heatbath 505 has P = 0.5939256287236099, R_2x1 = 0.38397470270004586
GPT :    7453.949257 s : SU(2)-subgroup heatbath 506 has P = 0.5936910453951771, R_2x1 = 0.3834564838201968
GPT :    7467.132149 s : SU(2)-subgroup heatbath 507 has P = 0.5934311225550466, R_2x1 = 0.3833491343238389
GPT :    7480.339970 s : SU(2)-subgroup heatbath 508 has P = 0.5933186690904798, R_2x1 = 0.38314524646412723
GPT :    7493.845791 s : SU(2)-subgroup heatbath 509 has P = 0.5932856196308184, R_2x1 = 0.383229695257654
GPT :    7506.978151 s : SU(2)-subgroup heatbath 510 has P = 0.5933717410994523, R_2x1 = 0.3832486724698043
GPT :    7520.433142 s : SU(2)-subgroup heatbath 511 has P = 0.5933855624400767, R_2x1 = 0.3831695873144279
GPT :    7533.577704 s : SU(2)-subgroup heatbath 512 has P = 0.5934663264948752, R_2x1 = 0.3834746551268782
GPT :    7547.009429 s : SU(2)-subgroup heatbath 513 has P = 0.5934112822959418, R_2x1 = 0.38325111619284585
GPT :    7560.455712 s : SU(2)-subgroup heatbath 514 has P = 0.5936195672938192, R_2x1 = 0.3830082548069669
GPT :    7573.551029 s : SU(2)-subgroup heatbath 515 has P = 0.5933681941504256, R_2x1 = 0.38303806069626367
GPT :    7586.973233 s : SU(2)-subgroup heatbath 516 has P = 0.5934279837736199, R_2x1 = 0.3831152971063894
GPT :    7600.304387 s : SU(2)-subgroup heatbath 517 has P = 0.5935331560069385, R_2x1 = 0.38335230440909746
GPT :    7613.613029 s : SU(2)-subgroup heatbath 518 has P = 0.593432531637401, R_2x1 = 0.3831773609245313
GPT :    7626.793244 s : SU(2)-subgroup heatbath 519 has P = 0.5938267768290668, R_2x1 = 0.38373408316441077
GPT :    7641.226419 s : Write 0.177979 GB at 0.15007 GB/s (0.245862 GB/s for distribution, 1.17955 GB/s for writing, 24.0085 GB/s for checksum, 1 writers)
GPT :    7641.505078 s : SU(2)-subgroup heatbath 520 has P = 0.5936189494881056, R_2x1 = 0.38349959379630505
GPT :    7654.810986 s : SU(2)-subgroup heatbath 521 has P = 0.593737763150908, R_2x1 = 0.38372897069023554
GPT :    7668.396734 s : SU(2)-subgroup heatbath 522 has P = 0.593523136325555, R_2x1 = 0.3834457843784668
GPT :    7681.938628 s : SU(2)-subgroup heatbath 523 has P = 0.5934081456684545, R_2x1 = 0.38304482424991804
GPT :    7695.339826 s : SU(2)-subgroup heatbath 524 has P = 0.5935091402406811, R_2x1 = 0.38320726924353987
GPT :    7708.520853 s : SU(2)-subgroup heatbath 525 has P = 0.5933956302220221, R_2x1 = 0.38315431728117494
GPT :    7721.919302 s : SU(2)-subgroup heatbath 526 has P = 0.593634893290899, R_2x1 = 0.38342119020014054
GPT :    7735.078954 s : SU(2)-subgroup heatbath 527 has P = 0.5936042208895086, R_2x1 = 0.3832849665846805
GPT :    7748.503220 s : SU(2)-subgroup heatbath 528 has P = 0.5937240394499838, R_2x1 = 0.38361771574690545
GPT :    7761.903141 s : SU(2)-subgroup heatbath 529 has P = 0.5937147077091408, R_2x1 = 0.3835992386149325
GPT :    7775.235277 s : SU(2)-subgroup heatbath 530 has P = 0.5937786656758267, R_2x1 = 0.38331222079098964
GPT :    7788.548566 s : SU(2)-subgroup heatbath 531 has P = 0.5938230929235927, R_2x1 = 0.3836491575232543
GPT :    7801.820553 s : SU(2)-subgroup heatbath 532 has P = 0.5939962789782782, R_2x1 = 0.3838288567662154
GPT :    7814.960829 s : SU(2)-subgroup heatbath 533 has P = 0.5935051613975445, R_2x1 = 0.3833000425601089
GPT :    7828.099857 s : SU(2)-subgroup heatbath 534 has P = 0.5931359539309581, R_2x1 = 0.38297093539336574
GPT :    7841.164967 s : SU(2)-subgroup heatbath 535 has P = 0.5933916687654854, R_2x1 = 0.3831277038885845
GPT :    7854.290976 s : SU(2)-subgroup heatbath 536 has P = 0.5936966609375375, R_2x1 = 0.3835430875203824
GPT :    7867.625014 s : SU(2)-subgroup heatbath 537 has P = 0.5940320951575991, R_2x1 = 0.38416540623325873
GPT :    7881.000540 s : SU(2)-subgroup heatbath 538 has P = 0.5941999040934002, R_2x1 = 0.3841853263932596
GPT :    7894.282133 s : SU(2)-subgroup heatbath 539 has P = 0.5942306527742461, R_2x1 = 0.3844521108114967
GPT :    7907.714874 s : SU(2)-subgroup heatbath 540 has P = 0.5939861811251779, R_2x1 = 0.3840627007764415
GPT :    7921.064519 s : SU(2)-subgroup heatbath 541 has P = 0.5937563719447493, R_2x1 = 0.3837176227127068
GPT :    7934.561249 s : SU(2)-subgroup heatbath 542 has P = 0.5938246578745777, R_2x1 = 0.38388953492541533
GPT :    7947.819660 s : SU(2)-subgroup heatbath 543 has P = 0.5941535564843587, R_2x1 = 0.38443811824256324
GPT :    7960.931289 s : SU(2)-subgroup heatbath 544 has P = 0.5941174650732223, R_2x1 = 0.384380832097935
GPT :    7974.290310 s : SU(2)-subgroup heatbath 545 has P = 0.594157134124316, R_2x1 = 0.384214397531047
GPT :    7987.829176 s : SU(2)-subgroup heatbath 546 has P = 0.593720141608833, R_2x1 = 0.38365907114336095
GPT :    8001.638117 s : SU(2)-subgroup heatbath 547 has P = 0.5938888980705089, R_2x1 = 0.383993552232
GPT :    8015.380815 s : SU(2)-subgroup heatbath 548 has P = 0.5934357251224408, R_2x1 = 0.38301979536325187
GPT :    8028.557076 s : SU(2)-subgroup heatbath 549 has P = 0.59370279102501, R_2x1 = 0.3835698258278328
GPT :    8042.118296 s : SU(2)-subgroup heatbath 550 has P = 0.5941095623250773, R_2x1 = 0.3840195467025846
GPT :    8054.963253 s : SU(2)-subgroup heatbath 551 has P = 0.5935652806204915, R_2x1 = 0.38346395548037565
GPT :    8067.372664 s : SU(2)-subgroup heatbath 552 has P = 0.593603832079956, R_2x1 = 0.3832415811565342
GPT :    8079.247081 s : SU(2)-subgroup heatbath 553 has P = 0.5938855134218554, R_2x1 = 0.38360988084251973
GPT :    8091.980581 s : SU(2)-subgroup heatbath 554 has P = 0.5938316124963933, R_2x1 = 0.3839127770877701
GPT :    8105.404591 s : SU(2)-subgroup heatbath 555 has P = 0.5937671998603323, R_2x1 = 0.383708491895191
GPT :    8118.627532 s : SU(2)-subgroup heatbath 556 has P = 0.5938139357446396, R_2x1 = 0.3838134409937134
GPT :    8131.972460 s : SU(2)-subgroup heatbath 557 has P = 0.593825742070598, R_2x1 = 0.38380247376597004
GPT :    8145.429556 s : SU(2)-subgroup heatbath 558 has P = 0.593424157119655, R_2x1 = 0.38333407032038574
GPT :    8158.785802 s : SU(2)-subgroup heatbath 559 has P = 0.5933846171495584, R_2x1 = 0.3830050928647632
GPT :    8172.986754 s : Write 0.177979 GB at 0.137306 GB/s (0.21422 GB/s for distribution, 1.19377 GB/s for writing, 23.1307 GB/s for checksum, 1 writers)
GPT :    8173.258763 s : SU(2)-subgroup heatbath 560 has P = 0.5934512362175072, R_2x1 = 0.38304759511265746
GPT :    8186.873158 s : SU(2)-subgroup heatbath 561 has P = 0.5932495212892749, R_2x1 = 0.38303588079270184
GPT :    8200.493772 s : SU(2)-subgroup heatbath 562 has P = 0.5937135859208619, R_2x1 = 0.38368468353506097
GPT :    8213.829679 s : SU(2)-subgroup heatbath 563 has P = 0.5941630633827918, R_2x1 = 0.38427237664334757
GPT :    8227.176741 s : SU(2)-subgroup heatbath 564 has P = 0.5936615743531238, R_2x1 = 0.3832994357756917
GPT :    8240.656810 s : SU(2)-subgroup heatbath 565 has P = 0.5934691880811274, R_2x1 = 0.3833904716331871
GPT :    8253.948970 s : SU(2)-subgroup heatbath 566 has P = 0.5934080626485392, R_2x1 = 0.3832151902555872
GPT :    8266.909803 s : SU(2)-subgroup heatbath 567 has P = 0.5935821964593966, R_2x1 = 0.38354133308858773
GPT :    8280.343173 s : SU(2)-subgroup heatbath 568 has P = 0.5934517025104107, R_2x1 = 0.38347950955668586
GPT :    8293.842213 s : SU(2)-subgroup heatbath 569 has P = 0.5935326822644184, R_2x1 = 0.3834496590520257
GPT :    8307.186163 s : SU(2)-subgroup heatbath 570 has P = 0.593196735064149, R_2x1 = 0.3829658446472758
GPT :    8321.041268 s : SU(2)-subgroup heatbath 571 has P = 0.5934220111956652, R_2x1 = 0.38339130175995123
GPT :    8334.550760 s : SU(2)-subgroup heatbath 572 has P = 0.59361695251426, R_2x1 = 0.3837215608181346
GPT :    8347.636839 s : SU(2)-subgroup heatbath 573 has P = 0.5938674982062132, R_2x1 = 0.3835474981970951
GPT :    8361.020030 s : SU(2)-subgroup heatbath 574 has P = 0.5936035046228152, R_2x1 = 0.38339043444094817
GPT :    8374.359850 s : SU(2)-subgroup heatbath 575 has P = 0.5934803727929465, R_2x1 = 0.3830223903740668
GPT :    8387.637621 s : SU(2)-subgroup heatbath 576 has P = 0.5936780067025064, R_2x1 = 0.38351283539033926
GPT :    8400.733635 s : SU(2)-subgroup heatbath 577 has P = 0.593956185615519, R_2x1 = 0.3838236617456835
GPT :    8414.048110 s : SU(2)-subgroup heatbath 578 has P = 0.5938434368651401, R_2x1 = 0.3840546165310297
GPT :    8427.148344 s : SU(2)-subgroup heatbath 579 has P = 0.5942820167247994, R_2x1 = 0.38467185326418946
GPT :    8440.845401 s : SU(2)-subgroup heatbath 580 has P = 0.594062234694995, R_2x1 = 0.3840845400690971
GPT :    8454.349274 s : SU(2)-subgroup heatbath 581 has P = 0.5943319329622775, R_2x1 = 0.3843813036405664
GPT :    8467.950264 s : SU(2)-subgroup heatbath 582 has P = 0.5941823293623111, R_2x1 = 0.3843694490046654
GPT :    8481.384798 s : SU(2)-subgroup heatbath 583 has P = 0.5936331567610974, R_2x1 = 0.3837047156817383
GPT :    8494.920588 s : SU(2)-subgroup heatbath 584 has P = 0.5937969308687917, R_2x1 = 0.38375641465429505
GPT :    8508.583853 s : SU(2)-subgroup heatbath 585 has P = 0.5936211426337652, R_2x1 = 0.3834855130033667
GPT :    8521.766147 s : SU(2)-subgroup heatbath 586 has P = 0.5940115291558062, R_2x1 = 0.38430242082843735
GPT :    8534.037162 s : SU(2)-subgroup heatbath 587 has P = 0.5940435615060532, R_2x1 = 0.3840404946502734
GPT :    8546.639069 s : SU(2)-subgroup heatbath 588 has P = 0.5936950893882066, R_2x1 = 0.38366323358690596
GPT :    8559.111837 s : SU(2)-subgroup heatbath 589 has P = 0.5937251530636315, R_2x1 = 0.3836658636192332
GPT :    8571.121981 s : SU(2)-subgroup heatbath 590 has P = 0.5939142310750679, R_2x1 = 0.3840862365765259
GPT :    8583.350997 s : SU(2)-subgroup heatbath 591 has P = 0.593675660678416, R_2x1 = 0.383440371443263
GPT :    8595.950211 s : SU(2)-subgroup heatbath 592 has P = 0.5936642855272994, R_2x1 = 0.38390087745540413
GPT :    8608.306861 s : SU(2)-subgroup heatbath 593 has P = 0.593704355838287, R_2x1 = 0.3836243728916538
GPT :    8620.541764 s : SU(2)-subgroup heatbath 594 has P = 0.5935452441370866, R_2x1 = 0.38362845548771946
GPT :    8632.476128 s : SU(2)-subgroup heatbath 595 has P = 0.5933317423451251, R_2x1 = 0.38321638946648356
GPT :    8644.598521 s : SU(2)-subgroup heatbath 596 has P = 0.5940519982915752, R_2x1 = 0.38379739940419355
GPT :    8656.929338 s : SU(2)-subgroup heatbath 597 has P = 0.593856928980492, R_2x1 = 0.3837904728701847
GPT :    8669.459741 s : SU(2)-subgroup heatbath 598 has P = 0.5938228740959349, R_2x1 = 0.38429731403024897
GPT :    8681.772042 s : SU(2)-subgroup heatbath 599 has P = 0.5937380671194737, R_2x1 = 0.38373287727447447
GPT :    8695.382846 s : Write 0.177979 GB at 0.144473 GB/s (0.234511 GB/s for distribution, 1.20978 GB/s for writing, 14.6567 GB/s for checksum, 1 writers)
GPT :    8695.655293 s : SU(2)-subgroup heatbath 600 has P = 0.5937198485364591, R_2x1 = 0.38361940770508507
GPT :    8708.307432 s : SU(2)-subgroup heatbath 601 has P = 0.5935112217146548, R_2x1 = 0.38319007990982606
GPT :    8721.331403 s : SU(2)-subgroup heatbath 602 has P = 0.5938442626371959, R_2x1 = 0.3837053229095887
GPT :    8734.213838 s : SU(2)-subgroup heatbath 603 has P = 0.5937886940242726, R_2x1 = 0.3838863544126138
GPT :    8747.192283 s : SU(2)-subgroup heatbath 604 has P = 0.5936454763601855, R_2x1 = 0.38383464720709337
GPT :    8760.260030 s : SU(2)-subgroup heatbath 605 has P = 0.593938091789477, R_2x1 = 0.3840880755597247
GPT :    8773.379229 s : SU(2)-subgroup heatbath 606 has P = 0.5940116326858357, R_2x1 = 0.38416554482391024
GPT :    8786.007272 s : SU(2)-subgroup heatbath 607 has P = 0.59396518047884, R_2x1 = 0.384022670368567
GPT :    8798.941304 s : SU(2)-subgroup heatbath 608 has P = 0.5936565944782523, R_2x1 = 0.383688294090791
GPT :    8811.902257 s : SU(2)-subgroup heatbath 609 has P = 0.5940504799914644, R_2x1 = 0.3839218586323541
GPT :    8824.693424 s : SU(2)-subgroup heatbath 610 has P = 0.593731860517518, R_2x1 = 0.3835669290850415
GPT :    8837.706429 s : SU(2)-subgroup heatbath 611 has P = 0.5935256076890821, R_2x1 = 0.38356306877684104
GPT :    8850.548101 s : SU(2)-subgroup heatbath 612 has P = 0.593582072713464, R_2x1 = 0.38360911368756
GPT :    8863.697080 s : SU(2)-subgroup heatbath 613 has P = 0.593768557099666, R_2x1 = 0.38351130948299883
GPT :    8876.480409 s : SU(2)-subgroup heatbath 614 has P = 0.5935571245964226, R_2x1 = 0.383411744265168
GPT :    8889.315479 s : SU(2)-subgroup heatbath 615 has P = 0.5935050561011996, R_2x1 = 0.3833893036221819
GPT :    8902.228151 s : SU(2)-subgroup heatbath 616 has P = 0.5932506916233019, R_2x1 = 0.38335352684223517
GPT :    8915.570843 s : SU(2)-subgroup heatbath 617 has P = 0.5935112318788558, R_2x1 = 0.3832937901563726
GPT :    8928.501902 s : SU(2)-subgroup heatbath 618 has P = 0.5937837232070929, R_2x1 = 0.3835522702309603
GPT :    8941.696434 s : SU(2)-subgroup heatbath 619 has P = 0.593559112282354, R_2x1 = 0.3834278090915605
GPT :    8954.773972 s : SU(2)-subgroup heatbath 620 has P = 0.5934980186078788, R_2x1 = 0.38314997091080616
GPT :    8967.889696 s : SU(2)-subgroup heatbath 621 has P = 0.5936006611462624, R_2x1 = 0.3833447750155882
GPT :    8980.974086 s : SU(2)-subgroup heatbath 622 has P = 0.5938112050425115, R_2x1 = 0.38353944576886023
GPT :    8994.099853 s : SU(2)-subgroup heatbath 623 has P = 0.5935007077914644, R_2x1 = 0.38322854743584606
GPT :    9006.909164 s : SU(2)-subgroup heatbath 624 has P = 0.5939729917918839, R_2x1 = 0.38387464745804206
GPT :    9019.914847 s : SU(2)-subgroup heatbath 625 has P = 0.5938128041780572, R_2x1 = 0.38387542021946053
GPT :    9032.856765 s : SU(2)-subgroup heatbath 626 has P = 0.5936725933828431, R_2x1 = 0.3835420502312982
GPT :    9046.318794 s : SU(2)-subgroup heatbath 627 has P = 0.5933759592621912, R_2x1 = 0.38307202318807493
GPT :    9059.485608 s : SU(2)-subgroup heatbath 628 has P = 0.5935413600054629, R_2x1 = 0.38337891595326673
GPT :    9072.118516 s : SU(2)-subgroup heatbath 629 has P = 0.5932905950335937, R_2x1 = 0.38312774956250883
GPT :    9085.097199 s : SU(2)-subgroup heatbath 630 has P = 0.5934651696594603, R_2x1 = 0.38333979708277943
GPT :    9098.193281 s : SU(2)-subgroup heatbath 631 has P = 0.593562040667346, R_2x1 = 0.38369466844809863
GPT :    9111.161018 s : SU(2)-subgroup heatbath 632 has P = 0.5936715875221099, R_2x1 = 0.38358952949864744
GPT :    9124.020085 s : SU(2)-subgroup heatbath 633 has P = 0.5937853585546594, R_2x1 = 0.38372210625694964
GPT :    9137.370599 s : SU(2)-subgroup heatbath 634 has P = 0.5936315988566161, R_2x1 = 0.383604793284432
GPT :    9150.430545 s : SU(2)-subgroup heatbath 635 has P = 0.5935647235349755, R_2x1 = 0.3837933377286154
GPT :    9162.932464 s : SU(2)-subgroup heatbath 636 has P = 0.5939716036199839, R_2x1 = 0.38413946929244314
GPT :    9176.010741 s : SU(2)-subgroup heatbath 637 has P = 0.5939142579711929, R_2x1 = 0.38394080150065973
GPT :    9189.107039 s : SU(2)-subgroup heatbath 638 has P = 0.5937751703274063, R_2x1 = 0.3839268181457073
GPT :    9202.079674 s : SU(2)-subgroup heatbath 639 has P = 0.593929136899144, R_2x1 = 0.3838845889001533
GPT :    9216.234683 s : Write 0.177979 GB at 0.142366 GB/s (0.22802 GB/s for distribution, 1.19668 GB/s for writing, 24.5461 GB/s for checksum, 1 writers)
GPT :    9216.507594 s : SU(2)-subgroup heatbath 640 has P = 0.5938772969595499, R_2x1 = 0.38413530282165437
GPT :    9229.445780 s : SU(2)-subgroup heatbath 641 has P = 0.5936626173382583, R_2x1 = 0.3836502210688515
GPT :    9242.513785 s : SU(2)-subgroup heatbath 642 has P = 0.5936469017692, R_2x1 = 0.3832740216837534
GPT :    9255.281153 s : SU(2)-subgroup heatbath 643 has P = 0.5938539996401937, R_2x1 = 0.3836192566723919
GPT :    9268.334436 s : SU(2)-subgroup heatbath 644 has P = 0.5939250577368619, R_2x1 = 0.38407115623137067
GPT :    9281.182950 s : SU(2)-subgroup heatbath 645 has P = 0.5935947282220922, R_2x1 = 0.38329098379996956
GPT :    9293.995849 s : SU(2)-subgroup heatbath 646 has P = 0.5935925936699281, R_2x1 = 0.3832469103009443
GPT :    9307.111557 s : SU(2)-subgroup heatbath 647 has P = 0.5935544013784249, R_2x1 = 0.3831674945750675
GPT :    9320.237216 s : SU(2)-subgroup heatbath 648 has P = 0.593990596771638, R_2x1 = 0.38387207822871433
GPT :    9333.233257 s : SU(2)-subgroup heatbath 649 has P = 0.5934804139818788, R_2x1 = 0.3834003829112001
GPT :    9345.651380 s : SU(2)-subgroup heatbath 650 has P = 0.5934590579611229, R_2x1 = 0.3832018912789576
GPT :    9358.558227 s : SU(2)-subgroup heatbath 651 has P = 0.5935526143879597, R_2x1 = 0.38359160427061606
GPT :    9371.312509 s : SU(2)-subgroup heatbath 652 has P = 0.5937281682980402, R_2x1 = 0.38340967811670296
GPT :    9384.306257 s : SU(2)-subgroup heatbath 653 has P = 0.5936712583282471, R_2x1 = 0.3834999622187812
GPT :    9396.871260 s : SU(2)-subgroup heatbath 654 has P = 0.5935264166836282, R_2x1 = 0.38327893537314645
GPT :    9409.698496 s : SU(2)-subgroup heatbath 655 has P = 0.5935842565485455, R_2x1 = 0.38342821579552927
GPT :    9422.167444 s : SU(2)-subgroup heatbath 656 has P = 0.5930867762053281, R_2x1 = 0.3830623807884033
GPT :    9435.181696 s : SU(2)-subgroup heatbath 657 has P = 0.5931389109474111, R_2x1 = 0.38275610585125514
GPT :    9448.254949 s : SU(2)-subgroup heatbath 658 has P = 0.5929987961996656, R_2x1 = 0.3826022397056446
GPT :    9460.713778 s : SU(2)-subgroup heatbath 659 has P = 0.5934042670144982, R_2x1 = 0.38322548902741915
GPT :    9473.469599 s : SU(2)-subgroup heatbath 660 has P = 0.5935951785704324, R_2x1 = 0.3833200977851486
GPT :    9486.586426 s : SU(2)-subgroup heatbath 661 has P = 0.5938131432868625, R_2x1 = 0.38336132832935504
GPT :    9499.279729 s : SU(2)-subgroup heatbath 662 has P = 0.5932075787022802, R_2x1 = 0.3830572507994442
GPT :    9512.237030 s : SU(2)-subgroup heatbath 663 has P = 0.5930792730183148, R_2x1 = 0.3829015589990382
GPT :    9525.489269 s : SU(2)-subgroup heatbath 664 has P = 0.5932731885396737, R_2x1 = 0.3828429468119832
GPT :    9538.396290 s : SU(2)-subgroup heatbath 665 has P = 0.5931548452491183, R_2x1 = 0.382903791034016
GPT :    9551.765232 s : SU(2)-subgroup heatbath 666 has P = 0.593437713060583, R_2x1 = 0.3831574988513929
GPT :    9564.816348 s : SU(2)-subgroup heatbath 667 has P = 0.593385896491591, R_2x1 = 0.38324204099598236
GPT :    9577.786218 s : SU(2)-subgroup heatbath 668 has P = 0.5935180926243498, R_2x1 = 0.38341202717186645
GPT :    9590.628485 s : SU(2)-subgroup heatbath 669 has P = 0.5937524017131474, R_2x1 = 0.3834667091445987
GPT :    9603.688825 s : SU(2)-subgroup heatbath 670 has P = 0.5937867974443621, R_2x1 = 0.38389678785634823
GPT :    9616.765697 s : SU(2)-subgroup heatbath 671 has P = 0.5937306272297268, R_2x1 = 0.38368146521090185
GPT :    9629.732777 s : SU(2)-subgroup heatbath 672 has P = 0.593926693366332, R_2x1 = 0.383910213411162
GPT :    9642.739009 s : SU(2)-subgroup heatbath 673 has P = 0.5935362079189724, R_2x1 = 0.3831625969856944
GPT :    9655.774926 s : SU(2)-subgroup heatbath 674 has P = 0.5934418041065389, R_2x1 = 0.3833176263864096
GPT :    9668.875667 s : SU(2)-subgroup heatbath 675 has P = 0.5934251454558327, R_2x1 = 0.38325680984442484
GPT :    9681.975547 s : SU(2)-subgroup heatbath 676 has P = 0.5937272705715365, R_2x1 = 0.3835312464943384
GPT :    9694.810088 s : SU(2)-subgroup heatbath 677 has P = 0.5938847558017126, R_2x1 = 0.38363738985250334
GPT :    9708.144294 s : SU(2)-subgroup heatbath 678 has P = 0.593426815066743, R_2x1 = 0.38322233689013285
GPT :    9720.926920 s : SU(2)-subgroup heatbath 679 has P = 0.5934667337983424, R_2x1 = 0.3833370701278485
GPT :    9735.258665 s : Write 0.177979 GB at 0.128359 GB/s (0.192173 GB/s for distribution, 1.20317 GB/s for writing, 23.2091 GB/s for checksum, 1 writers)
GPT :    9735.529529 s : SU(2)-subgroup heatbath 680 has P = 0.5936102411462035, R_2x1 = 0.38307538142340974
GPT :    9748.403675 s : SU(2)-subgroup heatbath 681 has P = 0.5934173982065463, R_2x1 = 0.38304063726102944
GPT :    9761.150524 s : SU(2)-subgroup heatbath 682 has P = 0.5934287515647189, R_2x1 = 0.3831219355030313
GPT :    9774.151311 s : SU(2)-subgroup heatbath 683 has P = 0.593307258712178, R_2x1 = 0.3830128965297555
GPT :    9786.965713 s : SU(2)-subgroup heatbath 684 has P = 0.593535164162983, R_2x1 = 0.3834614348578474
GPT :    9800.051683 s : SU(2)-subgroup heatbath 685 has P = 0.5936233979597295, R_2x1 = 0.3832581729422436
GPT :    9813.212840 s : SU(2)-subgroup heatbath 686 has P = 0.5937449672517069, R_2x1 = 0.3833809411615793
GPT :    9826.328275 s : SU(2)-subgroup heatbath 687 has P = 0.5936039670590597, R_2x1 = 0.38344093621288233
GPT :    9839.791744 s : SU(2)-subgroup heatbath 688 has P = 0.5933086058056504, R_2x1 = 0.38297824104847883
GPT :    9852.371101 s : SU(2)-subgroup heatbath 689 has P = 0.5931579848199068, R_2x1 = 0.38306206183956676
GPT :    9865.722956 s : SU(2)-subgroup heatbath 690 has P = 0.5931243547076573, R_2x1 = 0.38277453098806286
GPT :    9878.919891 s : SU(2)-subgroup heatbath 691 has P = 0.5931661646221679, R_2x1 = 0.3828023377922061
GPT :    9892.007775 s : SU(2)-subgroup heatbath 692 has P = 0.5936173012635246, R_2x1 = 0.38329244930816847
GPT :    9905.074246 s : SU(2)-subgroup heatbath 693 has P = 0.5935926566580843, R_2x1 = 0.3832446498063029
GPT :    9918.341586 s : SU(2)-subgroup heatbath 694 has P = 0.5934902400474711, R_2x1 = 0.3831576670829802
GPT :    9931.325442 s : SU(2)-subgroup heatbath 695 has P = 0.5931587899246609, R_2x1 = 0.382826003690682
GPT :    9944.512480 s : SU(2)-subgroup heatbath 696 has P = 0.5933635028205407, R_2x1 = 0.38316990516436383
GPT :    9957.495453 s : SU(2)-subgroup heatbath 697 has P = 0.593591950893053, R_2x1 = 0.3835203645868344
GPT :    9970.591289 s : SU(2)-subgroup heatbath 698 has P = 0.5939401805257781, R_2x1 = 0.38363613660828244
GPT :    9983.720755 s : SU(2)-subgroup heatbath 699 has P = 0.5936267851889889, R_2x1 = 0.38355157711474736
GPT :    9996.712471 s : SU(2)-subgroup heatbath 700 has P = 0.5934701668363657, R_2x1 = 0.38366571676242645
GPT :   10009.490160 s : SU(2)-subgroup heatbath 701 has P = 0.5936361983581862, R_2x1 = 0.3833012677528967
GPT :   10022.187906 s : SU(2)-subgroup heatbath 702 has P = 0.5935050612320801, R_2x1 = 0.3833581527540193
GPT :   10034.954417 s : SU(2)-subgroup heatbath 703 has P = 0.5933981745941722, R_2x1 = 0.38327335630099835
GPT :   10047.993760 s : SU(2)-subgroup heatbath 704 has P = 0.5937013632132558, R_2x1 = 0.3836872463846539
GPT :   10061.317070 s : SU(2)-subgroup heatbath 705 has P = 0.593655533915132, R_2x1 = 0.3833826830775303
GPT :   10074.501905 s : SU(2)-subgroup heatbath 706 has P = 0.5935525018825543, R_2x1 = 0.38338902143622205
GPT :   10087.357185 s : SU(2)-subgroup heatbath 707 has P = 0.5935449576952264, R_2x1 = 0.383466888171442
GPT :   10100.166584 s : SU(2)-subgroup heatbath 708 has P = 0.5937354008529895, R_2x1 = 0.3836557001203174
GPT :   10113.451973 s : SU(2)-subgroup heatbath 709 has P = 0.5936473177062968, R_2x1 = 0.38375464294634326
GPT :   10126.203794 s : SU(2)-subgroup heatbath 710 has P = 0.5941907922027185, R_2x1 = 0.38390050432826156
GPT :   10139.127221 s : SU(2)-subgroup heatbath 711 has P = 0.5942603068609248, R_2x1 = 0.3842097766851865
GPT :   10151.934975 s : SU(2)-subgroup heatbath 712 has P = 0.5938576323796804, R_2x1 = 0.3840439054089749
GPT :   10165.082573 s : SU(2)-subgroup heatbath 713 has P = 0.5937243435974879, R_2x1 = 0.3833546462909901
GPT :   10178.160501 s : SU(2)-subgroup heatbath 714 has P = 0.5937015455820852, R_2x1 = 0.38350672890305454
GPT :   10191.372735 s : SU(2)-subgroup heatbath 715 has P = 0.593514264680738, R_2x1 = 0.38329672688511207
GPT :   10204.425287 s : SU(2)-subgroup heatbath 716 has P = 0.593639828099736, R_2x1 = 0.38329488717796084
GPT :   10217.580282 s : SU(2)-subgroup heatbath 717 has P = 0.5936744528785461, R_2x1 = 0.383866894017302
GPT :   10230.667107 s : SU(2)-subgroup heatbath 718 has P = 0.5938843576405557, R_2x1 = 0.3839124840186206
GPT :   10244.209503 s : SU(2)-subgroup heatbath 719 has P = 0.5939230071289696, R_2x1 = 0.38387228967455367
GPT :   10258.326394 s : Write 0.177979 GB at 0.148841 GB/s (0.241707 GB/s for distribution, 1.18584 GB/s for writing, 23.3806 GB/s for checksum, 1 writers)
GPT :   10258.593453 s : SU(2)-subgroup heatbath 720 has P = 0.5937139918072146, R_2x1 = 0.38370999110857185
GPT :   10271.610598 s : SU(2)-subgroup heatbath 721 has P = 0.593969974574845, R_2x1 = 0.3840030104194865
GPT :   10284.411938 s : SU(2)-subgroup heatbath 722 has P = 0.5937598009605493, R_2x1 = 0.3834803697157883
GPT :   10297.376209 s : SU(2)-subgroup heatbath 723 has P = 0.5936532672219643, R_2x1 = 0.3836656441450437
GPT :   10310.469401 s : SU(2)-subgroup heatbath 724 has P = 0.593281502186405, R_2x1 = 0.38311809269405966
GPT :   10323.485942 s : SU(2)-subgroup heatbath 725 has P = 0.5936347966737301, R_2x1 = 0.3836081512918026
GPT :   10336.160544 s : SU(2)-subgroup heatbath 726 has P = 0.5937131889414421, R_2x1 = 0.38370925571334225
GPT :   10349.157292 s : SU(2)-subgroup heatbath 727 has P = 0.5940759158927736, R_2x1 = 0.38428268230774926
GPT :   10362.429318 s : SU(2)-subgroup heatbath 728 has P = 0.5938475523111261, R_2x1 = 0.38370639879631446
GPT :   10375.160974 s : SU(2)-subgroup heatbath 729 has P = 0.5941632226918542, R_2x1 = 0.384231608697194
GPT :   10388.212373 s : SU(2)-subgroup heatbath 730 has P = 0.5938499279546946, R_2x1 = 0.38394021890640284
GPT :   10401.343429 s : SU(2)-subgroup heatbath 731 has P = 0.5939843892379807, R_2x1 = 0.3841391175785116
GPT :   10414.567729 s : SU(2)-subgroup heatbath 732 has P = 0.5941054296800617, R_2x1 = 0.38397490922023436
GPT :   10427.316873 s : SU(2)-subgroup heatbath 733 has P = 0.5937542243855021, R_2x1 = 0.38397576818881474
GPT :   10440.217030 s : SU(2)-subgroup heatbath 734 has P = 0.5937869154348642, R_2x1 = 0.38381303134223915
GPT :   10453.334627 s : SU(2)-subgroup heatbath 735 has P = 0.5938348268723134, R_2x1 = 0.38388420372443444
GPT :   10466.565675 s : SU(2)-subgroup heatbath 736 has P = 0.5937676757844054, R_2x1 = 0.3838331842068432
GPT :   10479.689560 s : SU(2)-subgroup heatbath 737 has P = 0.5936552087506426, R_2x1 = 0.3835581245742754
GPT :   10492.435867 s : SU(2)-subgroup heatbath 738 has P = 0.5935173008527785, R_2x1 = 0.38320836561442845
GPT :   10505.871569 s : SU(2)-subgroup heatbath 739 has P = 0.5934842270841776, R_2x1 = 0.38322554409977866
GPT :   10518.937294 s : SU(2)-subgroup heatbath 740 has P = 0.593474629422403, R_2x1 = 0.38343819644131955
GPT :   10532.090049 s : SU(2)-subgroup heatbath 741 has P = 0.5939031937817345, R_2x1 = 0.38389242593896167
GPT :   10544.533855 s : SU(2)-subgroup heatbath 742 has P = 0.5933974034950776, R_2x1 = 0.38350401333151024
GPT :   10557.567627 s : SU(2)-subgroup heatbath 743 has P = 0.5939443598394856, R_2x1 = 0.3839183171701308
GPT :   10570.624088 s : SU(2)-subgroup heatbath 744 has P = 0.5938521583599254, R_2x1 = 0.3839717133938929
GPT :   10583.404882 s : SU(2)-subgroup heatbath 745 has P = 0.5938833917234098, R_2x1 = 0.38398591620621303
GPT :   10596.393434 s : SU(2)-subgroup heatbath 746 has P = 0.5936451551523712, R_2x1 = 0.38326571494981315
GPT :   10608.894824 s : SU(2)-subgroup heatbath 747 has P = 0.5937542380094399, R_2x1 = 0.3836980268728583
GPT :   10621.913239 s : SU(2)-subgroup heatbath 748 has P = 0.5939771758080289, R_2x1 = 0.3839990400841027
GPT :   10634.215203 s : SU(2)-subgroup heatbath 749 has P = 0.5936117891482462, R_2x1 = 0.3835605636792676
GPT :   10646.825799 s : SU(2)-subgroup heatbath 750 has P = 0.593472023612593, R_2x1 = 0.3833299296415573
GPT :   10659.570374 s : SU(2)-subgroup heatbath 751 has P = 0.5934688525096284, R_2x1 = 0.3833069871548884
GPT :   10672.334769 s : SU(2)-subgroup heatbath 752 has P = 0.5931368717962696, R_2x1 = 0.38280953829265896
GPT :   10685.338569 s : SU(2)-subgroup heatbath 753 has P = 0.593832221216866, R_2x1 = 0.38372438759018
GPT :   10698.319224 s : SU(2)-subgroup heatbath 754 has P = 0.5940810515013183, R_2x1 = 0.38407980117254287
GPT :   10711.371124 s : SU(2)-subgroup heatbath 755 has P = 0.5939264450343511, R_2x1 = 0.38392073444045544
GPT :   10724.295282 s : SU(2)-subgroup heatbath 756 has P = 0.5938773011860831, R_2x1 = 0.38418662416147054
GPT :   10737.213050 s : SU(2)-subgroup heatbath 757 has P = 0.5937497008908937, R_2x1 = 0.3834624080913233
GPT :   10750.064267 s : SU(2)-subgroup heatbath 758 has P = 0.5936598993774743, R_2x1 = 0.38349075580795666
GPT :   10763.104981 s : SU(2)-subgroup heatbath 759 has P = 0.5936696570672784, R_2x1 = 0.38359996919480455
GPT :   10777.083375 s : Write 0.177979 GB at 0.155915 GB/s (0.263846 GB/s for distribution, 1.18772 GB/s for writing, 23.7594 GB/s for checksum, 1 writers)
GPT :   10777.348644 s : SU(2)-subgroup heatbath 760 has P = 0.5933952001016355, R_2x1 = 0.38306900042601333
GPT :   10790.344089 s : SU(2)-subgroup heatbath 761 has P = 0.593581168367162, R_2x1 = 0.38335387639643215
GPT :   10803.656148 s : SU(2)-subgroup heatbath 762 has P = 0.5939757970022536, R_2x1 = 0.3836856388432826
GPT :   10816.517180 s : SU(2)-subgroup heatbath 763 has P = 0.5937566987692607, R_2x1 = 0.38376863456853677
GPT :   10829.650876 s : SU(2)-subgroup heatbath 764 has P = 0.5937659893862516, R_2x1 = 0.3838990304080135
GPT :   10842.768267 s : SU(2)-subgroup heatbath 765 has P = 0.593788648415598, R_2x1 = 0.3838409501354082
GPT :   10855.768785 s : SU(2)-subgroup heatbath 766 has P = 0.5933486511951632, R_2x1 = 0.38299814041691
GPT :   10868.846547 s : SU(2)-subgroup heatbath 767 has P = 0.5932108380126477, R_2x1 = 0.38307743198271454
GPT :   10881.650083 s : SU(2)-subgroup heatbath 768 has P = 0.5931759547650074, R_2x1 = 0.38279168042599593
GPT :   10894.781980 s : SU(2)-subgroup heatbath 769 has P = 0.5935776659705312, R_2x1 = 0.3832421478357787
GPT :   10908.020751 s : SU(2)-subgroup heatbath 770 has P = 0.5936855516572251, R_2x1 = 0.383579696339765
GPT :   10921.180000 s : SU(2)-subgroup heatbath 771 has P = 0.5937974576755155, R_2x1 = 0.38353133271805384
GPT :   10934.550695 s : SU(2)-subgroup heatbath 772 has P = 0.5936651629269205, R_2x1 = 0.38353901007628893
GPT :   10947.534286 s : SU(2)-subgroup heatbath 773 has P = 0.5936942576003614, R_2x1 = 0.3836419702107367
GPT :   10960.533464 s : SU(2)-subgroup heatbath 774 has P = 0.5934518990502214, R_2x1 = 0.3833988411119307
GPT :   10973.494534 s : SU(2)-subgroup heatbath 775 has P = 0.5935632205803527, R_2x1 = 0.38329441594486713
GPT :   10986.358735 s : SU(2)-subgroup heatbath 776 has P = 0.5937697605347164, R_2x1 = 0.3837202901231533
GPT :   10998.952990 s : SU(2)-subgroup heatbath 777 has P = 0.5937305447988717, R_2x1 = 0.3835950345467902
GPT :   11012.008031 s : SU(2)-subgroup heatbath 778 has P = 0.5936463906387266, R_2x1 = 0.3837958983585793
GPT :   11025.131943 s : SU(2)-subgroup heatbath 779 has P = 0.5939663179284846, R_2x1 = 0.3840180687141839
GPT :   11038.129093 s : SU(2)-subgroup heatbath 780 has P = 0.5938020609135602, R_2x1 = 0.38369338872054626
GPT :   11051.115682 s : SU(2)-subgroup heatbath 781 has P = 0.5936274226244874, R_2x1 = 0.38353817299061255
GPT :   11064.142185 s : SU(2)-subgroup heatbath 782 has P = 0.5937520985335926, R_2x1 = 0.38379422278363956
GPT :   11077.468499 s : SU(2)-subgroup heatbath 783 has P = 0.593701965222779, R_2x1 = 0.3835011095853016
GPT :   11090.518038 s : SU(2)-subgroup heatbath 784 has P = 0.5935375353106297, R_2x1 = 0.38364992939528925
GPT :   11103.502587 s : SU(2)-subgroup heatbath 785 has P = 0.5938252205897664, R_2x1 = 0.3837529764233918
GPT :   11116.455779 s : SU(2)-subgroup heatbath 786 has P = 0.5936095716696973, R_2x1 = 0.38335092608728355
GPT :   11129.771322 s : SU(2)-subgroup heatbath 787 has P = 0.5934442574112188, R_2x1 = 0.3833866399354601
GPT :   11142.788345 s : SU(2)-subgroup heatbath 788 has P = 0.594007942925289, R_2x1 = 0.3838962060253016
GPT :   11155.829071 s : SU(2)-subgroup heatbath 789 has P = 0.5940157576408076, R_2x1 = 0.38392612327751424
GPT :   11168.562743 s : SU(2)-subgroup heatbath 790 has P = 0.5939602959853714, R_2x1 = 0.38378666900229425
GPT :   11181.457856 s : SU(2)-subgroup heatbath 791 has P = 0.5941051551272482, R_2x1 = 0.38402555798839055
GPT :   11194.628341 s : SU(2)-subgroup heatbath 792 has P = 0.5939083330230714, R_2x1 = 0.3837448525408672
GPT :   11207.548111 s : SU(2)-subgroup heatbath 793 has P = 0.5937363915954373, R_2x1 = 0.38372858050511016
GPT :   11220.643646 s : SU(2)-subgroup heatbath 794 has P = 0.5935567675340551, R_2x1 = 0.3832143541743776
GPT :   11233.575019 s : SU(2)-subgroup heatbath 795 has P = 0.593500788997885, R_2x1 = 0.3831828122246495
GPT :   11246.352264 s : SU(2)-subgroup heatbath 796 has P = 0.593447451863998, R_2x1 = 0.38332522663949364
GPT :   11259.581183 s : SU(2)-subgroup heatbath 797 has P = 0.5938992929307966, R_2x1 = 0.3840124229547031
GPT :   11272.275436 s : SU(2)-subgroup heatbath 798 has P = 0.5939192172673101, R_2x1 = 0.3837436061182904
GPT :   11285.295338 s : SU(2)-subgroup heatbath 799 has P = 0.5936144999623322, R_2x1 = 0.38338246292530215
GPT :   11299.052927 s : Write 0.177979 GB at 0.139237 GB/s (0.216689 GB/s for distribution, 1.19783 GB/s for writing, 25.2998 GB/s for checksum, 1 writers)
GPT :   11299.315305 s : SU(2)-subgroup heatbath 800 has P = 0.5933813318977813, R_2x1 = 0.38342557808549343
GPT :   11312.128786 s : SU(2)-subgroup heatbath 801 has P = 0.5936592098537409, R_2x1 = 0.38353676829449684
GPT :   11325.001467 s : SU(2)-subgroup heatbath 802 has P = 0.5935519892998816, R_2x1 = 0.383527345461884
GPT :   11337.737171 s : SU(2)-subgroup heatbath 803 has P = 0.5936748964715367, R_2x1 = 0.3836493516362992
GPT :   11350.674384 s : SU(2)-subgroup heatbath 804 has P = 0.5936771974065839, R_2x1 = 0.38351708097680987
GPT :   11363.341974 s : SU(2)-subgroup heatbath 805 has P = 0.5937652098752212, R_2x1 = 0.38367127294183767
GPT :   11376.664513 s : SU(2)-subgroup heatbath 806 has P = 0.5935660726426627, R_2x1 = 0.3834916638790868
GPT :   11389.340924 s : SU(2)-subgroup heatbath 807 has P = 0.5935257369911288, R_2x1 = 0.38353497914628415
GPT :   11402.442608 s : SU(2)-subgroup heatbath 808 has P = 0.5933404819685141, R_2x1 = 0.3833553550477338
GPT :   11415.458019 s : SU(2)-subgroup heatbath 809 has P = 0.5932196555823458, R_2x1 = 0.3831010678922124
GPT :   11428.617689 s : SU(2)-subgroup heatbath 810 has P = 0.5935140389595309, R_2x1 = 0.3829036512561093
GPT :   11441.744025 s : SU(2)-subgroup heatbath 811 has P = 0.593982913394456, R_2x1 = 0.38411741703295027
GPT :   11454.193341 s : SU(2)-subgroup heatbath 812 has P = 0.5936594687948892, R_2x1 = 0.3831981380423033
GPT :   11467.313323 s : SU(2)-subgroup heatbath 813 has P = 0.5935942886206812, R_2x1 = 0.38333959475758783
GPT :   11480.304532 s : SU(2)-subgroup heatbath 814 has P = 0.5939319219516183, R_2x1 = 0.3837369597557007
GPT :   11492.980163 s : SU(2)-subgroup heatbath 815 has P = 0.5937143637675893, R_2x1 = 0.3838747028783077
GPT :   11505.966811 s : SU(2)-subgroup heatbath 816 has P = 0.5939078873143694, R_2x1 = 0.3837611195180704
GPT :   11518.738449 s : SU(2)-subgroup heatbath 817 has P = 0.5938777629756471, R_2x1 = 0.3836976325283638
GPT :   11531.634551 s : SU(2)-subgroup heatbath 818 has P = 0.5933795668333378, R_2x1 = 0.38360483222623193
GPT :   11544.807281 s : SU(2)-subgroup heatbath 819 has P = 0.5932580512626141, R_2x1 = 0.3829910456624854
GPT :   11557.834278 s : SU(2)-subgroup heatbath 820 has P = 0.593680654155245, R_2x1 = 0.3834424535693246
GPT :   11570.570933 s : SU(2)-subgroup heatbath 821 has P = 0.5940453116499743, R_2x1 = 0.3841172440751051
GPT :   11583.545227 s : SU(2)-subgroup heatbath 822 has P = 0.5936631169119136, R_2x1 = 0.3833527091652501
GPT :   11596.555466 s : SU(2)-subgroup heatbath 823 has P = 0.593601782456879, R_2x1 = 0.3835207635632401
GPT :   11609.362715 s : SU(2)-subgroup heatbath 824 has P = 0.5935213132550398, R_2x1 = 0.3832751748865504
GPT :   11622.095784 s : SU(2)-subgroup heatbath 825 has P = 0.5933134358277751, R_2x1 = 0.3833170637838855
GPT :   11635.173190 s : SU(2)-subgroup heatbath 826 has P = 0.5938738059079787, R_2x1 = 0.3835944202314829
GPT :   11648.260203 s : SU(2)-subgroup heatbath 827 has P = 0.593717685363693, R_2x1 = 0.3834797950768876
GPT :   11661.223619 s : SU(2)-subgroup heatbath 828 has P = 0.5934237478190861, R_2x1 = 0.38328864569973187
GPT :   11674.208488 s : SU(2)-subgroup heatbath 829 has P = 0.5938359411201682, R_2x1 = 0.3838164876350212
GPT :   11687.448644 s : SU(2)-subgroup heatbath 830 has P = 0.5937247558254315, R_2x1 = 0.38327529848548103
GPT :   11700.856435 s : SU(2)-subgroup heatbath 831 has P = 0.59389497678699, R_2x1 = 0.38391756177668185
GPT :   11714.007444 s : SU(2)-subgroup heatbath 832 has P = 0.59398041822307, R_2x1 = 0.3839360028687371
GPT :   11726.623693 s : SU(2)-subgroup heatbath 833 has P = 0.5939406548220422, R_2x1 = 0.3841019731258186
GPT :   11739.128575 s : SU(2)-subgroup heatbath 834 has P = 0.5935993876134348, R_2x1 = 0.38343265684195166
GPT :   11752.195633 s : SU(2)-subgroup heatbath 835 has P = 0.593532612760994, R_2x1 = 0.383373478841035
GPT :   11765.222020 s : SU(2)-subgroup heatbath 836 has P = 0.5932918778167723, R_2x1 = 0.3831237633844445
GPT :   11778.025708 s : SU(2)-subgroup heatbath 837 has P = 0.5933698025112956, R_2x1 = 0.3832763897915277
GPT :   11790.569236 s : SU(2)-subgroup heatbath 838 has P = 0.5935796228370116, R_2x1 = 0.3835371945252385
GPT :   11804.054941 s : SU(2)-subgroup heatbath 839 has P = 0.5938707809715847, R_2x1 = 0.3839850705990867
GPT :   11817.966865 s : Write 0.177979 GB at 0.141116 GB/s (0.224185 GB/s for distribution, 1.17283 GB/s for writing, 24.3206 GB/s for checksum, 1 writers)
GPT :   11818.244900 s : SU(2)-subgroup heatbath 840 has P = 0.5936717163492778, R_2x1 = 0.3838903296650736
GPT :   11831.002621 s : SU(2)-subgroup heatbath 841 has P = 0.5936257845731306, R_2x1 = 0.38357466195163076
GPT :   11843.779634 s : SU(2)-subgroup heatbath 842 has P = 0.5939093466106808, R_2x1 = 0.3836268722134759
GPT :   11856.878727 s : SU(2)-subgroup heatbath 843 has P = 0.593760511790465, R_2x1 = 0.3838207371407244
GPT :   11869.985726 s : SU(2)-subgroup heatbath 844 has P = 0.5936355402739965, R_2x1 = 0.3832750468308177
GPT :   11882.930195 s : SU(2)-subgroup heatbath 845 has P = 0.5935607219709309, R_2x1 = 0.38354042540474914
GPT :   11895.804740 s : SU(2)-subgroup heatbath 846 has P = 0.5932078392760639, R_2x1 = 0.3828792648208463
GPT :   11908.967467 s : SU(2)-subgroup heatbath 847 has P = 0.5929968835555103, R_2x1 = 0.38248154968803344
GPT :   11921.846936 s : SU(2)-subgroup heatbath 848 has P = 0.5937122048070967, R_2x1 = 0.38357589195211533
GPT :   11935.190702 s : SU(2)-subgroup heatbath 849 has P = 0.5935227050252919, R_2x1 = 0.3832225707097764
GPT :   11948.231980 s : SU(2)-subgroup heatbath 850 has P = 0.5936547100777758, R_2x1 = 0.38334144757817157
GPT :   11961.210006 s : SU(2)-subgroup heatbath 851 has P = 0.5934171982741682, R_2x1 = 0.3832665054383406
GPT :   11974.157605 s : SU(2)-subgroup heatbath 852 has P = 0.5933409724266209, R_2x1 = 0.38313849455630056
GPT :   11987.067432 s : SU(2)-subgroup heatbath 853 has P = 0.5932687590727325, R_2x1 = 0.38310173943096
GPT :   12000.409166 s : SU(2)-subgroup heatbath 854 has P = 0.5935465626224558, R_2x1 = 0.3832749758197785
GPT :   12013.069311 s : SU(2)-subgroup heatbath 855 has P = 0.5935866848797385, R_2x1 = 0.3836079887356863
GPT :   12026.218285 s : SU(2)-subgroup heatbath 856 has P = 0.5935874464023427, R_2x1 = 0.38353537125353093
GPT :   12038.927457 s : SU(2)-subgroup heatbath 857 has P = 0.5937944833536476, R_2x1 = 0.38369060411916417
GPT :   12051.941793 s : SU(2)-subgroup heatbath 858 has P = 0.5935321793234102, R_2x1 = 0.3834181196476063
GPT :   12065.263513 s : SU(2)-subgroup heatbath 859 has P = 0.5935480885213386, R_2x1 = 0.38334609849531515
GPT :   12078.334456 s : SU(2)-subgroup heatbath 860 has P = 0.5931272435756993, R_2x1 = 0.38251266032154035
GPT :   12091.459881 s : SU(2)-subgroup heatbath 861 has P = 0.5934630166178009, R_2x1 = 0.3834174543446841
GPT :   12104.433694 s : SU(2)-subgroup heatbath 862 has P = 0.5934193811421936, R_2x1 = 0.3833235126121234
GPT :   12117.918189 s : SU(2)-subgroup heatbath 863 has P = 0.5935754189003893, R_2x1 = 0.3836551276463958
GPT :   12130.844490 s : SU(2)-subgroup heatbath 864 has P = 0.5932287246473656, R_2x1 = 0.38330635031744925
GPT :   12143.732435 s : SU(2)-subgroup heatbath 865 has P = 0.5936160791915138, R_2x1 = 0.3832654941678425
GPT :   12156.761675 s : SU(2)-subgroup heatbath 866 has P = 0.5931922125798245, R_2x1 = 0.3831187318795582
GPT :   12169.924585 s : SU(2)-subgroup heatbath 867 has P = 0.5933543302750561, R_2x1 = 0.3828916151142599
GPT :   12182.988650 s : SU(2)-subgroup heatbath 868 has P = 0.5933451415741443, R_2x1 = 0.3832682338143209
GPT :   12196.155129 s : SU(2)-subgroup heatbath 869 has P = 0.5935836928104571, R_2x1 = 0.3832295703384074
GPT :   12208.850607 s : SU(2)-subgroup heatbath 870 has P = 0.5936230013847557, R_2x1 = 0.3834514893624506
GPT :   12221.369188 s : SU(2)-subgroup heatbath 871 has P = 0.5934417091871137, R_2x1 = 0.38317268744734473
GPT :   12234.198002 s : SU(2)-subgroup heatbath 872 has P = 0.5932417652801588, R_2x1 = 0.3827707671620733
GPT :   12247.062119 s : SU(2)-subgroup heatbath 873 has P = 0.5933601033991248, R_2x1 = 0.3829813182299863
GPT :   12260.257365 s : SU(2)-subgroup heatbath 874 has P = 0.5933909376499373, R_2x1 = 0.3829743318462602
GPT :   12273.788504 s : SU(2)-subgroup heatbath 875 has P = 0.5938702403729825, R_2x1 = 0.38368216954079215
GPT :   12286.854111 s : SU(2)-subgroup heatbath 876 has P = 0.5940931881369511, R_2x1 = 0.3841021338006672
GPT :   12300.072847 s : SU(2)-subgroup heatbath 877 has P = 0.5935927319419403, R_2x1 = 0.3834897173795064
GPT :   12313.402029 s : SU(2)-subgroup heatbath 878 has P = 0.5933717900385084, R_2x1 = 0.3827556864905569
GPT :   12326.370120 s : SU(2)-subgroup heatbath 879 has P = 0.5934237708521725, R_2x1 = 0.3832906607796943
GPT :   12340.584409 s : Write 0.177979 GB at 0.1518 GB/s (0.249481 GB/s for distribution, 1.2147 GB/s for writing, 24.0371 GB/s for checksum, 1 writers)
GPT :   12340.864469 s : SU(2)-subgroup heatbath 880 has P = 0.5937876085088177, R_2x1 = 0.38370740910018136
GPT :   12353.469580 s : SU(2)-subgroup heatbath 881 has P = 0.5941707176233554, R_2x1 = 0.38443173678790704
GPT :   12366.342173 s : SU(2)-subgroup heatbath 882 has P = 0.593725552322193, R_2x1 = 0.38353006202830886
GPT :   12379.320489 s : SU(2)-subgroup heatbath 883 has P = 0.5934604680585187, R_2x1 = 0.38319018123863496
GPT :   12392.422824 s : SU(2)-subgroup heatbath 884 has P = 0.5933923013722335, R_2x1 = 0.38304826911591844
GPT :   12405.704958 s : SU(2)-subgroup heatbath 885 has P = 0.5934696494883427, R_2x1 = 0.3834586405575854
GPT :   12418.545752 s : SU(2)-subgroup heatbath 886 has P = 0.5934127965748333, R_2x1 = 0.38320551736614733
GPT :   12431.647991 s : SU(2)-subgroup heatbath 887 has P = 0.5936837048837421, R_2x1 = 0.38349665727697674
GPT :   12444.846030 s : SU(2)-subgroup heatbath 888 has P = 0.5936716872537503, R_2x1 = 0.38328878208895795
GPT :   12457.771938 s : SU(2)-subgroup heatbath 889 has P = 0.593141450016369, R_2x1 = 0.3831812503379945
GPT :   12470.665456 s : SU(2)-subgroup heatbath 890 has P = 0.5936715659863225, R_2x1 = 0.38342452902320207
GPT :   12483.716854 s : SU(2)-subgroup heatbath 891 has P = 0.5933831860422315, R_2x1 = 0.38345697524017025
GPT :   12496.605650 s : SU(2)-subgroup heatbath 892 has P = 0.5938214800928424, R_2x1 = 0.3837448581361473
GPT :   12509.613463 s : SU(2)-subgroup heatbath 893 has P = 0.5936017245743032, R_2x1 = 0.3834648049332353
GPT :   12522.430974 s : SU(2)-subgroup heatbath 894 has P = 0.5934569907308297, R_2x1 = 0.383367347847481
GPT :   12535.700292 s : SU(2)-subgroup heatbath 895 has P = 0.5936701102882003, R_2x1 = 0.3835728658067769
GPT :   12548.250106 s : SU(2)-subgroup heatbath 896 has P = 0.5938662873642025, R_2x1 = 0.38383888759127405
GPT :   12560.896785 s : SU(2)-subgroup heatbath 897 has P = 0.5938921571359427, R_2x1 = 0.3838669040745078
GPT :   12573.919123 s : SU(2)-subgroup heatbath 898 has P = 0.5941690723007005, R_2x1 = 0.384382569723121
GPT :   12586.881429 s : SU(2)-subgroup heatbath 899 has P = 0.5941520841252877, R_2x1 = 0.3845352616606546
GPT :   12599.752590 s : SU(2)-subgroup heatbath 900 has P = 0.5936429022751563, R_2x1 = 0.3836828054497713
GPT :   12612.866584 s : SU(2)-subgroup heatbath 901 has P = 0.5937837362125368, R_2x1 = 0.3837321014614642
GPT :   12626.143150 s : SU(2)-subgroup heatbath 902 has P = 0.5936958301338308, R_2x1 = 0.3840022757880596
GPT :   12638.993091 s : SU(2)-subgroup heatbath 903 has P = 0.5935186514391194, R_2x1 = 0.38346900990820115
GPT :   12652.031152 s : SU(2)-subgroup heatbath 904 has P = 0.5935248566990108, R_2x1 = 0.38346457539752343
GPT :   12665.178926 s : SU(2)-subgroup heatbath 905 has P = 0.5939887195995966, R_2x1 = 0.3840168598082748
GPT :   12678.047362 s : SU(2)-subgroup heatbath 906 has P = 0.5937020724160654, R_2x1 = 0.38356063543555197
GPT :   12690.328838 s : SU(2)-subgroup heatbath 907 has P = 0.593880572963549, R_2x1 = 0.38384184970277163
GPT :   12702.676594 s : SU(2)-subgroup heatbath 908 has P = 0.5935361311289608, R_2x1 = 0.38319191694333943
GPT :   12715.486028 s : SU(2)-subgroup heatbath 909 has P = 0.5932985553375726, R_2x1 = 0.3831268022816833
GPT :   12728.210335 s : SU(2)-subgroup heatbath 910 has P = 0.5935914619366767, R_2x1 = 0.38380360574302425
GPT :   12741.392214 s : SU(2)-subgroup heatbath 911 has P = 0.5934070193453305, R_2x1 = 0.3832159130583794
GPT :   12754.398789 s : SU(2)-subgroup heatbath 912 has P = 0.593632866289116, R_2x1 = 0.3834538182960639
GPT :   12767.054844 s : SU(2)-subgroup heatbath 913 has P = 0.5938479339551714, R_2x1 = 0.3838695479636358
GPT :   12780.409602 s : SU(2)-subgroup heatbath 914 has P = 0.5936104173991151, R_2x1 = 0.3833544426248267
GPT :   12793.413673 s : SU(2)-subgroup heatbath 915 has P = 0.5937664302563112, R_2x1 = 0.38391559705279493
GPT :   12806.266703 s : SU(2)-subgroup heatbath 916 has P = 0.5934834574273238, R_2x1 = 0.38331705950160627
GPT :   12819.124340 s : SU(2)-subgroup heatbath 917 has P = 0.5938566568421711, R_2x1 = 0.38358194820276376
GPT :   12832.275933 s : SU(2)-subgroup heatbath 918 has P = 0.5937289483261436, R_2x1 = 0.3834678037031168
GPT :   12845.177149 s : SU(2)-subgroup heatbath 919 has P = 0.5934490292479594, R_2x1 = 0.3834747051709569
GPT :   12858.969996 s : Write 0.177979 GB at 0.140317 GB/s (0.21732 GB/s for distribution, 1.21537 GB/s for writing, 23.9892 GB/s for checksum, 1 writers)
GPT :   12859.248216 s : SU(2)-subgroup heatbath 920 has P = 0.5937250751033416, R_2x1 = 0.38400447043411123
GPT :   12872.364802 s : SU(2)-subgroup heatbath 921 has P = 0.5941155184920832, R_2x1 = 0.3842939359333449
GPT :   12885.505496 s : SU(2)-subgroup heatbath 922 has P = 0.594012564268561, R_2x1 = 0.3843515481075693
GPT :   12898.496467 s : SU(2)-subgroup heatbath 923 has P = 0.5940702551115867, R_2x1 = 0.3840804872125974
GPT :   12911.640136 s : SU(2)-subgroup heatbath 924 has P = 0.5941593228250311, R_2x1 = 0.38416946636364663
GPT :   12924.698298 s : SU(2)-subgroup heatbath 925 has P = 0.5938658089001253, R_2x1 = 0.38400475161945735
GPT :   12937.372785 s : SU(2)-subgroup heatbath 926 has P = 0.5937979053360245, R_2x1 = 0.383976595649823
GPT :   12950.111535 s : SU(2)-subgroup heatbath 927 has P = 0.5935435091231641, R_2x1 = 0.38383736122635603
GPT :   12963.038835 s : SU(2)-subgroup heatbath 928 has P = 0.5937556364621529, R_2x1 = 0.38360343798851787
GPT :   12976.033582 s : SU(2)-subgroup heatbath 929 has P = 0.5940032452099481, R_2x1 = 0.3836779825381548
GPT :   12989.144348 s : SU(2)-subgroup heatbath 930 has P = 0.593538409721216, R_2x1 = 0.3835364284104087
GPT :   13002.356557 s : SU(2)-subgroup heatbath 931 has P = 0.5936281606808026, R_2x1 = 0.38356357446988737
GPT :   13015.425726 s : SU(2)-subgroup heatbath 932 has P = 0.5940351908097112, R_2x1 = 0.38388336096744463
GPT :   13028.555969 s : SU(2)-subgroup heatbath 933 has P = 0.5937819293356232, R_2x1 = 0.38354666367893336
GPT :   13041.877985 s : SU(2)-subgroup heatbath 934 has P = 0.5936655379017403, R_2x1 = 0.3836110427299469
GPT :   13054.679406 s : SU(2)-subgroup heatbath 935 has P = 0.5933357931639026, R_2x1 = 0.38345200940721164
GPT :   13067.682982 s : SU(2)-subgroup heatbath 936 has P = 0.5935452249554157, R_2x1 = 0.38357367898194866
GPT :   13080.605502 s : SU(2)-subgroup heatbath 937 has P = 0.5937110576989569, R_2x1 = 0.38364168470460364
GPT :   13093.429541 s : SU(2)-subgroup heatbath 938 has P = 0.5938666235164216, R_2x1 = 0.38403403530838137
GPT :   13106.269955 s : SU(2)-subgroup heatbath 939 has P = 0.5936517056660712, R_2x1 = 0.383613323819292
GPT :   13119.043933 s : SU(2)-subgroup heatbath 940 has P = 0.5935907201075344, R_2x1 = 0.38345476660055283
GPT :   13132.178905 s : SU(2)-subgroup heatbath 941 has P = 0.5936195378396788, R_2x1 = 0.3833885933117048
GPT :   13145.106892 s : SU(2)-subgroup heatbath 942 has P = 0.5934931714825661, R_2x1 = 0.38340276505868115
GPT :   13158.413454 s : SU(2)-subgroup heatbath 943 has P = 0.5935055816269793, R_2x1 = 0.38336936640840286
GPT :   13171.325029 s : SU(2)-subgroup heatbath 944 has P = 0.5934727489049882, R_2x1 = 0.38330524258236875
GPT :   13184.746978 s : SU(2)-subgroup heatbath 945 has P = 0.5936061238362006, R_2x1 = 0.3833782762852151
GPT :   13197.855458 s : SU(2)-subgroup heatbath 946 has P = 0.59410235515842, R_2x1 = 0.383896807972789
GPT :   13211.093523 s : SU(2)-subgroup heatbath 947 has P = 0.593937148044139, R_2x1 = 0.38386163647643473
GPT :   13224.084606 s : SU(2)-subgroup heatbath 948 has P = 0.5940464351374038, R_2x1 = 0.3839916883876363
GPT :   13236.846233 s : SU(2)-subgroup heatbath 949 has P = 0.5933059814940963, R_2x1 = 0.3833124651045472
GPT :   13249.899451 s : SU(2)-subgroup heatbath 950 has P = 0.5933573403195748, R_2x1 = 0.38330928666851394
GPT :   13262.721271 s : SU(2)-subgroup heatbath 951 has P = 0.5933990226541788, R_2x1 = 0.3832256333141083
GPT :   13275.771724 s : SU(2)-subgroup heatbath 952 has P = 0.5933727593831959, R_2x1 = 0.38309085694438355
GPT :   13288.850912 s : SU(2)-subgroup heatbath 953 has P = 0.5933953565612694, R_2x1 = 0.383182314345402
GPT :   13302.058103 s : SU(2)-subgroup heatbath 954 has P = 0.5930566782362675, R_2x1 = 0.3829818821230231
GPT :   13315.315904 s : SU(2)-subgroup heatbath 955 has P = 0.5935990728993413, R_2x1 = 0.3837593890813849
GPT :   13328.209124 s : SU(2)-subgroup heatbath 956 has P = 0.593573540547669, R_2x1 = 0.3837524400359153
GPT :   13341.164337 s : SU(2)-subgroup heatbath 957 has P = 0.5936711352233551, R_2x1 = 0.3832399029946046
GPT :   13354.011645 s : SU(2)-subgroup heatbath 958 has P = 0.5933518116740858, R_2x1 = 0.38320341233446037
GPT :   13367.060175 s : SU(2)-subgroup heatbath 959 has P = 0.5934252490440937, R_2x1 = 0.3832078001272899
GPT :   13380.733835 s : Write 0.177979 GB at 0.152676 GB/s (0.26104 GB/s for distribution, 1.06753 GB/s for writing, 24.0441 GB/s for checksum, 1 writers)
GPT :   13381.001511 s : SU(2)-subgroup heatbath 960 has P = 0.5935949201443809, R_2x1 = 0.38363591241028505
GPT :   13393.939185 s : SU(2)-subgroup heatbath 961 has P = 0.5937861485543264, R_2x1 = 0.3839824838877496
GPT :   13406.571758 s : SU(2)-subgroup heatbath 962 has P = 0.5939408069429207, R_2x1 = 0.38380089293214764
GPT :   13419.314286 s : SU(2)-subgroup heatbath 963 has P = 0.5938229917651175, R_2x1 = 0.3840116643369722
GPT :   13431.642107 s : SU(2)-subgroup heatbath 964 has P = 0.5937565252730856, R_2x1 = 0.3835735471757545
GPT :   13444.358087 s : SU(2)-subgroup heatbath 965 has P = 0.5936326269784967, R_2x1 = 0.3835751774086468
GPT :   13457.120378 s : SU(2)-subgroup heatbath 966 has P = 0.5933355502452032, R_2x1 = 0.38315842255850086
GPT :   13470.054954 s : SU(2)-subgroup heatbath 967 has P = 0.5938518619485078, R_2x1 = 0.3835906612261591
GPT :   13482.682307 s : SU(2)-subgroup heatbath 968 has P = 0.5939214239382993, R_2x1 = 0.3839362365620675
GPT :   13495.645683 s : SU(2)-subgroup heatbath 969 has P = 0.5937440404423043, R_2x1 = 0.38364874613151495
GPT :   13508.642597 s : SU(2)-subgroup heatbath 970 has P = 0.594133434215944, R_2x1 = 0.38417499919864945
GPT :   13521.356219 s : SU(2)-subgroup heatbath 971 has P = 0.5937714493141695, R_2x1 = 0.38369763539502416
GPT :   13534.552959 s : SU(2)-subgroup heatbath 972 has P = 0.594050047994454, R_2x1 = 0.38399970972971725
GPT :   13547.148667 s : SU(2)-subgroup heatbath 973 has P = 0.5937509625572543, R_2x1 = 0.38360397780665884
GPT :   13560.168558 s : SU(2)-subgroup heatbath 974 has P = 0.5938413034400453, R_2x1 = 0.3839306220557104
GPT :   13573.366112 s : SU(2)-subgroup heatbath 975 has P = 0.5939479920275861, R_2x1 = 0.3841538371558958
GPT :   13586.032109 s : SU(2)-subgroup heatbath 976 has P = 0.5940064062678235, R_2x1 = 0.3836574973540472
GPT :   13598.930218 s : SU(2)-subgroup heatbath 977 has P = 0.5939467393352108, R_2x1 = 0.38404912023698545
GPT :   13611.751440 s : SU(2)-subgroup heatbath 978 has P = 0.5940101618215895, R_2x1 = 0.38403972656251717
GPT :   13624.688918 s : SU(2)-subgroup heatbath 979 has P = 0.5936105911252986, R_2x1 = 0.38364195239924614
GPT :   13637.985391 s : SU(2)-subgroup heatbath 980 has P = 0.5935185099074245, R_2x1 = 0.38326165991864886
GPT :   13651.076804 s : SU(2)-subgroup heatbath 981 has P = 0.59368155282385, R_2x1 = 0.38362530199610145
GPT :   13663.814466 s : SU(2)-subgroup heatbath 982 has P = 0.5937675985471734, R_2x1 = 0.38384230982311235
GPT :   13676.295008 s : SU(2)-subgroup heatbath 983 has P = 0.5935479799237025, R_2x1 = 0.383632682999
GPT :   13689.360147 s : SU(2)-subgroup heatbath 984 has P = 0.594055644245253, R_2x1 = 0.38381383405856795
GPT :   13702.158603 s : SU(2)-subgroup heatbath 985 has P = 0.5936230517476785, R_2x1 = 0.3837392751986613
GPT :   13715.048510 s : SU(2)-subgroup heatbath 986 has P = 0.59342726767219, R_2x1 = 0.38313850216800616
GPT :   13727.477023 s : SU(2)-subgroup heatbath 987 has P = 0.5937717079192224, R_2x1 = 0.3836785997440595
GPT :   13740.750018 s : SU(2)-subgroup heatbath 988 has P = 0.5941158366360189, R_2x1 = 0.3840910514705651
GPT :   13753.778824 s : SU(2)-subgroup heatbath 989 has P = 0.5937788105544216, R_2x1 = 0.38375177406304783
GPT :   13766.810825 s : SU(2)-subgroup heatbath 990 has P = 0.5935863013567083, R_2x1 = 0.3834618421090795
GPT :   13779.796122 s : SU(2)-subgroup heatbath 991 has P = 0.5935933762763815, R_2x1 = 0.38337874056151483
GPT :   13792.652034 s : SU(2)-subgroup heatbath 992 has P = 0.5935119869441021, R_2x1 = 0.38351831993889096
GPT :   13805.398215 s : SU(2)-subgroup heatbath 993 has P = 0.5935175130888887, R_2x1 = 0.38332114205555373
GPT :   13818.176257 s : SU(2)-subgroup heatbath 994 has P = 0.5935404608396363, R_2x1 = 0.3835923150850246
GPT :   13830.733253 s : SU(2)-subgroup heatbath 995 has P = 0.5937965367197495, R_2x1 = 0.38379646999215866
GPT :   13843.750830 s : SU(2)-subgroup heatbath 996 has P = 0.5935472629832127, R_2x1 = 0.38330354882506423
GPT :   13856.972049 s : SU(2)-subgroup heatbath 997 has P = 0.5932302198112321, R_2x1 = 0.3832962225744235
GPT :   13869.888065 s : SU(2)-subgroup heatbath 998 has P = 0.5937196873529592, R_2x1 = 0.3834112385103226
GPT :   13882.891274 s : SU(2)-subgroup heatbath 999 has P = 0.593694662735356, R_2x1 = 0.38337799686217056
GPT :   13896.968071 s : Write 0.177979 GB at 0.144815 GB/s (0.238687 GB/s for distribution, 1.05309 GB/s for writing, 21.9739 GB/s for checksum, 1 writers)
GPT :   13897.232365 s : SU(2)-subgroup heatbath 1000 has P = 0.5937530073939618, R_2x1 = 0.3838343670803219
GPT :   13909.729476 s : SU(2)-subgroup heatbath 1001 has P = 0.5937446831456851, R_2x1 = 0.38356692535437437
GPT :   13923.062160 s : SU(2)-subgroup heatbath 1002 has P = 0.5936374239216885, R_2x1 = 0.3836957100660037
GPT :   13936.085810 s : SU(2)-subgroup heatbath 1003 has P = 0.5933286876953046, R_2x1 = 0.3830562159436601
GPT :   13949.126093 s : SU(2)-subgroup heatbath 1004 has P = 0.5938207520387623, R_2x1 = 0.383623824196517
GPT :   13961.509473 s : SU(2)-subgroup heatbath 1005 has P = 0.5937555033589136, R_2x1 = 0.3836528384337593
GPT :   13974.718461 s : SU(2)-subgroup heatbath 1006 has P = 0.5937252003008868, R_2x1 = 0.383378617835696
GPT :   13987.646702 s : SU(2)-subgroup heatbath 1007 has P = 0.5936421332546956, R_2x1 = 0.38362184659422044
GPT :   14000.456100 s : SU(2)-subgroup heatbath 1008 has P = 0.5932956711216063, R_2x1 = 0.3829745802215267
GPT :   14013.363317 s : SU(2)-subgroup heatbath 1009 has P = 0.5931815652829396, R_2x1 = 0.382804378894173
GPT :   14026.151285 s : SU(2)-subgroup heatbath 1010 has P = 0.5935861285851682, R_2x1 = 0.3836079585399788
GPT :   14039.267408 s : SU(2)-subgroup heatbath 1011 has P = 0.5935262817979833, R_2x1 = 0.3834678983650511
GPT :   14052.052256 s : SU(2)-subgroup heatbath 1012 has P = 0.5938661825579302, R_2x1 = 0.3840129326418856
GPT :   14065.170219 s : SU(2)-subgroup heatbath 1013 has P = 0.5938939700226636, R_2x1 = 0.3838570349623704
GPT :   14078.279169 s : SU(2)-subgroup heatbath 1014 has P = 0.5938172575347532, R_2x1 = 0.3837664436774926
GPT :   14091.138234 s : SU(2)-subgroup heatbath 1015 has P = 0.5936334169530666, R_2x1 = 0.38348566419991853
GPT :   14104.023374 s : SU(2)-subgroup heatbath 1016 has P = 0.593523575787577, R_2x1 = 0.38336540520236895
GPT :   14116.794339 s : SU(2)-subgroup heatbath 1017 has P = 0.5937975400743066, R_2x1 = 0.3837035435311712
GPT :   14129.160616 s : SU(2)-subgroup heatbath 1018 has P = 0.5937295966017394, R_2x1 = 0.38360393497787887
GPT :   14141.837022 s : SU(2)-subgroup heatbath 1019 has P = 0.5936474177268282, R_2x1 = 0.3835411695074092
GPT :   14154.967273 s : SU(2)-subgroup heatbath 1020 has P = 0.59375359893701, R_2x1 = 0.38359776384022803
GPT :   14167.955480 s : SU(2)-subgroup heatbath 1021 has P = 0.5934993430913863, R_2x1 = 0.3832434054929038
GPT :   14181.058738 s : SU(2)-subgroup heatbath 1022 has P = 0.5938197586026067, R_2x1 = 0.3838281653626132
GPT :   14193.883528 s : SU(2)-subgroup heatbath 1023 has P = 0.5940115678419596, R_2x1 = 0.38401388715229184
GPT :   14206.883686 s : SU(2)-subgroup heatbath 1024 has P = 0.5941166161884025, R_2x1 = 0.38391469153542906
GPT :   14219.880413 s : SU(2)-subgroup heatbath 1025 has P = 0.5939137264175892, R_2x1 = 0.38409622883756805
GPT :   14232.762568 s : SU(2)-subgroup heatbath 1026 has P = 0.5941902056181381, R_2x1 = 0.3843116386459433
GPT :   14245.662161 s : SU(2)-subgroup heatbath 1027 has P = 0.5939518799406669, R_2x1 = 0.38411181588202514
GPT :   14258.635094 s : SU(2)-subgroup heatbath 1028 has P = 0.5936279510457177, R_2x1 = 0.3834392281351629
GPT :   14271.676986 s : SU(2)-subgroup heatbath 1029 has P = 0.5935970985416192, R_2x1 = 0.38358386404378286
GPT :   14284.464842 s : SU(2)-subgroup heatbath 1030 has P = 0.5932907940832631, R_2x1 = 0.3834357802933436
GPT :   14297.591156 s : SU(2)-subgroup heatbath 1031 has P = 0.5936179880666218, R_2x1 = 0.383417985409911
GPT :   14310.641675 s : SU(2)-subgroup heatbath 1032 has P = 0.5939666248221231, R_2x1 = 0.38415416693856125
GPT :   14323.299702 s : SU(2)-subgroup heatbath 1033 has P = 0.593827309330225, R_2x1 = 0.38382827344456627
GPT :   14336.353566 s : SU(2)-subgroup heatbath 1034 has P = 0.5939385893241357, R_2x1 = 0.3838648285156826
GPT :   14349.012983 s : SU(2)-subgroup heatbath 1035 has P = 0.5935386476304766, R_2x1 = 0.38345198127048985
GPT :   14362.133888 s : SU(2)-subgroup heatbath 1036 has P = 0.5936409804917598, R_2x1 = 0.38350597302258543
GPT :   14374.953164 s : SU(2)-subgroup heatbath 1037 has P = 0.5936092302832053, R_2x1 = 0.3835881784894611
GPT :   14388.067511 s : SU(2)-subgroup heatbath 1038 has P = 0.5937830595370495, R_2x1 = 0.38416041907872717
GPT :   14401.039429 s : SU(2)-subgroup heatbath 1039 has P = 0.5937429480527704, R_2x1 = 0.38372297507009917
GPT :   14415.267990 s : Write 0.177979 GB at 0.137933 GB/s (0.214836 GB/s for distribution, 1.15575 GB/s for writing, 23.7088 GB/s for checksum, 1 writers)
GPT :   14415.537095 s : SU(2)-subgroup heatbath 1040 has P = 0.593468526852968, R_2x1 = 0.3834915896877059
GPT :   14428.856595 s : SU(2)-subgroup heatbath 1041 has P = 0.5936601225557395, R_2x1 = 0.3833089510472077
GPT :   14442.108866 s : SU(2)-subgroup heatbath 1042 has P = 0.5937767083693398, R_2x1 = 0.3837403478774734
GPT :   14455.677324 s : SU(2)-subgroup heatbath 1043 has P = 0.5935860790591273, R_2x1 = 0.38335243196937396
GPT :   14468.554165 s : SU(2)-subgroup heatbath 1044 has P = 0.5937441038906106, R_2x1 = 0.3836586474490406
GPT :   14482.068518 s : SU(2)-subgroup heatbath 1045 has P = 0.593683645541938, R_2x1 = 0.3834818382989614
GPT :   14495.412283 s : SU(2)-subgroup heatbath 1046 has P = 0.5937796609099425, R_2x1 = 0.38381701497336923
GPT :   14508.880306 s : SU(2)-subgroup heatbath 1047 has P = 0.5934875333456093, R_2x1 = 0.38320549544559485
GPT :   14521.886106 s : SU(2)-subgroup heatbath 1048 has P = 0.5933669800551266, R_2x1 = 0.3832125303824657
GPT :   14534.862618 s : SU(2)-subgroup heatbath 1049 has P = 0.5934827170375744, R_2x1 = 0.38322208522002554
GPT :   14547.707116 s : SU(2)-subgroup heatbath 1050 has P = 0.5936705517988224, R_2x1 = 0.3834565117940363
GPT :   14560.783890 s : SU(2)-subgroup heatbath 1051 has P = 0.5937148506128154, R_2x1 = 0.3836265680997078
GPT :   14573.976016 s : SU(2)-subgroup heatbath 1052 has P = 0.593807011624355, R_2x1 = 0.38356468059327514
GPT :   14587.488263 s : SU(2)-subgroup heatbath 1053 has P = 0.5936453818146343, R_2x1 = 0.38337676796651976
GPT :   14601.187700 s : SU(2)-subgroup heatbath 1054 has P = 0.5940854020289699, R_2x1 = 0.38407739583359174
GPT :   14614.211417 s : SU(2)-subgroup heatbath 1055 has P = 0.5937121648373849, R_2x1 = 0.3836271916501622
GPT :   14627.610891 s : SU(2)-subgroup heatbath 1056 has P = 0.5934714064151649, R_2x1 = 0.3832841834992973
GPT :   14641.098591 s : SU(2)-subgroup heatbath 1057 has P = 0.5936199371903602, R_2x1 = 0.3835795588463475
GPT :   14654.334008 s : SU(2)-subgroup heatbath 1058 has P = 0.5939567167306069, R_2x1 = 0.38377967220552783
GPT :   14667.832600 s : SU(2)-subgroup heatbath 1059 has P = 0.5939131558310262, R_2x1 = 0.3840870496918665
GPT :   14680.999707 s : SU(2)-subgroup heatbath 1060 has P = 0.5936129430862497, R_2x1 = 0.38353398507671094
GPT :   14694.609555 s : SU(2)-subgroup heatbath 1061 has P = 0.5938589889674418, R_2x1 = 0.3837955512976657
GPT :   14707.904711 s : SU(2)-subgroup heatbath 1062 has P = 0.5936995650822511, R_2x1 = 0.38367745884064686
GPT :   14721.472231 s : SU(2)-subgroup heatbath 1063 has P = 0.5937032026281254, R_2x1 = 0.3834773625637569
GPT :   14734.565901 s : SU(2)-subgroup heatbath 1064 has P = 0.5937493717425076, R_2x1 = 0.38374011217046994
GPT :   14748.013276 s : SU(2)-subgroup heatbath 1065 has P = 0.5938390409025526, R_2x1 = 0.3836501781915926
GPT :   14761.276370 s : SU(2)-subgroup heatbath 1066 has P = 0.5937112506927228, R_2x1 = 0.38351028979337826
GPT :   14773.968042 s : SU(2)-subgroup heatbath 1067 has P = 0.5938767649404127, R_2x1 = 0.3838699947060757
GPT :   14786.979018 s : SU(2)-subgroup heatbath 1068 has P = 0.5940668093414371, R_2x1 = 0.38416969816378116
GPT :   14799.940364 s : SU(2)-subgroup heatbath 1069 has P = 0.5936810234740201, R_2x1 = 0.38343049523667977
GPT :   14813.156935 s : SU(2)-subgroup heatbath 1070 has P = 0.5936007180221408, R_2x1 = 0.3836143071119429
GPT :   14826.460877 s : SU(2)-subgroup heatbath 1071 has P = 0.5938689551937241, R_2x1 = 0.3840766207565603
GPT :   14839.830486 s : SU(2)-subgroup heatbath 1072 has P = 0.5936875863616382, R_2x1 = 0.3839693381885469
GPT :   14852.908743 s : SU(2)-subgroup heatbath 1073 has P = 0.5936437480474064, R_2x1 = 0.38345154656071556
GPT :   14866.014282 s : SU(2)-subgroup heatbath 1074 has P = 0.5936100238977572, R_2x1 = 0.3837920462433905
GPT :   14879.008230 s : SU(2)-subgroup heatbath 1075 has P = 0.5937362933275935, R_2x1 = 0.38392487801167496
GPT :   14891.947497 s : SU(2)-subgroup heatbath 1076 has P = 0.5934910801615526, R_2x1 = 0.38355929678008205
GPT :   14905.496153 s : SU(2)-subgroup heatbath 1077 has P = 0.5936060435738056, R_2x1 = 0.3831240204334466
GPT :   14918.926548 s : SU(2)-subgroup heatbath 1078 has P = 0.5938686106623333, R_2x1 = 0.3838765418598939
GPT :   14932.136503 s : SU(2)-subgroup heatbath 1079 has P = 0.5939298132710203, R_2x1 = 0.3838927148686793
GPT :   14946.407126 s : Write 0.177979 GB at 0.136429 GB/s (0.216954 GB/s for distribution, 1.19269 GB/s for writing, 14.5826 GB/s for checksum, 1 writers)
GPT :   14946.683568 s : SU(2)-subgroup heatbath 1080 has P = 0.5935232975051262, R_2x1 = 0.383545873810285
GPT :   14960.058744 s : SU(2)-subgroup heatbath 1081 has P = 0.5935459672463409, R_2x1 = 0.38366904490238035
GPT :   14972.881543 s : SU(2)-subgroup heatbath 1082 has P = 0.5935878732426282, R_2x1 = 0.3834428498287669
GPT :   14986.078962 s : SU(2)-subgroup heatbath 1083 has P = 0.5935732604560195, R_2x1 = 0.3835988726477224
GPT :   14998.978235 s : SU(2)-subgroup heatbath 1084 has P = 0.5937457315342046, R_2x1 = 0.38359578291669905
GPT :   15012.098864 s : SU(2)-subgroup heatbath 1085 has P = 0.5936915552370635, R_2x1 = 0.3834034819367535
GPT :   15025.496475 s : SU(2)-subgroup heatbath 1086 has P = 0.5934725801622724, R_2x1 = 0.3830793366851786
GPT :   15038.882115 s : SU(2)-subgroup heatbath 1087 has P = 0.593555704958341, R_2x1 = 0.3833598040817619
GPT :   15052.220550 s : SU(2)-subgroup heatbath 1088 has P = 0.5936512373661827, R_2x1 = 0.38343064037877816
GPT :   15065.759988 s : SU(2)-subgroup heatbath 1089 has P = 0.5935901119535482, R_2x1 = 0.38356497156424735
GPT :   15078.933824 s : SU(2)-subgroup heatbath 1090 has P = 0.5936120692371255, R_2x1 = 0.3835802693490021
GPT :   15091.981691 s : SU(2)-subgroup heatbath 1091 has P = 0.5936040085643849, R_2x1 = 0.38335536623901595
GPT :   15104.711752 s : SU(2)-subgroup heatbath 1092 has P = 0.5935347420135892, R_2x1 = 0.38330742673653784
GPT :   15117.967221 s : SU(2)-subgroup heatbath 1093 has P = 0.5936808921440363, R_2x1 = 0.38340429498187834
GPT :   15130.985970 s : SU(2)-subgroup heatbath 1094 has P = 0.5934466989844545, R_2x1 = 0.38327220207685153
GPT :   15143.823637 s : SU(2)-subgroup heatbath 1095 has P = 0.5934591926355199, R_2x1 = 0.38321367741664175
GPT :   15157.423542 s : SU(2)-subgroup heatbath 1096 has P = 0.5932950006038898, R_2x1 = 0.38313879634667247
GPT :   15170.583602 s : SU(2)-subgroup heatbath 1097 has P = 0.5933779463654364, R_2x1 = 0.3832493833920195
GPT :   15184.049362 s : SU(2)-subgroup heatbath 1098 has P = 0.5933957997543239, R_2x1 = 0.3831224192200305
GPT :   15197.109540 s : SU(2)-subgroup heatbath 1099 has P = 0.5935650717576059, R_2x1 = 0.3834590620822309
GPT :   15210.379087 s : SU(2)-subgroup heatbath 1100 has P = 0.5935648595686523, R_2x1 = 0.3833671474864999
GPT :   15223.673695 s : SU(2)-subgroup heatbath 1101 has P = 0.593862351390252, R_2x1 = 0.38388563933795233
GPT :   15237.120377 s : SU(2)-subgroup heatbath 1102 has P = 0.5937847189322861, R_2x1 = 0.3838945402054483
GPT :   15250.409307 s : SU(2)-subgroup heatbath 1103 has P = 0.5940386304333745, R_2x1 = 0.3841638503681979
GPT :   15263.498849 s : SU(2)-subgroup heatbath 1104 has P = 0.5938292667357288, R_2x1 = 0.3838351271681832
GPT :   15276.764905 s : SU(2)-subgroup heatbath 1105 has P = 0.5938991422539056, R_2x1 = 0.3841786231198419
GPT :   15289.955518 s : SU(2)-subgroup heatbath 1106 has P = 0.5935488535772819, R_2x1 = 0.38366667455004894
GPT :   15303.205801 s : SU(2)-subgroup heatbath 1107 has P = 0.5940980369500147, R_2x1 = 0.384029499795492
GPT :   15316.599608 s : SU(2)-subgroup heatbath 1108 has P = 0.5939393273264937, R_2x1 = 0.3840097705504025
GPT :   15329.878432 s : SU(2)-subgroup heatbath 1109 has P = 0.5940130124869384, R_2x1 = 0.3843470062188738
GPT :   15342.869294 s : SU(2)-subgroup heatbath 1110 has P = 0.5938372698712983, R_2x1 = 0.38377316023578856
GPT :   15356.252718 s : SU(2)-subgroup heatbath 1111 has P = 0.5936957808160657, R_2x1 = 0.38363186633929336
GPT :   15369.409864 s : SU(2)-subgroup heatbath 1112 has P = 0.5936132440045571, R_2x1 = 0.3837153252615746
GPT :   15382.766955 s : SU(2)-subgroup heatbath 1113 has P = 0.5936623341957571, R_2x1 = 0.383895160941028
GPT :   15395.248324 s : SU(2)-subgroup heatbath 1114 has P = 0.5939995872059282, R_2x1 = 0.38378711141313687
GPT :   15408.276834 s : SU(2)-subgroup heatbath 1115 has P = 0.5940165679538836, R_2x1 = 0.38380571579798534
GPT :   15421.618456 s : SU(2)-subgroup heatbath 1116 has P = 0.5937447821393308, R_2x1 = 0.3837173593032447
GPT :   15434.886284 s : SU(2)-subgroup heatbath 1117 has P = 0.5937634437727363, R_2x1 = 0.38393692640827376
GPT :   15448.359766 s : SU(2)-subgroup heatbath 1118 has P = 0.5938284084205826, R_2x1 = 0.3839635956699795
GPT :   15461.897567 s : SU(2)-subgroup heatbath 1119 has P = 0.5935721118158265, R_2x1 = 0.38352398021161244
GPT :   15475.923680 s : Write 0.177979 GB at 0.147073 GB/s (0.239013 GB/s for distribution, 1.19542 GB/s for writing, 23.5852 GB/s for checksum, 1 writers)
GPT :   15476.183296 s : SU(2)-subgroup heatbath 1120 has P = 0.593602510768544, R_2x1 = 0.3835085489838955
GPT :   15489.115657 s : SU(2)-subgroup heatbath 1121 has P = 0.5937077869948286, R_2x1 = 0.38363539990858014
GPT :   15502.328200 s : SU(2)-subgroup heatbath 1122 has P = 0.5937725353063241, R_2x1 = 0.3837871472356589
GPT :   15515.697121 s : SU(2)-subgroup heatbath 1123 has P = 0.593475706543458, R_2x1 = 0.38332317284759254
GPT :   15528.989393 s : SU(2)-subgroup heatbath 1124 has P = 0.5935388537241973, R_2x1 = 0.3831660667817785
GPT :   15542.369806 s : SU(2)-subgroup heatbath 1125 has P = 0.5935669552543418, R_2x1 = 0.383299209492324
GPT :   15555.677714 s : SU(2)-subgroup heatbath 1126 has P = 0.5933946399110238, R_2x1 = 0.3834510764003731
GPT :   15568.976606 s : SU(2)-subgroup heatbath 1127 has P = 0.5934022688364669, R_2x1 = 0.3833120281631031
GPT :   15582.218332 s : SU(2)-subgroup heatbath 1128 has P = 0.5934690916240163, R_2x1 = 0.38324006805787963
GPT :   15595.387053 s : SU(2)-subgroup heatbath 1129 has P = 0.593642396399839, R_2x1 = 0.38352563803622836
GPT :   15608.691115 s : SU(2)-subgroup heatbath 1130 has P = 0.5936558179821532, R_2x1 = 0.38347223149382614
GPT :   15622.002198 s : SU(2)-subgroup heatbath 1131 has P = 0.593649742662628, R_2x1 = 0.38334559810230523
GPT :   15634.993102 s : SU(2)-subgroup heatbath 1132 has P = 0.5935193268108904, R_2x1 = 0.3832461644550883
GPT :   15648.178054 s : SU(2)-subgroup heatbath 1133 has P = 0.5935878429820302, R_2x1 = 0.3835335601505916
GPT :   15661.464143 s : SU(2)-subgroup heatbath 1134 has P = 0.5936886290784174, R_2x1 = 0.3836317671571981
GPT :   15674.907813 s : SU(2)-subgroup heatbath 1135 has P = 0.5939190190345544, R_2x1 = 0.3839540950861169
GPT :   15688.238266 s : SU(2)-subgroup heatbath 1136 has P = 0.5935086879798043, R_2x1 = 0.38344457867626025
GPT :   15701.576573 s : SU(2)-subgroup heatbath 1137 has P = 0.5937956728437868, R_2x1 = 0.38363129843132526
GPT :   15714.858576 s : SU(2)-subgroup heatbath 1138 has P = 0.5935510636887861, R_2x1 = 0.38338691144319187
GPT :   15727.709370 s : SU(2)-subgroup heatbath 1139 has P = 0.5932132757851082, R_2x1 = 0.3828277988554754
GPT :   15740.746243 s : SU(2)-subgroup heatbath 1140 has P = 0.5933404004065915, R_2x1 = 0.3831040541561909
GPT :   15753.254520 s : SU(2)-subgroup heatbath 1141 has P = 0.5935390209141581, R_2x1 = 0.3836238682419047
GPT :   15766.277503 s : SU(2)-subgroup heatbath 1142 has P = 0.5938787268986265, R_2x1 = 0.3839849526593566
GPT :   15779.602602 s : SU(2)-subgroup heatbath 1143 has P = 0.5937653833278681, R_2x1 = 0.38342501461898953
GPT :   15793.393098 s : SU(2)-subgroup heatbath 1144 has P = 0.5938667966065884, R_2x1 = 0.3839644197600429
GPT :   15806.547236 s : SU(2)-subgroup heatbath 1145 has P = 0.5939503779443713, R_2x1 = 0.38383067411331995
GPT :   15820.018161 s : SU(2)-subgroup heatbath 1146 has P = 0.5937914370551006, R_2x1 = 0.3836633097436441
GPT :   15833.419827 s : SU(2)-subgroup heatbath 1147 has P = 0.593617136501053, R_2x1 = 0.38351380190760215
GPT :   15846.565367 s : SU(2)-subgroup heatbath 1148 has P = 0.5938193840199478, R_2x1 = 0.384038055100297
GPT :   15859.641858 s : SU(2)-subgroup heatbath 1149 has P = 0.5936700279651127, R_2x1 = 0.3834569035623764
GPT :   15872.676463 s : SU(2)-subgroup heatbath 1150 has P = 0.5937069142635533, R_2x1 = 0.38368108523221667
GPT :   15885.860035 s : SU(2)-subgroup heatbath 1151 has P = 0.5940661991182417, R_2x1 = 0.384018528948431
GPT :   15898.705506 s : SU(2)-subgroup heatbath 1152 has P = 0.5938519576436102, R_2x1 = 0.38364340061975366
GPT :   15911.948678 s : SU(2)-subgroup heatbath 1153 has P = 0.5935254894296318, R_2x1 = 0.38347063350064925
GPT :   15925.072314 s : SU(2)-subgroup heatbath 1154 has P = 0.5935879754666494, R_2x1 = 0.3835529012541855
GPT :   15937.988714 s : SU(2)-subgroup heatbath 1155 has P = 0.5933593465610701, R_2x1 = 0.383280873156223
GPT :   15951.291296 s : SU(2)-subgroup heatbath 1156 has P = 0.593432874386244, R_2x1 = 0.38332298810123994
GPT :   15964.518615 s : SU(2)-subgroup heatbath 1157 has P = 0.5935036784824735, R_2x1 = 0.38326750972209217
GPT :   15977.938365 s : SU(2)-subgroup heatbath 1158 has P = 0.5934742049588866, R_2x1 = 0.3832888271447412
GPT :   15991.294963 s : SU(2)-subgroup heatbath 1159 has P = 0.5935715399139856, R_2x1 = 0.38322579446259186
GPT :   16005.591307 s : Write 0.177979 GB at 0.152252 GB/s (0.252347 GB/s for distribution, 1.1695 GB/s for writing, 23.1106 GB/s for checksum, 1 writers)
GPT :   16005.872077 s : SU(2)-subgroup heatbath 1160 has P = 0.5935431855630586, R_2x1 = 0.3831994745329991
GPT :   16019.005718 s : SU(2)-subgroup heatbath 1161 has P = 0.5935170072227869, R_2x1 = 0.3833054339026206
GPT :   16032.682294 s : SU(2)-subgroup heatbath 1162 has P = 0.5933078684003369, R_2x1 = 0.38310989060341233
GPT :   16045.873482 s : SU(2)-subgroup heatbath 1163 has P = 0.5929295583818449, R_2x1 = 0.3826206953230998
GPT :   16059.146793 s : SU(2)-subgroup heatbath 1164 has P = 0.5932178338369029, R_2x1 = 0.3828213750760096
GPT :   16072.606875 s : SU(2)-subgroup heatbath 1165 has P = 0.5935143532057061, R_2x1 = 0.3831863214766643
GPT :   16085.816041 s : SU(2)-subgroup heatbath 1166 has P = 0.5937033069459497, R_2x1 = 0.3835746759386175
GPT :   16099.294682 s : SU(2)-subgroup heatbath 1167 has P = 0.5937359213798616, R_2x1 = 0.3837636490771692
GPT :   16112.309433 s : SU(2)-subgroup heatbath 1168 has P = 0.5939443540263805, R_2x1 = 0.3839548148956522
GPT :   16125.192979 s : SU(2)-subgroup heatbath 1169 has P = 0.5943065915035385, R_2x1 = 0.38447466016400544
GPT :   16137.980431 s : SU(2)-subgroup heatbath 1170 has P = 0.5939328383340889, R_2x1 = 0.3841151517207578
GPT :   16151.126118 s : SU(2)-subgroup heatbath 1171 has P = 0.5937050898492083, R_2x1 = 0.3835935229567885
GPT :   16164.452573 s : SU(2)-subgroup heatbath 1172 has P = 0.5935388052450392, R_2x1 = 0.3835304935414005
GPT :   16177.459059 s : SU(2)-subgroup heatbath 1173 has P = 0.5938376730043912, R_2x1 = 0.3836566445548072
GPT :   16190.699781 s : SU(2)-subgroup heatbath 1174 has P = 0.5934868123658477, R_2x1 = 0.38332422626119966
GPT :   16203.821716 s : SU(2)-subgroup heatbath 1175 has P = 0.5936837616099133, R_2x1 = 0.383863855625819
GPT :   16216.939808 s : SU(2)-subgroup heatbath 1176 has P = 0.5933622013403826, R_2x1 = 0.38323840123856373
GPT :   16230.293529 s : SU(2)-subgroup heatbath 1177 has P = 0.5934880970883981, R_2x1 = 0.3832739412849425
GPT :   16243.599457 s : SU(2)-subgroup heatbath 1178 has P = 0.593952089487672, R_2x1 = 0.38354090706390287
GPT :   16257.140212 s : SU(2)-subgroup heatbath 1179 has P = 0.5937039683667708, R_2x1 = 0.38315176598084927
GPT :   16270.264452 s : SU(2)-subgroup heatbath 1180 has P = 0.5935834989439573, R_2x1 = 0.3832357271812271
GPT :   16283.492951 s : SU(2)-subgroup heatbath 1181 has P = 0.5935458704104467, R_2x1 = 0.38362450633692197
GPT :   16296.341367 s : SU(2)-subgroup heatbath 1182 has P = 0.5936644845184397, R_2x1 = 0.38337996486794873
GPT :   16309.306026 s : SU(2)-subgroup heatbath 1183 has P = 0.5937771661226262, R_2x1 = 0.3839032889415799
GPT :   16322.369207 s : SU(2)-subgroup heatbath 1184 has P = 0.5934372772829158, R_2x1 = 0.3834806394666435
GPT :   16334.962710 s : SU(2)-subgroup heatbath 1185 has P = 0.593964745192815, R_2x1 = 0.3839747928114445
GPT :   16348.288599 s : SU(2)-subgroup heatbath 1186 has P = 0.5939877756471, R_2x1 = 0.38411596240039814
GPT :   16361.489596 s : SU(2)-subgroup heatbath 1187 has P = 0.5938385444003785, R_2x1 = 0.3838634426020167
GPT :   16374.864885 s : SU(2)-subgroup heatbath 1188 has P = 0.5937663006263466, R_2x1 = 0.38372148506307047
GPT :   16388.303062 s : SU(2)-subgroup heatbath 1189 has P = 0.5933740910618607, R_2x1 = 0.38327863166933135
GPT :   16401.527370 s : SU(2)-subgroup heatbath 1190 has P = 0.5936749706801377, R_2x1 = 0.3837776139074911
GPT :   16414.589213 s : SU(2)-subgroup heatbath 1191 has P = 0.5936879702869673, R_2x1 = 0.3833070165642518
GPT :   16428.203466 s : SU(2)-subgroup heatbath 1192 has P = 0.5936296864794107, R_2x1 = 0.38331644708373147
GPT :   16441.863509 s : SU(2)-subgroup heatbath 1193 has P = 0.5936666947128187, R_2x1 = 0.383478115446611
GPT :   16455.039171 s : SU(2)-subgroup heatbath 1194 has P = 0.5938968937336405, R_2x1 = 0.38398761924367497
GPT :   16468.237168 s : SU(2)-subgroup heatbath 1195 has P = 0.5937123634162101, R_2x1 = 0.3836955906498099
GPT :   16481.099975 s : SU(2)-subgroup heatbath 1196 has P = 0.5932662060029988, R_2x1 = 0.3830374710557961
GPT :   16493.798925 s : SU(2)-subgroup heatbath 1197 has P = 0.5934084324528531, R_2x1 = 0.3833124781264229
GPT :   16507.495948 s : SU(2)-subgroup heatbath 1198 has P = 0.5936489921477011, R_2x1 = 0.38354582819111094
GPT :   16520.530855 s : SU(2)-subgroup heatbath 1199 has P = 0.5939443681521762, R_2x1 = 0.38386161973267113
GPT :   16534.673383 s : Write 0.177979 GB at 0.135214 GB/s (0.208199 GB/s for distribution, 1.15936 GB/s for writing, 22.9854 GB/s for checksum, 1 writers)
GPT :   16534.937001 s : SU(2)-subgroup heatbath 1200 has P = 0.5937311700797749, R_2x1 = 0.38377152129451303
GPT :   16548.434861 s : SU(2)-subgroup heatbath 1201 has P = 0.5940069284291234, R_2x1 = 0.3841629998996888
GPT :   16561.596889 s : SU(2)-subgroup heatbath 1202 has P = 0.5938173702099835, R_2x1 = 0.3838236835661654
GPT :   16574.884351 s : SU(2)-subgroup heatbath 1203 has P = 0.5935082631809255, R_2x1 = 0.383203857744262
GPT :   16588.736188 s : SU(2)-subgroup heatbath 1204 has P = 0.593752995676852, R_2x1 = 0.3836879392017179
GPT :   16602.060172 s : SU(2)-subgroup heatbath 1205 has P = 0.5938844356087077, R_2x1 = 0.3834404359336295
GPT :   16615.417497 s : SU(2)-subgroup heatbath 1206 has P = 0.5941072284420325, R_2x1 = 0.384003536544573
GPT :   16628.443437 s : SU(2)-subgroup heatbath 1207 has P = 0.5938779755498552, R_2x1 = 0.38414815862939444
GPT :   16641.781119 s : SU(2)-subgroup heatbath 1208 has P = 0.5938604896039797, R_2x1 = 0.3835801876157446
GPT :   16654.854609 s : SU(2)-subgroup heatbath 1209 has P = 0.5938593286209465, R_2x1 = 0.3837620601775527
GPT :   16668.152371 s : SU(2)-subgroup heatbath 1210 has P = 0.5937013222654917, R_2x1 = 0.38353219612861034
GPT :   16681.406469 s : SU(2)-subgroup heatbath 1211 has P = 0.5939388334780574, R_2x1 = 0.3841018604509014
GPT :   16694.881944 s : SU(2)-subgroup heatbath 1212 has P = 0.5938245072396174, R_2x1 = 0.38385266065761775
GPT :   16708.172077 s : SU(2)-subgroup heatbath 1213 has P = 0.5938551288948115, R_2x1 = 0.3835656833785454
GPT :   16721.503612 s : SU(2)-subgroup heatbath 1214 has P = 0.5937248545500787, R_2x1 = 0.38378969237628985
GPT :   16734.478938 s : SU(2)-subgroup heatbath 1215 has P = 0.5937146266406071, R_2x1 = 0.3836366297671082
GPT :   16747.623942 s : SU(2)-subgroup heatbath 1216 has P = 0.5944880724276482, R_2x1 = 0.3844746683227438
GPT :   16760.437195 s : SU(2)-subgroup heatbath 1217 has P = 0.5940740804960177, R_2x1 = 0.38412454622460895
GPT :   16773.695354 s : SU(2)-subgroup heatbath 1218 has P = 0.5937371462900588, R_2x1 = 0.3838681687334259
GPT :   16786.828782 s : SU(2)-subgroup heatbath 1219 has P = 0.5939143898436207, R_2x1 = 0.38410768205504636
GPT :   16799.994339 s : SU(2)-subgroup heatbath 1220 has P = 0.5940273294626964, R_2x1 = 0.38409167836271424
GPT :   16812.927738 s : SU(2)-subgroup heatbath 1221 has P = 0.5939467252932225, R_2x1 = 0.38385298749117785
GPT :   16826.009208 s : SU(2)-subgroup heatbath 1222 has P = 0.5937418641509332, R_2x1 = 0.38392618598837774
GPT :   16839.272392 s : SU(2)-subgroup heatbath 1223 has P = 0.5934470211417685, R_2x1 = 0.38327030794764033
GPT :   16852.542510 s : SU(2)-subgroup heatbath 1224 has P = 0.5933370939269823, R_2x1 = 0.3831118633351893
GPT :   16865.749113 s : SU(2)-subgroup heatbath 1225 has P = 0.5939931224344008, R_2x1 = 0.3841358914794053
GPT :   16879.065914 s : SU(2)-subgroup heatbath 1226 has P = 0.594260244232982, R_2x1 = 0.3843860175183598
GPT :   16892.159832 s : SU(2)-subgroup heatbath 1227 has P = 0.5937854502301546, R_2x1 = 0.38405202844837205
GPT :   16904.858554 s : SU(2)-subgroup heatbath 1228 has P = 0.5937708896666948, R_2x1 = 0.38393048136384156
GPT :   16918.258597 s : SU(2)-subgroup heatbath 1229 has P = 0.5936798072862194, R_2x1 = 0.38344201783581544
GPT :   16931.358504 s : SU(2)-subgroup heatbath 1230 has P = 0.5935135792125245, R_2x1 = 0.3834244808324341
GPT :   16944.631544 s : SU(2)-subgroup heatbath 1231 has P = 0.593497829374043, R_2x1 = 0.38358843929129377
GPT :   16957.387272 s : SU(2)-subgroup heatbath 1232 has P = 0.5934209857688689, R_2x1 = 0.3833876272396509
GPT :   16970.702551 s : SU(2)-subgroup heatbath 1233 has P = 0.5934151882034971, R_2x1 = 0.38344422713549575
GPT :   16984.175231 s : SU(2)-subgroup heatbath 1234 has P = 0.593792840944755, R_2x1 = 0.3838539449549036
GPT :   16997.096794 s : SU(2)-subgroup heatbath 1235 has P = 0.5937038786091845, R_2x1 = 0.3834959993603178
GPT :   17010.326592 s : SU(2)-subgroup heatbath 1236 has P = 0.5934342502675328, R_2x1 = 0.3833567507285041
GPT :   17023.692917 s : SU(2)-subgroup heatbath 1237 has P = 0.5932464831238852, R_2x1 = 0.3831122225046038
GPT :   17037.043785 s : SU(2)-subgroup heatbath 1238 has P = 0.5934148187224838, R_2x1 = 0.3833085393989807
GPT :   17050.273035 s : SU(2)-subgroup heatbath 1239 has P = 0.5935463252649947, R_2x1 = 0.3833511932394265
GPT :   17064.857406 s : Write 0.177979 GB at 0.139981 GB/s (0.220948 GB/s for distribution, 1.17819 GB/s for writing, 23.5674 GB/s for checksum, 1 writers)
GPT :   17065.120022 s : SU(2)-subgroup heatbath 1240 has P = 0.5934948325328661, R_2x1 = 0.38317970779500643
GPT :   17077.932608 s : SU(2)-subgroup heatbath 1241 has P = 0.5932690582053729, R_2x1 = 0.38304073142132544
GPT :   17091.411626 s : SU(2)-subgroup heatbath 1242 has P = 0.5931418533257828, R_2x1 = 0.3829674944101429
GPT :   17104.717496 s : SU(2)-subgroup heatbath 1243 has P = 0.593112323847158, R_2x1 = 0.3827944222333236
GPT :   17117.783326 s : SU(2)-subgroup heatbath 1244 has P = 0.5930777765714977, R_2x1 = 0.38293137510003344
GPT :   17131.109647 s : SU(2)-subgroup heatbath 1245 has P = 0.5933889630555335, R_2x1 = 0.382937311834255
GPT :   17144.406571 s : SU(2)-subgroup heatbath 1246 has P = 0.5936736800792953, R_2x1 = 0.38345000155676573
GPT :   17157.661870 s : SU(2)-subgroup heatbath 1247 has P = 0.5933881540199006, R_2x1 = 0.3832101186417779
GPT :   17171.078146 s : SU(2)-subgroup heatbath 1248 has P = 0.5938903450691316, R_2x1 = 0.383928119287291
GPT :   17184.102918 s : SU(2)-subgroup heatbath 1249 has P = 0.5935222480310486, R_2x1 = 0.3831956530491012
GPT :   17197.264129 s : SU(2)-subgroup heatbath 1250 has P = 0.5936193808413044, R_2x1 = 0.38328381159845165
GPT :   17210.407345 s : SU(2)-subgroup heatbath 1251 has P = 0.5935171988134197, R_2x1 = 0.38349813262609017
GPT :   17223.666879 s : SU(2)-subgroup heatbath 1252 has P = 0.5938258051552797, R_2x1 = 0.3836090323929718
GPT :   17236.978850 s : SU(2)-subgroup heatbath 1253 has P = 0.5936222803475844, R_2x1 = 0.3836324494513548
GPT :   17250.389081 s : SU(2)-subgroup heatbath 1254 has P = 0.5935613432959163, R_2x1 = 0.3833312433392164
GPT :   17263.628059 s : SU(2)-subgroup heatbath 1255 has P = 0.5937641578492968, R_2x1 = 0.38367299827975493
GPT :   17276.095742 s : SU(2)-subgroup heatbath 1256 has P = 0.5934437649563887, R_2x1 = 0.3834219294201945
GPT :   17288.709791 s : SU(2)-subgroup heatbath 1257 has P = 0.5934830497305592, R_2x1 = 0.3832974810942606
GPT :   17301.093904 s : SU(2)-subgroup heatbath 1258 has P = 0.5936587793996385, R_2x1 = 0.38370373035511374
GPT :   17313.576009 s : SU(2)-subgroup heatbath 1259 has P = 0.5936936605047659, R_2x1 = 0.3835488443203102
GPT :   17326.592254 s : SU(2)-subgroup heatbath 1260 has P = 0.5938406534735368, R_2x1 = 0.3837143394311113
GPT :   17339.836637 s : SU(2)-subgroup heatbath 1261 has P = 0.5939842739794162, R_2x1 = 0.38387682229076914
GPT :   17352.879210 s : SU(2)-subgroup heatbath 1262 has P = 0.5938045040274956, R_2x1 = 0.3837594570214318
GPT :   17366.150118 s : SU(2)-subgroup heatbath 1263 has P = 0.5935630731704508, R_2x1 = 0.3833497635575291
GPT :   17379.569937 s : SU(2)-subgroup heatbath 1264 has P = 0.5933328615907266, R_2x1 = 0.38326365025840714
GPT :   17392.820924 s : SU(2)-subgroup heatbath 1265 has P = 0.5934513674164599, R_2x1 = 0.38312116767777626
GPT :   17406.133671 s : SU(2)-subgroup heatbath 1266 has P = 0.5932837233568254, R_2x1 = 0.382859133103741
GPT :   17419.423771 s : SU(2)-subgroup heatbath 1267 has P = 0.5934556131622404, R_2x1 = 0.3829846209983913
GPT :   17432.081592 s : SU(2)-subgroup heatbath 1268 has P = 0.593927662652195, R_2x1 = 0.3838114341141879
GPT :   17445.144416 s : SU(2)-subgroup heatbath 1269 has P = 0.5939754535461071, R_2x1 = 0.38405753234922385
GPT :   17458.178157 s : SU(2)-subgroup heatbath 1270 has P = 0.5938945368803846, R_2x1 = 0.3836331771346114
GPT :   17471.499970 s : SU(2)-subgroup heatbath 1271 has P = 0.5933800022058151, R_2x1 = 0.38321592648004166
GPT :   17484.557269 s : SU(2)-subgroup heatbath 1272 has P = 0.5934824103409042, R_2x1 = 0.3832145675862796
GPT :   17497.675515 s : SU(2)-subgroup heatbath 1273 has P = 0.5935328393068077, R_2x1 = 0.3833780581032388
GPT :   17510.848631 s : SU(2)-subgroup heatbath 1274 has P = 0.5935549033206747, R_2x1 = 0.38354889588303254
GPT :   17524.053053 s : SU(2)-subgroup heatbath 1275 has P = 0.5933948435970292, R_2x1 = 0.3835233095049804
GPT :   17536.915817 s : SU(2)-subgroup heatbath 1276 has P = 0.5935422415957093, R_2x1 = 0.38327117449829157
GPT :   17549.704299 s : SU(2)-subgroup heatbath 1277 has P = 0.5935696149412956, R_2x1 = 0.38383870585946683
GPT :   17562.679473 s : SU(2)-subgroup heatbath 1278 has P = 0.593681908938741, R_2x1 = 0.38377568616069374
GPT :   17575.753046 s : SU(2)-subgroup heatbath 1279 has P = 0.5936027274401124, R_2x1 = 0.38342885987738295
GPT :   17589.977498 s : Write 0.177979 GB at 0.153153 GB/s (0.249745 GB/s for distribution, 1.17047 GB/s for writing, 24.5372 GB/s for checksum, 1 writers)
GPT :   17590.242374 s : SU(2)-subgroup heatbath 1280 has P = 0.5935030580654586, R_2x1 = 0.3834404832100234
GPT :   17603.240919 s : SU(2)-subgroup heatbath 1281 has P = 0.5936923826194276, R_2x1 = 0.38352565855787135
GPT :   17616.497873 s : SU(2)-subgroup heatbath 1282 has P = 0.593612567454003, R_2x1 = 0.3834917032398927
GPT :   17629.561229 s : SU(2)-subgroup heatbath 1283 has P = 0.593796513262063, R_2x1 = 0.3836048831368219
GPT :   17642.646540 s : SU(2)-subgroup heatbath 1284 has P = 0.5933288876047828, R_2x1 = 0.3829547793481943
GPT :   17655.782062 s : SU(2)-subgroup heatbath 1285 has P = 0.593472861891407, R_2x1 = 0.38325761927969065
GPT :   17668.796143 s : SU(2)-subgroup heatbath 1286 has P = 0.5932382426518921, R_2x1 = 0.383048252608897
GPT :   17682.085836 s : SU(2)-subgroup heatbath 1287 has P = 0.5934539701031044, R_2x1 = 0.3832216977681121
GPT :   17695.415294 s : SU(2)-subgroup heatbath 1288 has P = 0.5936696009710843, R_2x1 = 0.38345099635921553
GPT :   17708.769935 s : SU(2)-subgroup heatbath 1289 has P = 0.5937619264162274, R_2x1 = 0.38369579421022093
GPT :   17721.795837 s : SU(2)-subgroup heatbath 1290 has P = 0.5935797030833209, R_2x1 = 0.3832892756130088
GPT :   17734.769717 s : SU(2)-subgroup heatbath 1291 has P = 0.5934054755800343, R_2x1 = 0.38333477707651586
GPT :   17748.142868 s : SU(2)-subgroup heatbath 1292 has P = 0.5933946263474613, R_2x1 = 0.3831351547158256
GPT :   17761.495713 s : SU(2)-subgroup heatbath 1293 has P = 0.593712301779852, R_2x1 = 0.38336064215370214
GPT :   17774.859709 s : SU(2)-subgroup heatbath 1294 has P = 0.5936961565574499, R_2x1 = 0.3836012332667607
GPT :   17788.044612 s : SU(2)-subgroup heatbath 1295 has P = 0.5935409526575867, R_2x1 = 0.38346920701544757
GPT :   17801.023713 s : SU(2)-subgroup heatbath 1296 has P = 0.5935658146247683, R_2x1 = 0.3832904860587919
GPT :   17814.146039 s : SU(2)-subgroup heatbath 1297 has P = 0.5938159916008409, R_2x1 = 0.3838229356070413
GPT :   17827.461176 s : SU(2)-subgroup heatbath 1298 has P = 0.5940931233154144, R_2x1 = 0.38384967880469617
GPT :   17840.657872 s : SU(2)-subgroup heatbath 1299 has P = 0.5935767243416625, R_2x1 = 0.3833765067011482
GPT :   17853.971941 s : SU(2)-subgroup heatbath 1300 has P = 0.5938710282731187, R_2x1 = 0.38385849417140916
GPT :   17867.182922 s : SU(2)-subgroup heatbath 1301 has P = 0.5938321931616924, R_2x1 = 0.3837707552646683
GPT :   17880.481111 s : SU(2)-subgroup heatbath 1302 has P = 0.5937830007394851, R_2x1 = 0.38372734699853694
GPT :   17893.868951 s : SU(2)-subgroup heatbath 1303 has P = 0.593555609033594, R_2x1 = 0.3834349108098056
GPT :   17906.837041 s : SU(2)-subgroup heatbath 1304 has P = 0.5934172460531018, R_2x1 = 0.38349098823537575
GPT :   17919.859520 s : SU(2)-subgroup heatbath 1305 has P = 0.5934483233717784, R_2x1 = 0.3832095170598553
GPT :   17932.980648 s : SU(2)-subgroup heatbath 1306 has P = 0.593777649351542, R_2x1 = 0.3835404430730886
GPT :   17946.059914 s : SU(2)-subgroup heatbath 1307 has P = 0.5938988591853317, R_2x1 = 0.3840569656170866
GPT :   17959.340129 s : SU(2)-subgroup heatbath 1308 has P = 0.5938965943639689, R_2x1 = 0.38364796948065083
GPT :   17972.615558 s : SU(2)-subgroup heatbath 1309 has P = 0.5935721792930725, R_2x1 = 0.3834170940399702
GPT :   17985.882119 s : SU(2)-subgroup heatbath 1310 has P = 0.593501417819325, R_2x1 = 0.38355712916376766
GPT :   17998.947628 s : SU(2)-subgroup heatbath 1311 has P = 0.593755427220041, R_2x1 = 0.3836149327506134
GPT :   18011.941927 s : SU(2)-subgroup heatbath 1312 has P = 0.593825177262125, R_2x1 = 0.3837596000477431
GPT :   18025.147609 s : SU(2)-subgroup heatbath 1313 has P = 0.5938333487824987, R_2x1 = 0.3841340035575334
GPT :   18038.493627 s : SU(2)-subgroup heatbath 1314 has P = 0.5934992777740282, R_2x1 = 0.38330701095185227
GPT :   18051.925371 s : SU(2)-subgroup heatbath 1315 has P = 0.5939808916217098, R_2x1 = 0.38389584624085404
GPT :   18064.970904 s : SU(2)-subgroup heatbath 1316 has P = 0.593841496223361, R_2x1 = 0.3836777001881609
GPT :   18078.196711 s : SU(2)-subgroup heatbath 1317 has P = 0.5940379867125184, R_2x1 = 0.38411680144381843
GPT :   18091.472840 s : SU(2)-subgroup heatbath 1318 has P = 0.5941949473239024, R_2x1 = 0.38408517017147215
GPT :   18104.375827 s : SU(2)-subgroup heatbath 1319 has P = 0.5939203736380229, R_2x1 = 0.3838859925548666
GPT :   18118.642372 s : Write 0.177979 GB at 0.149389 GB/s (0.243352 GB/s for distribution, 1.19516 GB/s for writing, 24.3722 GB/s for checksum, 1 writers)
GPT :   18118.912987 s : SU(2)-subgroup heatbath 1320 has P = 0.5937027835200736, R_2x1 = 0.3837712466549407
GPT :   18132.072631 s : SU(2)-subgroup heatbath 1321 has P = 0.593931859249469, R_2x1 = 0.38404034430870265
GPT :   18145.158544 s : SU(2)-subgroup heatbath 1322 has P = 0.5941595913905588, R_2x1 = 0.38430521758984865
GPT :   18158.343500 s : SU(2)-subgroup heatbath 1323 has P = 0.593832418723338, R_2x1 = 0.3839740919525863
GPT :   18171.362525 s : SU(2)-subgroup heatbath 1324 has P = 0.5941736830957257, R_2x1 = 0.38418017984414715
GPT :   18184.137396 s : SU(2)-subgroup heatbath 1325 has P = 0.5938626943280196, R_2x1 = 0.38413907319949786
GPT :   18197.331181 s : SU(2)-subgroup heatbath 1326 has P = 0.5939224119417076, R_2x1 = 0.3839831021897425
GPT :   18210.279959 s : SU(2)-subgroup heatbath 1327 has P = 0.593721482321755, R_2x1 = 0.383580211782846
GPT :   18223.610902 s : SU(2)-subgroup heatbath 1328 has P = 0.593401590537398, R_2x1 = 0.3833248733934449
GPT :   18236.986038 s : SU(2)-subgroup heatbath 1329 has P = 0.5934186219198981, R_2x1 = 0.38320181977903395
GPT :   18250.197771 s : SU(2)-subgroup heatbath 1330 has P = 0.5937045781159437, R_2x1 = 0.3835535847432308
GPT :   18263.406971 s : SU(2)-subgroup heatbath 1331 has P = 0.5936860884186196, R_2x1 = 0.3836828449141309
GPT :   18276.664235 s : SU(2)-subgroup heatbath 1332 has P = 0.5939510157915598, R_2x1 = 0.383828107479276
GPT :   18289.465064 s : SU(2)-subgroup heatbath 1333 has P = 0.594106255486227, R_2x1 = 0.3841729187005818
GPT :   18302.860228 s : SU(2)-subgroup heatbath 1334 has P = 0.5940060868624876, R_2x1 = 0.3841421059173878
GPT :   18316.055737 s : SU(2)-subgroup heatbath 1335 has P = 0.5935681303195076, R_2x1 = 0.3833465907268833
GPT :   18329.327203 s : SU(2)-subgroup heatbath 1336 has P = 0.5935381997280986, R_2x1 = 0.3833741860379513
GPT :   18342.573175 s : SU(2)-subgroup heatbath 1337 has P = 0.5935784335105883, R_2x1 = 0.38369932114420513
GPT :   18355.778897 s : SU(2)-subgroup heatbath 1338 has P = 0.5934318176804464, R_2x1 = 0.3832114763827344
GPT :   18369.006385 s : SU(2)-subgroup heatbath 1339 has P = 0.5936030709088277, R_2x1 = 0.383397689749522
GPT :   18382.028762 s : SU(2)-subgroup heatbath 1340 has P = 0.5932241557394455, R_2x1 = 0.3827793187749683
GPT :   18395.185988 s : SU(2)-subgroup heatbath 1341 has P = 0.5934764805787294, R_2x1 = 0.38369894506639685
GPT :   18408.189481 s : SU(2)-subgroup heatbath 1342 has P = 0.5936176414264415, R_2x1 = 0.38340464069067753
GPT :   18421.487743 s : SU(2)-subgroup heatbath 1343 has P = 0.5937589170225221, R_2x1 = 0.38355508839813907
GPT :   18434.560882 s : SU(2)-subgroup heatbath 1344 has P = 0.5937249567904344, R_2x1 = 0.3837199165138807
GPT :   18447.778674 s : SU(2)-subgroup heatbath 1345 has P = 0.5933941068502945, R_2x1 = 0.38319311599242317
GPT :   18460.819939 s : SU(2)-subgroup heatbath 1346 has P = 0.5935311834096708, R_2x1 = 0.38374063073385656
GPT :   18473.975524 s : SU(2)-subgroup heatbath 1347 has P = 0.5937146315068915, R_2x1 = 0.3835696700279662
GPT :   18487.020393 s : SU(2)-subgroup heatbath 1348 has P = 0.5936659465677232, R_2x1 = 0.3836584513378854
GPT :   18500.232630 s : SU(2)-subgroup heatbath 1349 has P = 0.593597272236768, R_2x1 = 0.38343827824154547
GPT :   18513.247794 s : SU(2)-subgroup heatbath 1350 has P = 0.5934010394329611, R_2x1 = 0.38331793095248445
GPT :   18526.509128 s : SU(2)-subgroup heatbath 1351 has P = 0.593576851099867, R_2x1 = 0.38344361633977014
GPT :   18539.551892 s : SU(2)-subgroup heatbath 1352 has P = 0.5936024686273343, R_2x1 = 0.3834938656200713
GPT :   18552.665998 s : SU(2)-subgroup heatbath 1353 has P = 0.5934276883429538, R_2x1 = 0.38299307240436403
GPT :   18565.784452 s : SU(2)-subgroup heatbath 1354 has P = 0.5941020894020185, R_2x1 = 0.3841407617104244
GPT :   18579.204283 s : SU(2)-subgroup heatbath 1355 has P = 0.5938442869415351, R_2x1 = 0.38378677055474736
GPT :   18592.436207 s : SU(2)-subgroup heatbath 1356 has P = 0.5938122243257571, R_2x1 = 0.3838420571699278
GPT :   18605.607975 s : SU(2)-subgroup heatbath 1357 has P = 0.5934686956039121, R_2x1 = 0.3834090677446304
GPT :   18618.700068 s : SU(2)-subgroup heatbath 1358 has P = 0.5933028013553131, R_2x1 = 0.3833461722331063
GPT :   18631.900796 s : SU(2)-subgroup heatbath 1359 has P = 0.5933432503883601, R_2x1 = 0.38322915204460034
GPT :   18646.318592 s : Write 0.177979 GB at 0.121984 GB/s (0.177321 GB/s for distribution, 1.19258 GB/s for writing, 24.2731 GB/s for checksum, 1 writers)
GPT :   18646.592325 s : SU(2)-subgroup heatbath 1360 has P = 0.593705652775195, R_2x1 = 0.3833179523842221
GPT :   18659.727806 s : SU(2)-subgroup heatbath 1361 has P = 0.5933779002108919, R_2x1 = 0.3835336474707506
GPT :   18673.114344 s : SU(2)-subgroup heatbath 1362 has P = 0.5937303762951401, R_2x1 = 0.3836675741215212
GPT :   18685.981687 s : SU(2)-subgroup heatbath 1363 has P = 0.5936414442447571, R_2x1 = 0.38367649752967475
GPT :   18698.973218 s : SU(2)-subgroup heatbath 1364 has P = 0.5939570110298783, R_2x1 = 0.384039426771392
GPT :   18712.032370 s : SU(2)-subgroup heatbath 1365 has P = 0.5939273587600734, R_2x1 = 0.38396708607285407
GPT :   18725.409252 s : SU(2)-subgroup heatbath 1366 has P = 0.5937798600688527, R_2x1 = 0.3834219848851688
GPT :   18739.040966 s : SU(2)-subgroup heatbath 1367 has P = 0.5936166457674911, R_2x1 = 0.38347311837276715
GPT :   18751.739766 s : SU(2)-subgroup heatbath 1368 has P = 0.5936271225992098, R_2x1 = 0.3832743345252295
GPT :   18764.505223 s : SU(2)-subgroup heatbath 1369 has P = 0.5937406362930134, R_2x1 = 0.3834350872934884
GPT :   18777.365939 s : SU(2)-subgroup heatbath 1370 has P = 0.5934734128186392, R_2x1 = 0.3833645544782799
GPT :   18790.548057 s : SU(2)-subgroup heatbath 1371 has P = 0.5932756944737132, R_2x1 = 0.38280532804119555
GPT :   18803.853315 s : SU(2)-subgroup heatbath 1372 has P = 0.59363125404489, R_2x1 = 0.3834207581300769
GPT :   18816.750195 s : SU(2)-subgroup heatbath 1373 has P = 0.5934315599006895, R_2x1 = 0.3832922969834535
GPT :   18829.843707 s : SU(2)-subgroup heatbath 1374 has P = 0.593254590545072, R_2x1 = 0.38304305878195666
GPT :   18843.191394 s : SU(2)-subgroup heatbath 1375 has P = 0.5933678696394961, R_2x1 = 0.3830134611432218
GPT :   18856.465210 s : SU(2)-subgroup heatbath 1376 has P = 0.5935036752572956, R_2x1 = 0.3832237959993998
GPT :   18869.669628 s : SU(2)-subgroup heatbath 1377 has P = 0.5931995554530601, R_2x1 = 0.383199472918646
GPT :   18882.658147 s : SU(2)-subgroup heatbath 1378 has P = 0.5930667878613037, R_2x1 = 0.382980629526796
GPT :   18895.995069 s : SU(2)-subgroup heatbath 1379 has P = 0.5932512420212216, R_2x1 = 0.38303412476410115
GPT :   18909.080360 s : SU(2)-subgroup heatbath 1380 has P = 0.5934631917751709, R_2x1 = 0.38342776236893583
GPT :   18922.330492 s : SU(2)-subgroup heatbath 1381 has P = 0.5938057148225331, R_2x1 = 0.38365107017484495
GPT :   18935.466289 s : SU(2)-subgroup heatbath 1382 has P = 0.5936670732563585, R_2x1 = 0.38361596491757644
GPT :   18948.536347 s : SU(2)-subgroup heatbath 1383 has P = 0.5933702274550375, R_2x1 = 0.38307452518599927
GPT :   18961.733497 s : SU(2)-subgroup heatbath 1384 has P = 0.5936846118760185, R_2x1 = 0.38339663417460446
GPT :   18974.674016 s : SU(2)-subgroup heatbath 1385 has P = 0.5938354593004317, R_2x1 = 0.38390959642247763
GPT :   18987.881138 s : SU(2)-subgroup heatbath 1386 has P = 0.5936000736165049, R_2x1 = 0.38351663183681495
GPT :   19000.943330 s : SU(2)-subgroup heatbath 1387 has P = 0.5938727551449562, R_2x1 = 0.3838319308892855
GPT :   19013.775187 s : SU(2)-subgroup heatbath 1388 has P = 0.5936735744897039, R_2x1 = 0.38374905442548096
GPT :   19026.835773 s : SU(2)-subgroup heatbath 1389 has P = 0.5938601236543215, R_2x1 = 0.38372694315054834
GPT :   19039.656927 s : SU(2)-subgroup heatbath 1390 has P = 0.5937327706025819, R_2x1 = 0.3834523678645245
GPT :   19052.867309 s : SU(2)-subgroup heatbath 1391 has P = 0.5940001300793103, R_2x1 = 0.383867080539809
GPT :   19066.035638 s : SU(2)-subgroup heatbath 1392 has P = 0.5939904101616232, R_2x1 = 0.3838193386251331
GPT :   19078.913502 s : SU(2)-subgroup heatbath 1393 has P = 0.5938045661370623, R_2x1 = 0.383865614460572
GPT :   19092.033298 s : SU(2)-subgroup heatbath 1394 has P = 0.5933290433109315, R_2x1 = 0.3831636754885414
GPT :   19105.039107 s : SU(2)-subgroup heatbath 1395 has P = 0.5936682984389764, R_2x1 = 0.38327149521450826
GPT :   19118.365707 s : SU(2)-subgroup heatbath 1396 has P = 0.5931101464127945, R_2x1 = 0.3828928936635331
GPT :   19131.736849 s : SU(2)-subgroup heatbath 1397 has P = 0.5932707573524242, R_2x1 = 0.38340557511220896
GPT :   19144.615193 s : SU(2)-subgroup heatbath 1398 has P = 0.5936968375892154, R_2x1 = 0.38362349889810315
GPT :   19157.729889 s : SU(2)-subgroup heatbath 1399 has P = 0.5936104093343586, R_2x1 = 0.38340481482441774
GPT :   19171.822004 s : Write 0.177979 GB at 0.140013 GB/s (0.222155 GB/s for distribution, 1.21041 GB/s for writing, 24.2526 GB/s for checksum, 1 writers)
GPT :   19172.085310 s : SU(2)-subgroup heatbath 1400 has P = 0.5933022614429703, R_2x1 = 0.3829612096664233
GPT :   19185.114410 s : SU(2)-subgroup heatbath 1401 has P = 0.5936477983247596, R_2x1 = 0.38329573813115675
GPT :   19198.065954 s : SU(2)-subgroup heatbath 1402 has P = 0.5938281529274293, R_2x1 = 0.38369727843955437
GPT :   19211.340087 s : SU(2)-subgroup heatbath 1403 has P = 0.5937971658283444, R_2x1 = 0.3837600050143995
GPT :   19224.595842 s : SU(2)-subgroup heatbath 1404 has P = 0.5936417431209124, R_2x1 = 0.38358679401232654
GPT :   19237.689802 s : SU(2)-subgroup heatbath 1405 has P = 0.5934082994218542, R_2x1 = 0.38301546897814187
GPT :   19250.970118 s : SU(2)-subgroup heatbath 1406 has P = 0.5934880641786452, R_2x1 = 0.3832097328747906
GPT :   19263.911215 s : SU(2)-subgroup heatbath 1407 has P = 0.5933916825762122, R_2x1 = 0.3832382812916756
GPT :   19277.146742 s : SU(2)-subgroup heatbath 1408 has P = 0.5937377315636514, R_2x1 = 0.38345265313105464
GPT :   19290.284202 s : SU(2)-subgroup heatbath 1409 has P = 0.5940184935647738, R_2x1 = 0.38389246728406573
GPT :   19303.441056 s : SU(2)-subgroup heatbath 1410 has P = 0.5937570532890403, R_2x1 = 0.3838502469868344
GPT :   19316.880413 s : SU(2)-subgroup heatbath 1411 has P = 0.5935417018001491, R_2x1 = 0.3833318929155675
GPT :   19330.052383 s : SU(2)-subgroup heatbath 1412 has P = 0.5936247921253678, R_2x1 = 0.38370086734922554
GPT :   19343.045669 s : SU(2)-subgroup heatbath 1413 has P = 0.5935913669551823, R_2x1 = 0.3835845855952513
GPT :   19355.837476 s : SU(2)-subgroup heatbath 1414 has P = 0.5939211698523675, R_2x1 = 0.38398258018993975
GPT :   19368.883607 s : SU(2)-subgroup heatbath 1415 has P = 0.5939570223809716, R_2x1 = 0.3839440269700152
GPT :   19382.224992 s : SU(2)-subgroup heatbath 1416 has P = 0.5938271321294223, R_2x1 = 0.38384741436386177
GPT :   19395.494318 s : SU(2)-subgroup heatbath 1417 has P = 0.5940142410204609, R_2x1 = 0.3840140954565799
GPT :   19408.765900 s : SU(2)-subgroup heatbath 1418 has P = 0.5939640389406693, R_2x1 = 0.3839483496139653
GPT :   19422.087747 s : SU(2)-subgroup heatbath 1419 has P = 0.5938619680167031, R_2x1 = 0.38379577916384616
GPT :   19435.388137 s : SU(2)-subgroup heatbath 1420 has P = 0.5939608607549257, R_2x1 = 0.3840465443999559
GPT :   19448.840744 s : SU(2)-subgroup heatbath 1421 has P = 0.5939124497764646, R_2x1 = 0.3839008986455892
GPT :   19461.749791 s : SU(2)-subgroup heatbath 1422 has P = 0.5936688846829093, R_2x1 = 0.3837461043277635
GPT :   19474.698963 s : SU(2)-subgroup heatbath 1423 has P = 0.593788352780658, R_2x1 = 0.3837337776449238
GPT :   19487.553238 s : SU(2)-subgroup heatbath 1424 has P = 0.5936568851954507, R_2x1 = 0.3832404494879844
GPT :   19500.683086 s : SU(2)-subgroup heatbath 1425 has P = 0.5935846548657182, R_2x1 = 0.38331728924198366
GPT :   19513.820236 s : SU(2)-subgroup heatbath 1426 has P = 0.5933777348457215, R_2x1 = 0.38311260636075856
GPT :   19526.933301 s : SU(2)-subgroup heatbath 1427 has P = 0.5932136742020978, R_2x1 = 0.38300777059130425
GPT :   19540.152298 s : SU(2)-subgroup heatbath 1428 has P = 0.5934844710464791, R_2x1 = 0.3830947659746448
GPT :   19553.413048 s : SU(2)-subgroup heatbath 1429 has P = 0.593434968966295, R_2x1 = 0.38318277305090115
GPT :   19566.535195 s : SU(2)-subgroup heatbath 1430 has P = 0.5937373078620448, R_2x1 = 0.3835748654959789
GPT :   19579.535498 s : SU(2)-subgroup heatbath 1431 has P = 0.5936658242607015, R_2x1 = 0.3835710810431138
GPT :   19592.985359 s : SU(2)-subgroup heatbath 1432 has P = 0.5937889390104506, R_2x1 = 0.38381035687252774
GPT :   19606.217169 s : SU(2)-subgroup heatbath 1433 has P = 0.5935509941752545, R_2x1 = 0.3836040839042823
GPT :   19619.412764 s : SU(2)-subgroup heatbath 1434 has P = 0.59365096791537, R_2x1 = 0.38361421041580085
GPT :   19632.764453 s : SU(2)-subgroup heatbath 1435 has P = 0.593458495860044, R_2x1 = 0.38327970431437314
GPT :   19645.602843 s : SU(2)-subgroup heatbath 1436 has P = 0.5934425592658602, R_2x1 = 0.38311978520973855
GPT :   19658.236431 s : SU(2)-subgroup heatbath 1437 has P = 0.5935233320376082, R_2x1 = 0.3831292582218901
GPT :   19671.380800 s : SU(2)-subgroup heatbath 1438 has P = 0.593491966527563, R_2x1 = 0.38322496338124995
GPT :   19684.269488 s : SU(2)-subgroup heatbath 1439 has P = 0.5937498953289108, R_2x1 = 0.38381922720907224
GPT :   19698.402287 s : Write 0.177979 GB at 0.132016 GB/s (0.202347 GB/s for distribution, 1.17963 GB/s for writing, 23.6218 GB/s for checksum, 1 writers)
GPT :   19698.681507 s : SU(2)-subgroup heatbath 1440 has P = 0.5938950082570953, R_2x1 = 0.38355559843888426
GPT :   19711.803391 s : SU(2)-subgroup heatbath 1441 has P = 0.593627655759389, R_2x1 = 0.38338040377127186
GPT :   19724.863309 s : SU(2)-subgroup heatbath 1442 has P = 0.5933650525942707, R_2x1 = 0.38328025716444275
GPT :   19738.106299 s : SU(2)-subgroup heatbath 1443 has P = 0.593686676812936, R_2x1 = 0.38362686586737765
GPT :   19751.399383 s : SU(2)-subgroup heatbath 1444 has P = 0.5940790606936336, R_2x1 = 0.38398710238890454
GPT :   19764.212126 s : SU(2)-subgroup heatbath 1445 has P = 0.5936541375274345, R_2x1 = 0.38360960878325706
GPT :   19777.268810 s : SU(2)-subgroup heatbath 1446 has P = 0.5937868091788807, R_2x1 = 0.3834742010668609
GPT :   19790.135227 s : SU(2)-subgroup heatbath 1447 has P = 0.5938463692039557, R_2x1 = 0.383999379728373
GPT :   19803.539226 s : SU(2)-subgroup heatbath 1448 has P = 0.5937018016493095, R_2x1 = 0.3839776371133542
GPT :   19816.540751 s : SU(2)-subgroup heatbath 1449 has P = 0.5937639310947284, R_2x1 = 0.3834844561281462
GPT :   19829.620622 s : SU(2)-subgroup heatbath 1450 has P = 0.5936539105003844, R_2x1 = 0.383452396918237
GPT :   19842.921614 s : SU(2)-subgroup heatbath 1451 has P = 0.5937655696851765, R_2x1 = 0.3835314641580022
GPT :   19855.707875 s : SU(2)-subgroup heatbath 1452 has P = 0.5936761563079874, R_2x1 = 0.3835085282964996
GPT :   19868.914580 s : SU(2)-subgroup heatbath 1453 has P = 0.5939782289894805, R_2x1 = 0.3841237266489899
GPT :   19881.867508 s : SU(2)-subgroup heatbath 1454 has P = 0.5935177141750362, R_2x1 = 0.3832299250660514
GPT :   19894.842219 s : SU(2)-subgroup heatbath 1455 has P = 0.5937302589231771, R_2x1 = 0.3836243165168542
GPT :   19907.982767 s : SU(2)-subgroup heatbath 1456 has P = 0.593945774592345, R_2x1 = 0.38390567752922783
GPT :   19921.131104 s : SU(2)-subgroup heatbath 1457 has P = 0.5937664900836387, R_2x1 = 0.383810967796902
GPT :   19934.330975 s : SU(2)-subgroup heatbath 1458 has P = 0.5935936160650945, R_2x1 = 0.38341136372041223
GPT :   19947.467490 s : SU(2)-subgroup heatbath 1459 has P = 0.593443908539444, R_2x1 = 0.3833737090801273
GPT :   19960.497949 s : SU(2)-subgroup heatbath 1460 has P = 0.5938152572221508, R_2x1 = 0.3837560557534293
GPT :   19973.617859 s : SU(2)-subgroup heatbath 1461 has P = 0.5935976251056477, R_2x1 = 0.383395459981024
GPT :   19986.411083 s : SU(2)-subgroup heatbath 1462 has P = 0.5937314993750338, R_2x1 = 0.38362914702246775
GPT :   19999.664206 s : SU(2)-subgroup heatbath 1463 has P = 0.5933418050355794, R_2x1 = 0.3831308684175562
GPT :   20012.703346 s : SU(2)-subgroup heatbath 1464 has P = 0.5933386219663497, R_2x1 = 0.3830679810401381
GPT :   20025.939438 s : SU(2)-subgroup heatbath 1465 has P = 0.5936428766455358, R_2x1 = 0.3834886096774308
GPT :   20039.178137 s : SU(2)-subgroup heatbath 1466 has P = 0.5935398654256208, R_2x1 = 0.3834119892597385
GPT :   20052.809968 s : SU(2)-subgroup heatbath 1467 has P = 0.5937294751390653, R_2x1 = 0.383608091391299
GPT :   20066.069301 s : SU(2)-subgroup heatbath 1468 has P = 0.5937112169339137, R_2x1 = 0.3835680695703878
GPT :   20078.934314 s : SU(2)-subgroup heatbath 1469 has P = 0.5937550823605223, R_2x1 = 0.38349459330225044
GPT :   20092.005986 s : SU(2)-subgroup heatbath 1470 has P = 0.5937616252847843, R_2x1 = 0.3840247467721211
GPT :   20105.016344 s : SU(2)-subgroup heatbath 1471 has P = 0.5935015633621322, R_2x1 = 0.3831380247404143
GPT :   20118.191352 s : SU(2)-subgroup heatbath 1472 has P = 0.593654476345486, R_2x1 = 0.38352446372162974
GPT :   20131.462388 s : SU(2)-subgroup heatbath 1473 has P = 0.5935108562099737, R_2x1 = 0.3833547308336736
GPT :   20144.564014 s : SU(2)-subgroup heatbath 1474 has P = 0.5936549895978039, R_2x1 = 0.3834366826688177
GPT :   20157.620781 s : SU(2)-subgroup heatbath 1475 has P = 0.5935377373338219, R_2x1 = 0.3831984988931671
GPT :   20170.555844 s : SU(2)-subgroup heatbath 1476 has P = 0.5938161056249606, R_2x1 = 0.38368887537358837
GPT :   20183.537368 s : SU(2)-subgroup heatbath 1477 has P = 0.5935188373679013, R_2x1 = 0.38342152528956147
GPT :   20196.636500 s : SU(2)-subgroup heatbath 1478 has P = 0.5938369134774154, R_2x1 = 0.3838562905210599
GPT :   20209.697523 s : SU(2)-subgroup heatbath 1479 has P = 0.5934946696421713, R_2x1 = 0.3833675603468369
GPT :   20224.249414 s : Write 0.177979 GB at 0.153857 GB/s (0.257312 GB/s for distribution, 1.19975 GB/s for writing, 24.1483 GB/s for checksum, 1 writers)
GPT :   20224.526419 s : SU(2)-subgroup heatbath 1480 has P = 0.5929928199163715, R_2x1 = 0.3829330328422907
GPT :   20237.353243 s : SU(2)-subgroup heatbath 1481 has P = 0.5935116058634554, R_2x1 = 0.38327390025883706
GPT :   20250.704621 s : SU(2)-subgroup heatbath 1482 has P = 0.5938635053101595, R_2x1 = 0.38379225319596355
GPT :   20263.844535 s : SU(2)-subgroup heatbath 1483 has P = 0.5938226580616063, R_2x1 = 0.3838771730358977
GPT :   20276.961913 s : SU(2)-subgroup heatbath 1484 has P = 0.5937029091687381, R_2x1 = 0.3836478820327239
GPT :   20290.151828 s : SU(2)-subgroup heatbath 1485 has P = 0.5938852605521276, R_2x1 = 0.38404438615711595
GPT :   20303.337415 s : SU(2)-subgroup heatbath 1486 has P = 0.594206727829803, R_2x1 = 0.3842844102351817
GPT :   20315.948471 s : SU(2)-subgroup heatbath 1487 has P = 0.5941183774831298, R_2x1 = 0.3841691134374386
GPT :   20328.912905 s : SU(2)-subgroup heatbath 1488 has P = 0.5941629205666951, R_2x1 = 0.3843321656350966
GPT :   20341.875002 s : SU(2)-subgroup heatbath 1489 has P = 0.5941211338552123, R_2x1 = 0.38431215341809205
GPT :   20354.518802 s : SU(2)-subgroup heatbath 1490 has P = 0.5939896351922954, R_2x1 = 0.3840827299190429
GPT :   20368.032857 s : SU(2)-subgroup heatbath 1491 has P = 0.5940768355978042, R_2x1 = 0.38433600569604776
GPT :   20381.124605 s : SU(2)-subgroup heatbath 1492 has P = 0.5936779889067779, R_2x1 = 0.3837601853467205
GPT :   20394.135655 s : SU(2)-subgroup heatbath 1493 has P = 0.593942733005558, R_2x1 = 0.38406119265276767
GPT :   20407.006499 s : SU(2)-subgroup heatbath 1494 has P = 0.5942539915877901, R_2x1 = 0.38448167325927934
GPT :   20419.947845 s : SU(2)-subgroup heatbath 1495 has P = 0.5941087219067901, R_2x1 = 0.3839781617654048
GPT :   20433.227831 s : SU(2)-subgroup heatbath 1496 has P = 0.5935407511720526, R_2x1 = 0.3833661994165295
GPT :   20446.480831 s : SU(2)-subgroup heatbath 1497 has P = 0.5935970687967176, R_2x1 = 0.3836348004967955
GPT :   20459.664216 s : SU(2)-subgroup heatbath 1498 has P = 0.5935696941617937, R_2x1 = 0.38343887309743013
GPT :   20472.744338 s : SU(2)-subgroup heatbath 1499 has P = 0.5937489248811706, R_2x1 = 0.3834959465447006
GPT :   20485.640328 s : SU(2)-subgroup heatbath 1500 has P = 0.5937628210014603, R_2x1 = 0.38372676679144374
GPT :   20498.703224 s : SU(2)-subgroup heatbath 1501 has P = 0.593518232343067, R_2x1 = 0.3839001019600378
GPT :   20511.838693 s : SU(2)-subgroup heatbath 1502 has P = 0.5935364272113802, R_2x1 = 0.3834636548324273
GPT :   20524.690966 s : SU(2)-subgroup heatbath 1503 has P = 0.5938555398151012, R_2x1 = 0.38383410091360715
GPT :   20537.321929 s : SU(2)-subgroup heatbath 1504 has P = 0.5938451127360397, R_2x1 = 0.38393051600329087
GPT :   20550.725588 s : SU(2)-subgroup heatbath 1505 has P = 0.59363254706609, R_2x1 = 0.3834487251861511
GPT :   20563.785539 s : SU(2)-subgroup heatbath 1506 has P = 0.5935990067898184, R_2x1 = 0.38317042570696647
GPT :   20577.118772 s : SU(2)-subgroup heatbath 1507 has P = 0.5934952310850633, R_2x1 = 0.38329335610757087
GPT :   20589.978536 s : SU(2)-subgroup heatbath 1508 has P = 0.593754728811254, R_2x1 = 0.3836004774109523
GPT :   20603.192157 s : SU(2)-subgroup heatbath 1509 has P = 0.5938987614891579, R_2x1 = 0.38398096815079197
GPT :   20616.230634 s : SU(2)-subgroup heatbath 1510 has P = 0.5938567091777494, R_2x1 = 0.38384635804081985
GPT :   20629.549929 s : SU(2)-subgroup heatbath 1511 has P = 0.5937796945428678, R_2x1 = 0.3835603649268176
GPT :   20642.765310 s : SU(2)-subgroup heatbath 1512 has P = 0.5943298795482894, R_2x1 = 0.38443301035050353
GPT :   20655.756709 s : SU(2)-subgroup heatbath 1513 has P = 0.5939749036413108, R_2x1 = 0.3839053250594293
GPT :   20668.794180 s : SU(2)-subgroup heatbath 1514 has P = 0.594155214151035, R_2x1 = 0.3843931375423902
GPT :   20681.931735 s : SU(2)-subgroup heatbath 1515 has P = 0.594580936384075, R_2x1 = 0.38455106425829566
GPT :   20695.360697 s : SU(2)-subgroup heatbath 1516 has P = 0.594259708383105, R_2x1 = 0.3841421465161741
GPT :   20708.001838 s : SU(2)-subgroup heatbath 1517 has P = 0.5941001468355426, R_2x1 = 0.38433988644321065
GPT :   20721.044420 s : SU(2)-subgroup heatbath 1518 has P = 0.594217285063225, R_2x1 = 0.38437146816229556
GPT :   20734.249522 s : SU(2)-subgroup heatbath 1519 has P = 0.5934480681481631, R_2x1 = 0.38349712804184743
GPT :   20748.636427 s : Write 0.177979 GB at 0.146661 GB/s (0.237334 GB/s for distribution, 1.18883 GB/s for writing, 24.2581 GB/s for checksum, 1 writers)
GPT :   20748.905235 s : SU(2)-subgroup heatbath 1520 has P = 0.5936903104686457, R_2x1 = 0.38368303402006076
GPT :   20761.847627 s : SU(2)-subgroup heatbath 1521 has P = 0.5936693690314272, R_2x1 = 0.38335630742566823
GPT :   20775.066145 s : SU(2)-subgroup heatbath 1522 has P = 0.5934623087132996, R_2x1 = 0.38335751558222225
GPT :   20788.001008 s : SU(2)-subgroup heatbath 1523 has P = 0.5936385911651462, R_2x1 = 0.3837210769418299
GPT :   20801.222017 s : SU(2)-subgroup heatbath 1524 has P = 0.5936984266225743, R_2x1 = 0.38376091252139005
GPT :   20814.538827 s : SU(2)-subgroup heatbath 1525 has P = 0.5938745615668936, R_2x1 = 0.38374289594899763
GPT :   20827.273280 s : SU(2)-subgroup heatbath 1526 has P = 0.5939213547318509, R_2x1 = 0.3839250692862275
GPT :   20840.506628 s : SU(2)-subgroup heatbath 1527 has P = 0.593642541539334, R_2x1 = 0.38374833885444226
GPT :   20853.364422 s : SU(2)-subgroup heatbath 1528 has P = 0.5935053383234213, R_2x1 = 0.38361586731134706
GPT :   20866.324360 s : SU(2)-subgroup heatbath 1529 has P = 0.593543557649992, R_2x1 = 0.3832500465158194
GPT :   20878.979250 s : SU(2)-subgroup heatbath 1530 has P = 0.5937100446927176, R_2x1 = 0.3836956576042596
GPT :   20892.089023 s : SU(2)-subgroup heatbath 1531 has P = 0.5938892039007514, R_2x1 = 0.3839376829278548
GPT :   20905.627237 s : SU(2)-subgroup heatbath 1532 has P = 0.5939144831469362, R_2x1 = 0.38420323703923454
GPT :   20918.756613 s : SU(2)-subgroup heatbath 1533 has P = 0.5938661361664422, R_2x1 = 0.38401173379736386
GPT :   20931.985242 s : SU(2)-subgroup heatbath 1534 has P = 0.5938995070022101, R_2x1 = 0.3839682372446261
GPT :   20945.166679 s : SU(2)-subgroup heatbath 1535 has P = 0.5940179089016074, R_2x1 = 0.38421191534188287
GPT :   20958.520315 s : SU(2)-subgroup heatbath 1536 has P = 0.593610810479165, R_2x1 = 0.3838078762336777
GPT :   20971.924050 s : SU(2)-subgroup heatbath 1537 has P = 0.5934913704628014, R_2x1 = 0.3834462483876933
GPT :   20985.147502 s : SU(2)-subgroup heatbath 1538 has P = 0.5934246060869635, R_2x1 = 0.38342200779089397
GPT :   20998.327195 s : SU(2)-subgroup heatbath 1539 has P = 0.592967507910425, R_2x1 = 0.3826958969411294
GPT :   21011.595687 s : SU(2)-subgroup heatbath 1540 has P = 0.5935955643306896, R_2x1 = 0.38339897206503176
GPT :   21024.845176 s : SU(2)-subgroup heatbath 1541 has P = 0.5933240024331944, R_2x1 = 0.38318241832212013
GPT :   21037.699138 s : SU(2)-subgroup heatbath 1542 has P = 0.5934929225947094, R_2x1 = 0.38331478981316724
GPT :   21050.929670 s : SU(2)-subgroup heatbath 1543 has P = 0.5935197083672265, R_2x1 = 0.383368043053166
GPT :   21063.855238 s : SU(2)-subgroup heatbath 1544 has P = 0.5937679862043114, R_2x1 = 0.3838215085245121
GPT :   21077.068783 s : SU(2)-subgroup heatbath 1545 has P = 0.5933783809498097, R_2x1 = 0.38295349685860847
GPT :   21090.231411 s : SU(2)-subgroup heatbath 1546 has P = 0.5933623794877004, R_2x1 = 0.3831882790642189
GPT :   21103.175994 s : SU(2)-subgroup heatbath 1547 has P = 0.59320491162242, R_2x1 = 0.38283501165087636
GPT :   21116.297892 s : SU(2)-subgroup heatbath 1548 has P = 0.593647063756551, R_2x1 = 0.38337304857889865
GPT :   21129.432115 s : SU(2)-subgroup heatbath 1549 has P = 0.5939709565628812, R_2x1 = 0.3839281265187845
GPT :   21142.686324 s : SU(2)-subgroup heatbath 1550 has P = 0.5938990691534046, R_2x1 = 0.3838326330226441
GPT :   21155.327939 s : SU(2)-subgroup heatbath 1551 has P = 0.593892377972271, R_2x1 = 0.38384801796161505
GPT :   21168.084589 s : SU(2)-subgroup heatbath 1552 has P = 0.5934675166080788, R_2x1 = 0.3832966159168599
GPT :   21181.380569 s : SU(2)-subgroup heatbath 1553 has P = 0.5936120536144133, R_2x1 = 0.3835363951624503
GPT :   21194.488477 s : SU(2)-subgroup heatbath 1554 has P = 0.5937375664899783, R_2x1 = 0.38376865100245705
GPT :   21207.671415 s : SU(2)-subgroup heatbath 1555 has P = 0.5938188942071507, R_2x1 = 0.38363837431517706
GPT :   21220.755116 s : SU(2)-subgroup heatbath 1556 has P = 0.5939628372417899, R_2x1 = 0.3839059594580356
GPT :   21233.865477 s : SU(2)-subgroup heatbath 1557 has P = 0.5940630248646723, R_2x1 = 0.38426471127496126
GPT :   21247.111159 s : SU(2)-subgroup heatbath 1558 has P = 0.5940137136800951, R_2x1 = 0.38408918945726317
GPT :   21260.472592 s : SU(2)-subgroup heatbath 1559 has P = 0.5937070739106417, R_2x1 = 0.38378686585299265
GPT :   21274.667180 s : Write 0.177979 GB at 0.139358 GB/s (0.221742 GB/s for distribution, 1.17905 GB/s for writing, 23.8718 GB/s for checksum, 1 writers)
GPT :   21274.944401 s : SU(2)-subgroup heatbath 1560 has P = 0.5941999843740718, R_2x1 = 0.3842244104627777
GPT :   21288.235043 s : SU(2)-subgroup heatbath 1561 has P = 0.5942208428212341, R_2x1 = 0.3842111636770859
GPT :   21301.459689 s : SU(2)-subgroup heatbath 1562 has P = 0.5936981226679078, R_2x1 = 0.38339919221954616
GPT :   21314.525062 s : SU(2)-subgroup heatbath 1563 has P = 0.5937738361513063, R_2x1 = 0.38398712130713564
GPT :   21327.472680 s : SU(2)-subgroup heatbath 1564 has P = 0.5932889674686299, R_2x1 = 0.3832823691341186
GPT :   21340.646225 s : SU(2)-subgroup heatbath 1565 has P = 0.593301950620846, R_2x1 = 0.38287791567170826
GPT :   21353.717054 s : SU(2)-subgroup heatbath 1566 has P = 0.5934344189306879, R_2x1 = 0.38308169495775035
GPT :   21367.095913 s : SU(2)-subgroup heatbath 1567 has P = 0.5938180577142151, R_2x1 = 0.3837980716504813
GPT :   21379.535259 s : SU(2)-subgroup heatbath 1568 has P = 0.5937650938167237, R_2x1 = 0.38385658270413225
GPT :   21392.891872 s : SU(2)-subgroup heatbath 1569 has P = 0.5939044998774607, R_2x1 = 0.38408879952348857
GPT :   21405.988494 s : SU(2)-subgroup heatbath 1570 has P = 0.5940228449693041, R_2x1 = 0.38398237061054125
GPT :   21419.352956 s : SU(2)-subgroup heatbath 1571 has P = 0.5933227965979253, R_2x1 = 0.38306467793988086
GPT :   21432.636140 s : SU(2)-subgroup heatbath 1572 has P = 0.5938839163967199, R_2x1 = 0.3838926118653902
GPT :   21445.721310 s : SU(2)-subgroup heatbath 1573 has P = 0.5936813850962182, R_2x1 = 0.38372667513727493
GPT :   21459.046713 s : SU(2)-subgroup heatbath 1574 has P = 0.5937160353838177, R_2x1 = 0.3836511236139412
GPT :   21472.314076 s : SU(2)-subgroup heatbath 1575 has P = 0.5934599337103693, R_2x1 = 0.3833627685412211
GPT :   21485.541493 s : SU(2)-subgroup heatbath 1576 has P = 0.5931993455855995, R_2x1 = 0.38303928040633034
GPT :   21498.778210 s : SU(2)-subgroup heatbath 1577 has P = 0.5933143422384441, R_2x1 = 0.3831114450104108
GPT :   21511.574551 s : SU(2)-subgroup heatbath 1578 has P = 0.5933963494204187, R_2x1 = 0.38294667619387657
GPT :   21524.771225 s : SU(2)-subgroup heatbath 1579 has P = 0.5935040246347036, R_2x1 = 0.38329164078416456
GPT :   21538.455956 s : SU(2)-subgroup heatbath 1580 has P = 0.5935890083183829, R_2x1 = 0.38353849736803486
GPT :   21551.799686 s : SU(2)-subgroup heatbath 1581 has P = 0.5933209026841082, R_2x1 = 0.3832740961568375
GPT :   21564.878592 s : SU(2)-subgroup heatbath 1582 has P = 0.5935120806344362, R_2x1 = 0.3833138450263001
GPT :   21578.182312 s : SU(2)-subgroup heatbath 1583 has P = 0.5934097760396398, R_2x1 = 0.3831136863448929
GPT :   21591.309349 s : SU(2)-subgroup heatbath 1584 has P = 0.5932161983483197, R_2x1 = 0.38278303166458033
GPT :   21604.480675 s : SU(2)-subgroup heatbath 1585 has P = 0.5933714484588369, R_2x1 = 0.3831643487267131
GPT :   21617.877609 s : SU(2)-subgroup heatbath 1586 has P = 0.5934081213572099, R_2x1 = 0.3832572820404889
GPT :   21631.035964 s : SU(2)-subgroup heatbath 1587 has P = 0.5939572764006403, R_2x1 = 0.38393525591823413
GPT :   21644.348693 s : SU(2)-subgroup heatbath 1588 has P = 0.5935611917086062, R_2x1 = 0.3836034368412315
GPT :   21657.610303 s : SU(2)-subgroup heatbath 1589 has P = 0.5939798330232546, R_2x1 = 0.3840155175992714
GPT :   21670.869839 s : SU(2)-subgroup heatbath 1590 has P = 0.5938814444832389, R_2x1 = 0.3838144022478079
GPT :   21683.810740 s : SU(2)-subgroup heatbath 1591 has P = 0.5939217893061086, R_2x1 = 0.3838473627911288
GPT :   21696.770118 s : SU(2)-subgroup heatbath 1592 has P = 0.5937948336272305, R_2x1 = 0.3836473159677303
GPT :   21710.000269 s : SU(2)-subgroup heatbath 1593 has P = 0.593802463244992, R_2x1 = 0.383698496359131
GPT :   21723.173811 s : SU(2)-subgroup heatbath 1594 has P = 0.5939321583727212, R_2x1 = 0.3839772780071345
GPT :   21736.332251 s : SU(2)-subgroup heatbath 1595 has P = 0.5937457449060727, R_2x1 = 0.38367235195344107
GPT :   21749.090541 s : SU(2)-subgroup heatbath 1596 has P = 0.5935628121181272, R_2x1 = 0.3833949484689477
GPT :   21762.258900 s : SU(2)-subgroup heatbath 1597 has P = 0.5935527231360742, R_2x1 = 0.3833780170909304
GPT :   21775.485672 s : SU(2)-subgroup heatbath 1598 has P = 0.5936124382176136, R_2x1 = 0.38343170057306697
GPT :   21788.549031 s : SU(2)-subgroup heatbath 1599 has P = 0.5939829952283932, R_2x1 = 0.3841501829203994
GPT :   21802.464998 s : Write 0.177979 GB at 0.156 GB/s (0.259623 GB/s for distribution, 1.2039 GB/s for writing, 24.1577 GB/s for checksum, 1 writers)
GPT :   21802.725101 s : SU(2)-subgroup heatbath 1600 has P = 0.5940652267771834, R_2x1 = 0.3841632603679652
GPT :   21815.932224 s : SU(2)-subgroup heatbath 1601 has P = 0.5940230257939405, R_2x1 = 0.38423539602837437
GPT :   21829.334704 s : SU(2)-subgroup heatbath 1602 has P = 0.5937352313408214, R_2x1 = 0.38352685706235523
GPT :   21842.450964 s : SU(2)-subgroup heatbath 1603 has P = 0.5938074110139727, R_2x1 = 0.38363977444904906
GPT :   21855.821768 s : SU(2)-subgroup heatbath 1604 has P = 0.5937073119155724, R_2x1 = 0.38365500026721927
GPT :   21868.966010 s : SU(2)-subgroup heatbath 1605 has P = 0.5936669992847028, R_2x1 = 0.38381598919682614
GPT :   21881.877784 s : SU(2)-subgroup heatbath 1606 has P = 0.5932738663328146, R_2x1 = 0.3833164213676432
GPT :   21895.275109 s : SU(2)-subgroup heatbath 1607 has P = 0.5935656152953713, R_2x1 = 0.38349400700204234
GPT :   21908.424664 s : SU(2)-subgroup heatbath 1608 has P = 0.5936323222540365, R_2x1 = 0.3832894128697419
GPT :   21921.730769 s : SU(2)-subgroup heatbath 1609 has P = 0.5937257458647146, R_2x1 = 0.3835735969559287
GPT :   21935.009877 s : SU(2)-subgroup heatbath 1610 has P = 0.5937705139254673, R_2x1 = 0.38367867730559624
GPT :   21948.156346 s : SU(2)-subgroup heatbath 1611 has P = 0.5939391065090456, R_2x1 = 0.3837152725094153
GPT :   21961.337501 s : SU(2)-subgroup heatbath 1612 has P = 0.5939295531701309, R_2x1 = 0.38390794588583077
GPT :   21974.646943 s : SU(2)-subgroup heatbath 1613 has P = 0.5938612915038451, R_2x1 = 0.38402408821123496
GPT :   21987.800730 s : SU(2)-subgroup heatbath 1614 has P = 0.5938645218591632, R_2x1 = 0.3840505269998413
GPT :   22000.603981 s : SU(2)-subgroup heatbath 1615 has P = 0.5936275670581459, R_2x1 = 0.38370055579322787
GPT :   22013.865359 s : SU(2)-subgroup heatbath 1616 has P = 0.5937530887591739, R_2x1 = 0.3837469965861578
GPT :   22026.975533 s : SU(2)-subgroup heatbath 1617 has P = 0.5937255263465172, R_2x1 = 0.38352799588752706
GPT :   22040.010680 s : SU(2)-subgroup heatbath 1618 has P = 0.5939458445977792, R_2x1 = 0.38362174447676317
GPT :   22052.895047 s : SU(2)-subgroup heatbath 1619 has P = 0.5935316750259325, R_2x1 = 0.38338830398542234
GPT :   22065.836495 s : SU(2)-subgroup heatbath 1620 has P = 0.593420434257882, R_2x1 = 0.3834348715023093
GPT :   22079.071491 s : SU(2)-subgroup heatbath 1621 has P = 0.5939233620240446, R_2x1 = 0.38409353174760547
GPT :   22092.078900 s : SU(2)-subgroup heatbath 1622 has P = 0.5938481820146321, R_2x1 = 0.38388360428627843
GPT :   22105.314022 s : SU(2)-subgroup heatbath 1623 has P = 0.5940021794519161, R_2x1 = 0.38405932062296005
GPT :   22117.970064 s : SU(2)-subgroup heatbath 1624 has P = 0.5940835527740468, R_2x1 = 0.3842107463722825
GPT :   22131.166330 s : SU(2)-subgroup heatbath 1625 has P = 0.593929485019034, R_2x1 = 0.38388404841136164
GPT :   22143.808090 s : SU(2)-subgroup heatbath 1626 has P = 0.5936691786678757, R_2x1 = 0.3833172998294358
GPT :   22157.155183 s : SU(2)-subgroup heatbath 1627 has P = 0.5934502498992748, R_2x1 = 0.3835044518629474
GPT :   22170.490620 s : SU(2)-subgroup heatbath 1628 has P = 0.5935176943145656, R_2x1 = 0.38327300524117774
GPT :   22183.909259 s : SU(2)-subgroup heatbath 1629 has P = 0.5937322283605146, R_2x1 = 0.38366626621973415
GPT :   22197.099106 s : SU(2)-subgroup heatbath 1630 has P = 0.593525422894819, R_2x1 = 0.3835865108270104
GPT :   22210.218812 s : SU(2)-subgroup heatbath 1631 has P = 0.5936435227230322, R_2x1 = 0.38352558185200714
GPT :   22223.775546 s : SU(2)-subgroup heatbath 1632 has P = 0.5938618006729223, R_2x1 = 0.38380889159615694
GPT :   22237.368220 s : SU(2)-subgroup heatbath 1633 has P = 0.5939589425531938, R_2x1 = 0.3837517834455449
GPT :   22250.700614 s : SU(2)-subgroup heatbath 1634 has P = 0.5939783545822424, R_2x1 = 0.38404727798338484
GPT :   22263.884739 s : SU(2)-subgroup heatbath 1635 has P = 0.5935787831848263, R_2x1 = 0.3835046931030664
GPT :   22277.255649 s : SU(2)-subgroup heatbath 1636 has P = 0.5935331986441813, R_2x1 = 0.3836498553946273
GPT :   22291.026184 s : SU(2)-subgroup heatbath 1637 has P = 0.5937177420332125, R_2x1 = 0.38368075962710346
GPT :   22304.137155 s : SU(2)-subgroup heatbath 1638 has P = 0.5935961752282133, R_2x1 = 0.3835809193152527
GPT :   22317.729122 s : SU(2)-subgroup heatbath 1639 has P = 0.5934763517074281, R_2x1 = 0.3832587225401389
GPT :   22332.283444 s : Write 0.177979 GB at 0.143766 GB/s (0.230955 GB/s for distribution, 1.19792 GB/s for writing, 24.3174 GB/s for checksum, 1 writers)
GPT :   22332.552776 s : SU(2)-subgroup heatbath 1640 has P = 0.5935226610193897, R_2x1 = 0.3833762338580823
GPT :   22345.803762 s : SU(2)-subgroup heatbath 1641 has P = 0.5937655970940768, R_2x1 = 0.38358646774277855
GPT :   22358.776912 s : SU(2)-subgroup heatbath 1642 has P = 0.5933994512964951, R_2x1 = 0.38334059208752347
GPT :   22371.928933 s : SU(2)-subgroup heatbath 1643 has P = 0.5934566253838394, R_2x1 = 0.38331222633780315
GPT :   22385.060248 s : SU(2)-subgroup heatbath 1644 has P = 0.5938135750814023, R_2x1 = 0.3837216749098164
GPT :   22398.044455 s : SU(2)-subgroup heatbath 1645 has P = 0.5937016658915324, R_2x1 = 0.38356165007855336
GPT :   22410.939460 s : SU(2)-subgroup heatbath 1646 has P = 0.5939533812498431, R_2x1 = 0.38396091330689475
GPT :   22424.114951 s : SU(2)-subgroup heatbath 1647 has P = 0.5940497694337189, R_2x1 = 0.38400799906392563
GPT :   22437.610740 s : SU(2)-subgroup heatbath 1648 has P = 0.5939806108044053, R_2x1 = 0.38386744090755603
GPT :   22451.048985 s : SU(2)-subgroup heatbath 1649 has P = 0.5937390172619633, R_2x1 = 0.3837923630717369
GPT :   22464.505359 s : SU(2)-subgroup heatbath 1650 has P = 0.5938877180434414, R_2x1 = 0.383828552623554
GPT :   22477.875270 s : SU(2)-subgroup heatbath 1651 has P = 0.5938599285864302, R_2x1 = 0.3838863599726417
GPT :   22490.944934 s : SU(2)-subgroup heatbath 1652 has P = 0.5935150778400807, R_2x1 = 0.3833642311767757
GPT :   22503.953561 s : SU(2)-subgroup heatbath 1653 has P = 0.5936706951617773, R_2x1 = 0.38347151507480237
GPT :   22517.177313 s : SU(2)-subgroup heatbath 1654 has P = 0.5933966433413717, R_2x1 = 0.38322635413248557
GPT :   22530.707358 s : SU(2)-subgroup heatbath 1655 has P = 0.5936036162002185, R_2x1 = 0.3835076100146307
GPT :   22544.237975 s : SU(2)-subgroup heatbath 1656 has P = 0.593367105691999, R_2x1 = 0.383110885566633
GPT :   22557.666136 s : SU(2)-subgroup heatbath 1657 has P = 0.5934241033145035, R_2x1 = 0.3831744493623328
GPT :   22570.586979 s : SU(2)-subgroup heatbath 1658 has P = 0.5933917144989325, R_2x1 = 0.3832105284330051
GPT :   22583.580527 s : SU(2)-subgroup heatbath 1659 has P = 0.5933234865080111, R_2x1 = 0.38317294954880315
GPT :   22596.702152 s : SU(2)-subgroup heatbath 1660 has P = 0.5936574445523494, R_2x1 = 0.3837796274458806
GPT :   22609.804173 s : SU(2)-subgroup heatbath 1661 has P = 0.5936594608728745, R_2x1 = 0.38368422926642115
GPT :   22622.913458 s : SU(2)-subgroup heatbath 1662 has P = 0.5935253591445421, R_2x1 = 0.38354016469247576
GPT :   22636.250517 s : SU(2)-subgroup heatbath 1663 has P = 0.5935665057844771, R_2x1 = 0.38358561133434227
GPT :   22649.913243 s : SU(2)-subgroup heatbath 1664 has P = 0.593880577114296, R_2x1 = 0.3838926067374392
GPT :   22662.829779 s : SU(2)-subgroup heatbath 1665 has P = 0.5938448560220028, R_2x1 = 0.38364598031826197
GPT :   22676.579508 s : SU(2)-subgroup heatbath 1666 has P = 0.5939460859582498, R_2x1 = 0.38444778721549117
GPT :   22689.802508 s : SU(2)-subgroup heatbath 1667 has P = 0.5938242040732898, R_2x1 = 0.3838676195968805
GPT :   22702.893159 s : SU(2)-subgroup heatbath 1668 has P = 0.594101047672268, R_2x1 = 0.38395823975271337
GPT :   22716.412381 s : SU(2)-subgroup heatbath 1669 has P = 0.5940338270361972, R_2x1 = 0.38427549560206403
GPT :   22729.822199 s : SU(2)-subgroup heatbath 1670 has P = 0.5937623322743872, R_2x1 = 0.3841598612094325
GPT :   22742.408230 s : SU(2)-subgroup heatbath 1671 has P = 0.5934584356145572, R_2x1 = 0.3832980300469132
GPT :   22755.433364 s : SU(2)-subgroup heatbath 1672 has P = 0.593276450709227, R_2x1 = 0.38303869433167165
GPT :   22768.442571 s : SU(2)-subgroup heatbath 1673 has P = 0.5934667832848838, R_2x1 = 0.3834820595196381
GPT :   22781.679160 s : SU(2)-subgroup heatbath 1674 has P = 0.593590986375484, R_2x1 = 0.38362117419746994
GPT :   22794.674154 s : SU(2)-subgroup heatbath 1675 has P = 0.5938823406133095, R_2x1 = 0.383845952569251
GPT :   22807.997576 s : SU(2)-subgroup heatbath 1676 has P = 0.5938103120378531, R_2x1 = 0.38384079840783186
GPT :   22821.183274 s : SU(2)-subgroup heatbath 1677 has P = 0.5938952448270299, R_2x1 = 0.3840094992717891
GPT :   22834.327140 s : SU(2)-subgroup heatbath 1678 has P = 0.5935026691682077, R_2x1 = 0.38337880859817913
GPT :   22847.688755 s : SU(2)-subgroup heatbath 1679 has P = 0.5938709608571159, R_2x1 = 0.3838780412088275
GPT :   22861.724212 s : Write 0.177979 GB at 0.149234 GB/s (0.242379 GB/s for distribution, 1.16343 GB/s for writing, 23.7066 GB/s for checksum, 1 writers)
GPT :   22861.982734 s : SU(2)-subgroup heatbath 1680 has P = 0.5937769291346067, R_2x1 = 0.3837422479738542
GPT :   22874.832578 s : SU(2)-subgroup heatbath 1681 has P = 0.5934604372068591, R_2x1 = 0.3833445363522779
GPT :   22887.905793 s : SU(2)-subgroup heatbath 1682 has P = 0.5933279215498259, R_2x1 = 0.3833866057766389
GPT :   22901.123815 s : SU(2)-subgroup heatbath 1683 has P = 0.5935482092309373, R_2x1 = 0.3832975130147165
GPT :   22914.636801 s : SU(2)-subgroup heatbath 1684 has P = 0.5938796418942062, R_2x1 = 0.38412823902948096
GPT :   22927.951138 s : SU(2)-subgroup heatbath 1685 has P = 0.594271032106153, R_2x1 = 0.384361800275112
GPT :   22941.022544 s : SU(2)-subgroup heatbath 1686 has P = 0.5938830766230235, R_2x1 = 0.3839974524069271
GPT :   22954.396155 s : SU(2)-subgroup heatbath 1687 has P = 0.593581636355775, R_2x1 = 0.38344833101374515
GPT :   22968.032226 s : SU(2)-subgroup heatbath 1688 has P = 0.5939551300021805, R_2x1 = 0.3838850933898349
GPT :   22981.243068 s : SU(2)-subgroup heatbath 1689 has P = 0.5936149433362671, R_2x1 = 0.3837898095924597
GPT :   22994.380539 s : SU(2)-subgroup heatbath 1690 has P = 0.5940859208001296, R_2x1 = 0.3845419991234804
GPT :   23007.627542 s : SU(2)-subgroup heatbath 1691 has P = 0.5939855631020464, R_2x1 = 0.3839196448170948
GPT :   23020.864752 s : SU(2)-subgroup heatbath 1692 has P = 0.5938931155686221, R_2x1 = 0.38384552332761646
GPT :   23033.967585 s : SU(2)-subgroup heatbath 1693 has P = 0.5939435840785933, R_2x1 = 0.3840193136491448
GPT :   23047.621910 s : SU(2)-subgroup heatbath 1694 has P = 0.5939426008725259, R_2x1 = 0.38405541242781055
GPT :   23061.167967 s : SU(2)-subgroup heatbath 1695 has P = 0.5940158492478644, R_2x1 = 0.38401107762832765
GPT :   23074.116442 s : SU(2)-subgroup heatbath 1696 has P = 0.5942048159919041, R_2x1 = 0.3844176178832458
GPT :   23087.260034 s : SU(2)-subgroup heatbath 1697 has P = 0.5937697572611614, R_2x1 = 0.383902664858145
GPT :   23100.646657 s : SU(2)-subgroup heatbath 1698 has P = 0.5938872738103064, R_2x1 = 0.3839035199905708
GPT :   23113.225600 s : SU(2)-subgroup heatbath 1699 has P = 0.5940655507935455, R_2x1 = 0.38400707521707717
GPT :   23126.559848 s : SU(2)-subgroup heatbath 1700 has P = 0.5941144225546443, R_2x1 = 0.38415091676607643
GPT :   23139.637536 s : SU(2)-subgroup heatbath 1701 has P = 0.5938577888921209, R_2x1 = 0.3838029796575144
GPT :   23152.679172 s : SU(2)-subgroup heatbath 1702 has P = 0.5936945680084692, R_2x1 = 0.3837673283669139
GPT :   23165.547656 s : SU(2)-subgroup heatbath 1703 has P = 0.5938244383265775, R_2x1 = 0.3838833289832324
GPT :   23178.590241 s : SU(2)-subgroup heatbath 1704 has P = 0.5938833776611502, R_2x1 = 0.38399030615974716
GPT :   23191.673460 s : SU(2)-subgroup heatbath 1705 has P = 0.5939200478912215, R_2x1 = 0.383910968314734
GPT :   23204.920700 s : SU(2)-subgroup heatbath 1706 has P = 0.5939067842477742, R_2x1 = 0.38399206091891525
GPT :   23217.708472 s : SU(2)-subgroup heatbath 1707 has P = 0.5939892108960148, R_2x1 = 0.3843291858014677
GPT :   23230.674457 s : SU(2)-subgroup heatbath 1708 has P = 0.594005798539564, R_2x1 = 0.38416195838970274
GPT :   23243.621843 s : SU(2)-subgroup heatbath 1709 has P = 0.594148818826992, R_2x1 = 0.3840735845066546
GPT :   23256.584869 s : SU(2)-subgroup heatbath 1710 has P = 0.5937415887956068, R_2x1 = 0.3840221574210706
GPT :   23269.824910 s : SU(2)-subgroup heatbath 1711 has P = 0.5939947655761438, R_2x1 = 0.38436554388099486
GPT :   23282.736824 s : SU(2)-subgroup heatbath 1712 has P = 0.5943729649484144, R_2x1 = 0.38457852930078934
GPT :   23295.532219 s : SU(2)-subgroup heatbath 1713 has P = 0.5940672917401558, R_2x1 = 0.3839187840965614
GPT :   23308.799732 s : SU(2)-subgroup heatbath 1714 has P = 0.5938122224965651, R_2x1 = 0.38351939246300565
GPT :   23321.616285 s : SU(2)-subgroup heatbath 1715 has P = 0.5942173160464586, R_2x1 = 0.3845227387181835
GPT :   23334.634884 s : SU(2)-subgroup heatbath 1716 has P = 0.5940095935719922, R_2x1 = 0.3840272833177933
GPT :   23347.444653 s : SU(2)-subgroup heatbath 1717 has P = 0.594058282043964, R_2x1 = 0.38455094730200357
GPT :   23360.651951 s : SU(2)-subgroup heatbath 1718 has P = 0.5940474745152755, R_2x1 = 0.3840253468683872
GPT :   23373.642821 s : SU(2)-subgroup heatbath 1719 has P = 0.594111448588327, R_2x1 = 0.38429475455229684
GPT :   23387.577588 s : Write 0.177979 GB at 0.15517 GB/s (0.261706 GB/s for distribution, 1.18116 GB/s for writing, 16.4369 GB/s for checksum, 1 writers)
GPT :   23387.854844 s : SU(2)-subgroup heatbath 1720 has P = 0.594254833466611, R_2x1 = 0.38456685460615525
GPT :   23400.779452 s : SU(2)-subgroup heatbath 1721 has P = 0.5943824295163112, R_2x1 = 0.3848610398950377
GPT :   23413.789520 s : SU(2)-subgroup heatbath 1722 has P = 0.5941908498063082, R_2x1 = 0.384275066500686
GPT :   23426.977525 s : SU(2)-subgroup heatbath 1723 has P = 0.593854062766494, R_2x1 = 0.38401703924110336
GPT :   23440.019887 s : SU(2)-subgroup heatbath 1724 has P = 0.593801130519114, R_2x1 = 0.3839261666886785
GPT :   23453.236315 s : SU(2)-subgroup heatbath 1725 has P = 0.5940191203832093, R_2x1 = 0.38404450291516135
GPT :   23466.223906 s : SU(2)-subgroup heatbath 1726 has P = 0.5939569280778608, R_2x1 = 0.3839067679786732
GPT :   23479.010657 s : SU(2)-subgroup heatbath 1727 has P = 0.594072064010067, R_2x1 = 0.38406004195435284
GPT :   23491.802986 s : SU(2)-subgroup heatbath 1728 has P = 0.5936341405167288, R_2x1 = 0.38358656526013757
GPT :   23504.480109 s : SU(2)-subgroup heatbath 1729 has P = 0.5935220509952899, R_2x1 = 0.38342856674790454
GPT :   23517.409575 s : SU(2)-subgroup heatbath 1730 has P = 0.5936640810247601, R_2x1 = 0.38343533193934504
GPT :   23530.460624 s : SU(2)-subgroup heatbath 1731 has P = 0.5937838201864818, R_2x1 = 0.3834728440400276
GPT :   23543.278079 s : SU(2)-subgroup heatbath 1732 has P = 0.5934263581301462, R_2x1 = 0.3833264075761386
GPT :   23556.218063 s : SU(2)-subgroup heatbath 1733 has P = 0.593433962321592, R_2x1 = 0.3833121430229474
GPT :   23569.418666 s : SU(2)-subgroup heatbath 1734 has P = 0.593621026000499, R_2x1 = 0.3833758373254476
GPT :   23582.391356 s : SU(2)-subgroup heatbath 1735 has P = 0.593570243479871, R_2x1 = 0.38365287530706105
GPT :   23595.357186 s : SU(2)-subgroup heatbath 1736 has P = 0.5939924224621922, R_2x1 = 0.3839774487161086
GPT :   23608.280978 s : SU(2)-subgroup heatbath 1737 has P = 0.5938784941453438, R_2x1 = 0.38383460582443624
GPT :   23621.248013 s : SU(2)-subgroup heatbath 1738 has P = 0.5939407049679077, R_2x1 = 0.3839252773753272
GPT :   23634.203551 s : SU(2)-subgroup heatbath 1739 has P = 0.5939061187396505, R_2x1 = 0.3839001295190123
GPT :   23647.059635 s : SU(2)-subgroup heatbath 1740 has P = 0.5934954766591337, R_2x1 = 0.3834969152173669
GPT :   23659.640900 s : SU(2)-subgroup heatbath 1741 has P = 0.5937858488054818, R_2x1 = 0.3839817678128397
GPT :   23672.704190 s : SU(2)-subgroup heatbath 1742 has P = 0.5937855190613833, R_2x1 = 0.3835630961091084
GPT :   23685.724232 s : SU(2)-subgroup heatbath 1743 has P = 0.5937095560687858, R_2x1 = 0.38377489169098616
GPT :   23698.138803 s : SU(2)-subgroup heatbath 1744 has P = 0.5939971218812358, R_2x1 = 0.38382982112798847
GPT :   23710.647160 s : SU(2)-subgroup heatbath 1745 has P = 0.5938223131864809, R_2x1 = 0.38373447571898134
GPT :   23723.554653 s : SU(2)-subgroup heatbath 1746 has P = 0.5939457443187249, R_2x1 = 0.38375550200976843
GPT :   23736.517428 s : SU(2)-subgroup heatbath 1747 has P = 0.5932680572881978, R_2x1 = 0.3832035800656877
GPT :   23749.602699 s : SU(2)-subgroup heatbath 1748 has P = 0.5933901367641589, R_2x1 = 0.38292130851957756
GPT :   23762.594215 s : SU(2)-subgroup heatbath 1749 has P = 0.5933689260014482, R_2x1 = 0.3833918412478012
GPT :   23775.437037 s : SU(2)-subgroup heatbath 1750 has P = 0.593912357212489, R_2x1 = 0.3840193287910296
GPT :   23788.625400 s : SU(2)-subgroup heatbath 1751 has P = 0.5938162784117395, R_2x1 = 0.3837909390238539
GPT :   23801.412013 s : SU(2)-subgroup heatbath 1752 has P = 0.5940861516673044, R_2x1 = 0.38386644531609265
GPT :   23814.622873 s : SU(2)-subgroup heatbath 1753 has P = 0.5940338349940907, R_2x1 = 0.38405167054973127
GPT :   23827.567297 s : SU(2)-subgroup heatbath 1754 has P = 0.5936890655264521, R_2x1 = 0.3837242468896742
GPT :   23840.648524 s : SU(2)-subgroup heatbath 1755 has P = 0.5938792278820956, R_2x1 = 0.38374800898476696
GPT :   23853.661864 s : SU(2)-subgroup heatbath 1756 has P = 0.5941142079755114, R_2x1 = 0.38432625900316025
GPT :   23866.645141 s : SU(2)-subgroup heatbath 1757 has P = 0.5941934702668314, R_2x1 = 0.38451772059021955
GPT :   23879.644241 s : SU(2)-subgroup heatbath 1758 has P = 0.5938001044868202, R_2x1 = 0.3835207640257328
GPT :   23892.941180 s : SU(2)-subgroup heatbath 1759 has P = 0.5937043679735767, R_2x1 = 0.383218394321316
GPT :   23907.085920 s : Write 0.177979 GB at 0.138849 GB/s (0.213015 GB/s for distribution, 1.22513 GB/s for writing, 24.1538 GB/s for checksum, 1 writers)
GPT :   23907.348116 s : SU(2)-subgroup heatbath 1760 has P = 0.5939047563569936, R_2x1 = 0.3837342354568362
GPT :   23920.130126 s : SU(2)-subgroup heatbath 1761 has P = 0.5936948040467434, R_2x1 = 0.38359133197162726
GPT :   23932.786447 s : SU(2)-subgroup heatbath 1762 has P = 0.5938565120061282, R_2x1 = 0.3839227033558589
GPT :   23945.674542 s : SU(2)-subgroup heatbath 1763 has P = 0.5937533411413464, R_2x1 = 0.38367342666804305
GPT :   23958.879241 s : SU(2)-subgroup heatbath 1764 has P = 0.5936699104225651, R_2x1 = 0.38353076819213144
GPT :   23971.966199 s : SU(2)-subgroup heatbath 1765 has P = 0.5939326608245692, R_2x1 = 0.38398830553350255
GPT :   23984.807568 s : SU(2)-subgroup heatbath 1766 has P = 0.5937591082436912, R_2x1 = 0.38373038204612425
GPT :   23997.865982 s : SU(2)-subgroup heatbath 1767 has P = 0.5936041564252523, R_2x1 = 0.383418105281424
GPT :   24010.640091 s : SU(2)-subgroup heatbath 1768 has P = 0.5935715834030438, R_2x1 = 0.38358964934410233
GPT :   24023.610023 s : SU(2)-subgroup heatbath 1769 has P = 0.5930424810675946, R_2x1 = 0.38276371883071764
GPT :   24036.614162 s : SU(2)-subgroup heatbath 1770 has P = 0.5936873124885421, R_2x1 = 0.3833822898395896
GPT :   24049.829992 s : SU(2)-subgroup heatbath 1771 has P = 0.5937696225081491, R_2x1 = 0.38364924408987283
GPT :   24063.109560 s : SU(2)-subgroup heatbath 1772 has P = 0.5937334199533569, R_2x1 = 0.38387498123432706
GPT :   24076.313674 s : SU(2)-subgroup heatbath 1773 has P = 0.5936196088657187, R_2x1 = 0.38361982513236553
GPT :   24089.270405 s : SU(2)-subgroup heatbath 1774 has P = 0.5937914074665461, R_2x1 = 0.38394926302100674
GPT :   24102.310216 s : SU(2)-subgroup heatbath 1775 has P = 0.5940575374632522, R_2x1 = 0.3842441025084296
GPT :   24115.263519 s : SU(2)-subgroup heatbath 1776 has P = 0.5939205986008667, R_2x1 = 0.38394045289880163
GPT :   24128.391483 s : SU(2)-subgroup heatbath 1777 has P = 0.5937421985393542, R_2x1 = 0.38340021415016773
GPT :   24141.461036 s : SU(2)-subgroup heatbath 1778 has P = 0.5937567544430381, R_2x1 = 0.38356714272680087
GPT :   24154.363607 s : SU(2)-subgroup heatbath 1779 has P = 0.5938941641567613, R_2x1 = 0.38401590443142886
GPT :   24167.198637 s : SU(2)-subgroup heatbath 1780 has P = 0.5940677524698204, R_2x1 = 0.38419161474614344
GPT :   24180.197891 s : SU(2)-subgroup heatbath 1781 has P = 0.5940307169576072, R_2x1 = 0.38411995973312596
GPT :   24193.248655 s : SU(2)-subgroup heatbath 1782 has P = 0.5938613405492025, R_2x1 = 0.38364286958329635
GPT :   24206.237182 s : SU(2)-subgroup heatbath 1783 has P = 0.5936524555294586, R_2x1 = 0.3834361680579074
GPT :   24219.373166 s : SU(2)-subgroup heatbath 1784 has P = 0.5935856447511465, R_2x1 = 0.38348418177280547
GPT :   24232.312202 s : SU(2)-subgroup heatbath 1785 has P = 0.5938143135443524, R_2x1 = 0.3838578756297695
GPT :   24245.215616 s : SU(2)-subgroup heatbath 1786 has P = 0.5932048325375695, R_2x1 = 0.3826541197639832
GPT :   24257.998415 s : SU(2)-subgroup heatbath 1787 has P = 0.5934235982438727, R_2x1 = 0.3832738653778318
GPT :   24271.046180 s : SU(2)-subgroup heatbath 1788 has P = 0.5937448369829996, R_2x1 = 0.3834637043147546
GPT :   24284.166109 s : SU(2)-subgroup heatbath 1789 has P = 0.5933855361645737, R_2x1 = 0.3831842314607959
GPT :   24297.229312 s : SU(2)-subgroup heatbath 1790 has P = 0.5935652956995824, R_2x1 = 0.38318698636532
GPT :   24310.277135 s : SU(2)-subgroup heatbath 1791 has P = 0.5936021790237571, R_2x1 = 0.3835018685019685
GPT :   24323.561186 s : SU(2)-subgroup heatbath 1792 has P = 0.593750876380397, R_2x1 = 0.3837830981263671
GPT :   24336.523705 s : SU(2)-subgroup heatbath 1793 has P = 0.5937789583534853, R_2x1 = 0.3836624225253932
GPT :   24349.403267 s : SU(2)-subgroup heatbath 1794 has P = 0.5935890897721848, R_2x1 = 0.3833533154431304
GPT :   24362.276989 s : SU(2)-subgroup heatbath 1795 has P = 0.5936793742966046, R_2x1 = 0.3834430273228032
GPT :   24374.931618 s : SU(2)-subgroup heatbath 1796 has P = 0.5936277448599373, R_2x1 = 0.38340171641486903
GPT :   24387.986199 s : SU(2)-subgroup heatbath 1797 has P = 0.593382615672717, R_2x1 = 0.3832073089204425
GPT :   24400.894786 s : SU(2)-subgroup heatbath 1798 has P = 0.5937686937394414, R_2x1 = 0.38370036198290164
GPT :   24413.655084 s : SU(2)-subgroup heatbath 1799 has P = 0.5935901431144989, R_2x1 = 0.3836126863044178
GPT :   24427.700885 s : Write 0.177979 GB at 0.138754 GB/s (0.223985 GB/s for distribution, 1.18211 GB/s for writing, 12.2184 GB/s for checksum, 1 writers)
GPT :   24427.978199 s : SU(2)-subgroup heatbath 1800 has P = 0.5936870207742082, R_2x1 = 0.3835218135819542
GPT :   24440.532892 s : SU(2)-subgroup heatbath 1801 has P = 0.5938747906806136, R_2x1 = 0.384001275979692
GPT :   24453.253843 s : SU(2)-subgroup heatbath 1802 has P = 0.5940418225722851, R_2x1 = 0.38388674279633
GPT :   24466.144458 s : SU(2)-subgroup heatbath 1803 has P = 0.5942079249873157, R_2x1 = 0.3843199342091562
GPT :   24479.065858 s : SU(2)-subgroup heatbath 1804 has P = 0.5934737496824215, R_2x1 = 0.3835569813111661
GPT :   24491.874585 s : SU(2)-subgroup heatbath 1805 has P = 0.5937375027812888, R_2x1 = 0.38352902023711927
GPT :   24504.114094 s : SU(2)-subgroup heatbath 1806 has P = 0.5935739267681747, R_2x1 = 0.38343661972493304
GPT :   24516.693473 s : SU(2)-subgroup heatbath 1807 has P = 0.5937107856813313, R_2x1 = 0.3835381107647148
GPT :   24529.589720 s : SU(2)-subgroup heatbath 1808 has P = 0.5936585109580524, R_2x1 = 0.38368919852129874
GPT :   24542.382694 s : SU(2)-subgroup heatbath 1809 has P = 0.5934073012101898, R_2x1 = 0.38300671858715885
GPT :   24555.238189 s : SU(2)-subgroup heatbath 1810 has P = 0.5934901229885557, R_2x1 = 0.383526170085613
GPT :   24567.546884 s : SU(2)-subgroup heatbath 1811 has P = 0.5937029588324595, R_2x1 = 0.38357438332558147
GPT :   24580.075798 s : SU(2)-subgroup heatbath 1812 has P = 0.5933147766118104, R_2x1 = 0.38287940140767013
GPT :   24592.718729 s : SU(2)-subgroup heatbath 1813 has P = 0.593751266886772, R_2x1 = 0.38352920456577083
GPT :   24605.246495 s : SU(2)-subgroup heatbath 1814 has P = 0.5936812697320798, R_2x1 = 0.3836220609332842
GPT :   24617.472486 s : SU(2)-subgroup heatbath 1815 has P = 0.5937521383509778, R_2x1 = 0.38402121195809547
GPT :   24630.057960 s : SU(2)-subgroup heatbath 1816 has P = 0.5936942455751089, R_2x1 = 0.38342854212996325
GPT :   24643.018893 s : SU(2)-subgroup heatbath 1817 has P = 0.5938545207404419, R_2x1 = 0.38394139106566527
GPT :   24655.414807 s : SU(2)-subgroup heatbath 1818 has P = 0.5936398292569148, R_2x1 = 0.3834817831632665
GPT :   24667.938213 s : SU(2)-subgroup heatbath 1819 has P = 0.5937021026319632, R_2x1 = 0.38372939031869785
GPT :   24680.879092 s : SU(2)-subgroup heatbath 1820 has P = 0.5940424838948285, R_2x1 = 0.3840702571962622
GPT :   24693.691785 s : SU(2)-subgroup heatbath 1821 has P = 0.5937893238739129, R_2x1 = 0.38386956747770096
GPT :   24706.252972 s : SU(2)-subgroup heatbath 1822 has P = 0.5938544981369243, R_2x1 = 0.38382826111824375
GPT :   24718.809883 s : SU(2)-subgroup heatbath 1823 has P = 0.5937279481332396, R_2x1 = 0.3838401874153608
GPT :   24731.507968 s : SU(2)-subgroup heatbath 1824 has P = 0.5938042466381649, R_2x1 = 0.3841358832958004
GPT :   24744.394663 s : SU(2)-subgroup heatbath 1825 has P = 0.5939243207185024, R_2x1 = 0.38386343222489505
GPT :   24757.001932 s : SU(2)-subgroup heatbath 1826 has P = 0.5940600849873375, R_2x1 = 0.38431026898845466
GPT :   24769.905549 s : SU(2)-subgroup heatbath 1827 has P = 0.5937963106501798, R_2x1 = 0.38389904299697536
GPT :   24782.116582 s : SU(2)-subgroup heatbath 1828 has P = 0.5939494217891343, R_2x1 = 0.3838705053812029
GPT :   24794.742441 s : SU(2)-subgroup heatbath 1829 has P = 0.5936869133561201, R_2x1 = 0.38332203754518407
GPT :   24807.206763 s : SU(2)-subgroup heatbath 1830 has P = 0.5937837222405561, R_2x1 = 0.38367245795005167
GPT :   24819.634675 s : SU(2)-subgroup heatbath 1831 has P = 0.593731437809872, R_2x1 = 0.38387469500154253
GPT :   24832.281152 s : SU(2)-subgroup heatbath 1832 has P = 0.593741266754038, R_2x1 = 0.38361266943714595
GPT :   24844.470460 s : SU(2)-subgroup heatbath 1833 has P = 0.5937393188788166, R_2x1 = 0.3835971605883076
GPT :   24856.936721 s : SU(2)-subgroup heatbath 1834 has P = 0.5937659055142446, R_2x1 = 0.38368587685851896
GPT :   24869.644151 s : SU(2)-subgroup heatbath 1835 has P = 0.59382016219276, R_2x1 = 0.38353634770859546
GPT :   24882.346827 s : SU(2)-subgroup heatbath 1836 has P = 0.5936646569909554, R_2x1 = 0.3834795094260292
GPT :   24895.001601 s : SU(2)-subgroup heatbath 1837 has P = 0.5933237488652704, R_2x1 = 0.3831156748594571
GPT :   24907.770359 s : SU(2)-subgroup heatbath 1838 has P = 0.5935352345905206, R_2x1 = 0.38359835002919385
GPT :   24920.338270 s : SU(2)-subgroup heatbath 1839 has P = 0.5938560334876094, R_2x1 = 0.38373787815961885
GPT :   24934.074506 s : Write 0.177979 GB at 0.149932 GB/s (0.251002 GB/s for distribution, 1.18617 GB/s for writing, 13.9948 GB/s for checksum, 1 writers)
GPT :   24934.352832 s : SU(2)-subgroup heatbath 1840 has P = 0.5938455581894925, R_2x1 = 0.38401245606919976
GPT :   24947.393180 s : SU(2)-subgroup heatbath 1841 has P = 0.5936063829708088, R_2x1 = 0.38361572593120213
GPT :   24960.527659 s : SU(2)-subgroup heatbath 1842 has P = 0.5938978807478245, R_2x1 = 0.3840231815318294
GPT :   24973.748682 s : SU(2)-subgroup heatbath 1843 has P = 0.5938506022581327, R_2x1 = 0.38392309047743783
GPT :   24986.819202 s : SU(2)-subgroup heatbath 1844 has P = 0.59390182579367, R_2x1 = 0.3840641979965291
GPT :   24999.915512 s : SU(2)-subgroup heatbath 1845 has P = 0.5936866823772838, R_2x1 = 0.38351061204904485
GPT :   25012.673440 s : SU(2)-subgroup heatbath 1846 has P = 0.593492455565133, R_2x1 = 0.38359311646219535
GPT :   25025.991610 s : SU(2)-subgroup heatbath 1847 has P = 0.5937235872608501, R_2x1 = 0.38366598932432344
GPT :   25039.118886 s : SU(2)-subgroup heatbath 1848 has P = 0.5937779941901914, R_2x1 = 0.38363746759001277
GPT :   25052.373239 s : SU(2)-subgroup heatbath 1849 has P = 0.593733674149811, R_2x1 = 0.38366540510136676
GPT :   25065.580325 s : SU(2)-subgroup heatbath 1850 has P = 0.5937588805889733, R_2x1 = 0.38376603570924817
GPT :   25078.486456 s : SU(2)-subgroup heatbath 1851 has P = 0.5935810688412434, R_2x1 = 0.38365729942309107
GPT :   25091.715992 s : SU(2)-subgroup heatbath 1852 has P = 0.593294456389032, R_2x1 = 0.3829866719433152
GPT :   25104.850821 s : SU(2)-subgroup heatbath 1853 has P = 0.5932963138742557, R_2x1 = 0.3830265605353849
GPT :   25117.871500 s : SU(2)-subgroup heatbath 1854 has P = 0.5932239997158107, R_2x1 = 0.3828481245826252
GPT :   25130.982682 s : SU(2)-subgroup heatbath 1855 has P = 0.5932855969064174, R_2x1 = 0.38287646073453235
GPT :   25143.695608 s : SU(2)-subgroup heatbath 1856 has P = 0.593426363630048, R_2x1 = 0.3832895111820005
GPT :   25156.491336 s : SU(2)-subgroup heatbath 1857 has P = 0.5939176137036212, R_2x1 = 0.38392504630143864
GPT :   25169.515789 s : SU(2)-subgroup heatbath 1858 has P = 0.5942278165641818, R_2x1 = 0.38433775018821137
GPT :   25182.518591 s : SU(2)-subgroup heatbath 1859 has P = 0.5940412345555932, R_2x1 = 0.38407089705217035
GPT :   25195.527246 s : SU(2)-subgroup heatbath 1860 has P = 0.5937398448179548, R_2x1 = 0.38379986710206077
GPT :   25208.763823 s : SU(2)-subgroup heatbath 1861 has P = 0.5940197277290464, R_2x1 = 0.3839153618607945
GPT :   25221.448905 s : SU(2)-subgroup heatbath 1862 has P = 0.5937207339627862, R_2x1 = 0.3836303384708717
GPT :   25234.791159 s : SU(2)-subgroup heatbath 1863 has P = 0.5938579057846379, R_2x1 = 0.3840615216953071
GPT :   25247.641999 s : SU(2)-subgroup heatbath 1864 has P = 0.5939522997293489, R_2x1 = 0.38408571502636807
GPT :   25260.618627 s : SU(2)-subgroup heatbath 1865 has P = 0.5937407686543397, R_2x1 = 0.38365204287929866
GPT :   25273.374444 s : SU(2)-subgroup heatbath 1866 has P = 0.593932969308886, R_2x1 = 0.3839553627890646
GPT :   25286.261346 s : SU(2)-subgroup heatbath 1867 has P = 0.5938340930719102, R_2x1 = 0.3835005118858697
GPT :   25298.962333 s : SU(2)-subgroup heatbath 1868 has P = 0.5934293080172879, R_2x1 = 0.3831576276735765
GPT :   25312.082995 s : SU(2)-subgroup heatbath 1869 has P = 0.5934890599209866, R_2x1 = 0.3835403369196188
GPT :   25325.068955 s : SU(2)-subgroup heatbath 1870 has P = 0.5936108572974031, R_2x1 = 0.38368589178805074
GPT :   25337.621700 s : SU(2)-subgroup heatbath 1871 has P = 0.5938008720910071, R_2x1 = 0.38386016055914024
GPT :   25350.434804 s : SU(2)-subgroup heatbath 1872 has P = 0.5937382932392845, R_2x1 = 0.383929487927524
GPT :   25363.152698 s : SU(2)-subgroup heatbath 1873 has P = 0.5936857157093026, R_2x1 = 0.38371667403619525
GPT :   25376.190756 s : SU(2)-subgroup heatbath 1874 has P = 0.594032343721414, R_2x1 = 0.3842355302509442
GPT :   25388.947887 s : SU(2)-subgroup heatbath 1875 has P = 0.593975634777115, R_2x1 = 0.384127802233469
GPT :   25401.768573 s : SU(2)-subgroup heatbath 1876 has P = 0.5938548526314108, R_2x1 = 0.3837071695832556
GPT :   25414.931752 s : SU(2)-subgroup heatbath 1877 has P = 0.5936688070126716, R_2x1 = 0.3835270366494124
GPT :   25427.897418 s : SU(2)-subgroup heatbath 1878 has P = 0.5940466058203834, R_2x1 = 0.38418474734210545
GPT :   25440.766968 s : SU(2)-subgroup heatbath 1879 has P = 0.5941163871236815, R_2x1 = 0.38425928369743745
GPT :   25454.491641 s : Write 0.177979 GB at 0.144868 GB/s (0.231827 GB/s for distribution, 1.16784 GB/s for writing, 25.2527 GB/s for checksum, 1 writers)
GPT :   25454.750943 s : SU(2)-subgroup heatbath 1880 has P = 0.5939019029826816, R_2x1 = 0.3838024787516621
GPT :   25467.108455 s : SU(2)-subgroup heatbath 1881 has P = 0.5936214483945547, R_2x1 = 0.38375511563004544
GPT :   25479.820605 s : SU(2)-subgroup heatbath 1882 has P = 0.5940892851959152, R_2x1 = 0.3840780326497473
GPT :   25492.067978 s : SU(2)-subgroup heatbath 1883 has P = 0.593829380275918, R_2x1 = 0.3837622464148259
GPT :   25504.437567 s : SU(2)-subgroup heatbath 1884 has P = 0.5934936495669325, R_2x1 = 0.3834823635707839
GPT :   25517.108670 s : SU(2)-subgroup heatbath 1885 has P = 0.5936638098947168, R_2x1 = 0.38357012394969653
GPT :   25529.775313 s : SU(2)-subgroup heatbath 1886 has P = 0.5938399692863754, R_2x1 = 0.383641058291371
GPT :   25542.152446 s : SU(2)-subgroup heatbath 1887 has P = 0.5938484418754318, R_2x1 = 0.3837475066505198
GPT :   25554.975719 s : SU(2)-subgroup heatbath 1888 has P = 0.5937035330850847, R_2x1 = 0.3836297557224193
GPT :   25567.818841 s : SU(2)-subgroup heatbath 1889 has P = 0.5934017672158162, R_2x1 = 0.3834304531352861
GPT :   25580.678370 s : SU(2)-subgroup heatbath 1890 has P = 0.5935663488600355, R_2x1 = 0.3837446634111466
GPT :   25593.361197 s : SU(2)-subgroup heatbath 1891 has P = 0.5938120258136189, R_2x1 = 0.383870599830919
GPT :   25605.553220 s : SU(2)-subgroup heatbath 1892 has P = 0.5938741844567924, R_2x1 = 0.38396042060810753
GPT :   25618.316328 s : SU(2)-subgroup heatbath 1893 has P = 0.5938847818587086, R_2x1 = 0.3840275618150788
GPT :   25630.975799 s : SU(2)-subgroup heatbath 1894 has P = 0.5934877714740298, R_2x1 = 0.38335098334698653
GPT :   25643.732578 s : SU(2)-subgroup heatbath 1895 has P = 0.5934505484981161, R_2x1 = 0.3833016208280578
GPT :   25656.067974 s : SU(2)-subgroup heatbath 1896 has P = 0.5936912586845974, R_2x1 = 0.38367224974965863
GPT :   25668.681767 s : SU(2)-subgroup heatbath 1897 has P = 0.5940160432246604, R_2x1 = 0.3840866994491084
GPT :   25681.507215 s : SU(2)-subgroup heatbath 1898 has P = 0.593769674015875, R_2x1 = 0.38374181903932825
GPT :   25693.875532 s : SU(2)-subgroup heatbath 1899 has P = 0.5931463060991523, R_2x1 = 0.38282147380568626
GPT :   25706.666826 s : SU(2)-subgroup heatbath 1900 has P = 0.5936351669927494, R_2x1 = 0.3833493430655463
GPT :   25719.258132 s : SU(2)-subgroup heatbath 1901 has P = 0.5940528883560771, R_2x1 = 0.3839187101639239
GPT :   25731.350349 s : SU(2)-subgroup heatbath 1902 has P = 0.5936746566036767, R_2x1 = 0.38377552870199155
GPT :   25743.988600 s : SU(2)-subgroup heatbath 1903 has P = 0.593858767392926, R_2x1 = 0.3839087265591284
GPT :   25756.643497 s : SU(2)-subgroup heatbath 1904 has P = 0.59403531739594, R_2x1 = 0.3840778061837385
GPT :   25769.024315 s : SU(2)-subgroup heatbath 1905 has P = 0.5936460867149075, R_2x1 = 0.3834263190798356
GPT :   25781.604888 s : SU(2)-subgroup heatbath 1906 has P = 0.5938215067830709, R_2x1 = 0.3839090247737964
GPT :   25794.157974 s : SU(2)-subgroup heatbath 1907 has P = 0.5938211565694725, R_2x1 = 0.3841617217010021
GPT :   25806.918340 s : SU(2)-subgroup heatbath 1908 has P = 0.5934488287888396, R_2x1 = 0.3833053693804567
GPT :   25819.236226 s : SU(2)-subgroup heatbath 1909 has P = 0.5935012980960624, R_2x1 = 0.3833955973473342
GPT :   25831.926558 s : SU(2)-subgroup heatbath 1910 has P = 0.5938639184673151, R_2x1 = 0.38383788443278855
GPT :   25844.853400 s : SU(2)-subgroup heatbath 1911 has P = 0.5936201255640194, R_2x1 = 0.38365638553745807
GPT :   25857.531010 s : SU(2)-subgroup heatbath 1912 has P = 0.5937073532036271, R_2x1 = 0.3835379722727608
GPT :   25869.712489 s : SU(2)-subgroup heatbath 1913 has P = 0.5936653951739846, R_2x1 = 0.38349838288815924
GPT :   25882.433692 s : SU(2)-subgroup heatbath 1914 has P = 0.5933842299229207, R_2x1 = 0.38305332040965767
GPT :   25895.314018 s : SU(2)-subgroup heatbath 1915 has P = 0.5936832767557897, R_2x1 = 0.38345391258215517
GPT :   25908.308250 s : SU(2)-subgroup heatbath 1916 has P = 0.59378801046977, R_2x1 = 0.3835971389167926
GPT :   25921.293307 s : SU(2)-subgroup heatbath 1917 has P = 0.5938505219949576, R_2x1 = 0.3840034740200302
GPT :   25933.880117 s : SU(2)-subgroup heatbath 1918 has P = 0.5940233792966458, R_2x1 = 0.38405723065561254
GPT :   25946.686891 s : SU(2)-subgroup heatbath 1919 has P = 0.5935463532715952, R_2x1 = 0.38334686544010227
GPT :   25960.737414 s : Write 0.177979 GB at 0.145223 GB/s (0.232209 GB/s for distribution, 1.21526 GB/s for writing, 23.4019 GB/s for checksum, 1 writers)
GPT :   25961.016050 s : SU(2)-subgroup heatbath 1920 has P = 0.5937546247665306, R_2x1 = 0.3835976928195561
GPT :   25973.749791 s : SU(2)-subgroup heatbath 1921 has P = 0.5937282517334621, R_2x1 = 0.3834752881452623
GPT :   25987.154115 s : SU(2)-subgroup heatbath 1922 has P = 0.593783057764144, R_2x1 = 0.3837962264129486
GPT :   26000.534696 s : SU(2)-subgroup heatbath 1923 has P = 0.594060180062057, R_2x1 = 0.3841338624219069
GPT :   26013.218205 s : SU(2)-subgroup heatbath 1924 has P = 0.5936437287844422, R_2x1 = 0.383591903519176
GPT :   26026.438231 s : SU(2)-subgroup heatbath 1925 has P = 0.5934116592795391, R_2x1 = 0.3829355542071134
GPT :   26039.075446 s : SU(2)-subgroup heatbath 1926 has P = 0.5932990906775663, R_2x1 = 0.38273493979894524
GPT :   26052.228109 s : SU(2)-subgroup heatbath 1927 has P = 0.5936211618597472, R_2x1 = 0.3833238987078484
GPT :   26065.279887 s : SU(2)-subgroup heatbath 1928 has P = 0.5936350957867008, R_2x1 = 0.3833318039213375
GPT :   26078.118695 s : SU(2)-subgroup heatbath 1929 has P = 0.5935123600264004, R_2x1 = 0.38320482036668096
GPT :   26091.483157 s : SU(2)-subgroup heatbath 1930 has P = 0.5934315897836855, R_2x1 = 0.38334955000621906
GPT :   26104.735135 s : SU(2)-subgroup heatbath 1931 has P = 0.5936115926911761, R_2x1 = 0.38340020430614447
GPT :   26117.801482 s : SU(2)-subgroup heatbath 1932 has P = 0.5935557591327404, R_2x1 = 0.3834001642240091
GPT :   26130.947089 s : SU(2)-subgroup heatbath 1933 has P = 0.59379201156241, R_2x1 = 0.3838715038736937
GPT :   26144.163143 s : SU(2)-subgroup heatbath 1934 has P = 0.5936090734395527, R_2x1 = 0.3831163736122975
GPT :   26157.309877 s : SU(2)-subgroup heatbath 1935 has P = 0.5935320183959274, R_2x1 = 0.38327518416889894
GPT :   26170.157434 s : SU(2)-subgroup heatbath 1936 has P = 0.5934267957397619, R_2x1 = 0.3833333356110065
GPT :   26183.050958 s : SU(2)-subgroup heatbath 1937 has P = 0.5934627609704004, R_2x1 = 0.383409859350482
GPT :   26196.227156 s : SU(2)-subgroup heatbath 1938 has P = 0.5933662631838613, R_2x1 = 0.38324921295864
GPT :   26209.692607 s : SU(2)-subgroup heatbath 1939 has P = 0.5936045196628538, R_2x1 = 0.3836165133067658
GPT :   26223.168397 s : SU(2)-subgroup heatbath 1940 has P = 0.5936043386604097, R_2x1 = 0.38349078010288284
GPT :   26236.303047 s : SU(2)-subgroup heatbath 1941 has P = 0.5936833242665689, R_2x1 = 0.38345179481278197
GPT :   26249.276956 s : SU(2)-subgroup heatbath 1942 has P = 0.593641348185837, R_2x1 = 0.3835532082778768
GPT :   26262.642800 s : SU(2)-subgroup heatbath 1943 has P = 0.5936844400093374, R_2x1 = 0.38354412485532535
GPT :   26275.631513 s : SU(2)-subgroup heatbath 1944 has P = 0.5936078320260654, R_2x1 = 0.38328768267643243
GPT :   26288.929432 s : SU(2)-subgroup heatbath 1945 has P = 0.5934738027080021, R_2x1 = 0.3832693554326538
GPT :   26302.065253 s : SU(2)-subgroup heatbath 1946 has P = 0.593234025244738, R_2x1 = 0.38285986928238286
GPT :   26314.821086 s : SU(2)-subgroup heatbath 1947 has P = 0.5932286753586996, R_2x1 = 0.3827776656715385
GPT :   26327.537517 s : SU(2)-subgroup heatbath 1948 has P = 0.5934280172945131, R_2x1 = 0.3831568463698125
GPT :   26340.464882 s : SU(2)-subgroup heatbath 1949 has P = 0.5937055914408385, R_2x1 = 0.3835067714367679
GPT :   26353.464922 s : SU(2)-subgroup heatbath 1950 has P = 0.5938711509398737, R_2x1 = 0.3838464097367926
GPT :   26366.494725 s : SU(2)-subgroup heatbath 1951 has P = 0.5937176671429428, R_2x1 = 0.3832277762271467
GPT :   26379.510829 s : SU(2)-subgroup heatbath 1952 has P = 0.5936623737357273, R_2x1 = 0.3835606549044115
GPT :   26392.918342 s : SU(2)-subgroup heatbath 1953 has P = 0.593449844714829, R_2x1 = 0.38316544636506467
GPT :   26406.256685 s : SU(2)-subgroup heatbath 1954 has P = 0.593442900437036, R_2x1 = 0.38334577081032933
GPT :   26419.109478 s : SU(2)-subgroup heatbath 1955 has P = 0.5934759598089442, R_2x1 = 0.3834461824673616
GPT :   26432.452755 s : SU(2)-subgroup heatbath 1956 has P = 0.5935376863911835, R_2x1 = 0.3832785679569387
GPT :   26445.837545 s : SU(2)-subgroup heatbath 1957 has P = 0.5936940340813323, R_2x1 = 0.3836604432870149
GPT :   26458.880450 s : SU(2)-subgroup heatbath 1958 has P = 0.593609202331807, R_2x1 = 0.38339855924607985
GPT :   26471.954622 s : SU(2)-subgroup heatbath 1959 has P = 0.5935445011148195, R_2x1 = 0.38346674443744155
GPT :   26485.945167 s : Write 0.177979 GB at 0.153369 GB/s (0.25292 GB/s for distribution, 1.2106 GB/s for writing, 24.3969 GB/s for checksum, 1 writers)
GPT :   26486.215520 s : SU(2)-subgroup heatbath 1960 has P = 0.593336351026393, R_2x1 = 0.3831750669723062
GPT :   26499.328296 s : SU(2)-subgroup heatbath 1961 has P = 0.5932667806537676, R_2x1 = 0.3831627771478136
GPT :   26512.218843 s : SU(2)-subgroup heatbath 1962 has P = 0.5936646259471299, R_2x1 = 0.38368643675661146
GPT :   26525.116623 s : SU(2)-subgroup heatbath 1963 has P = 0.5938545200916285, R_2x1 = 0.38383624188875093
GPT :   26537.867635 s : SU(2)-subgroup heatbath 1964 has P = 0.5938146566992223, R_2x1 = 0.38384410586212886
GPT :   26551.206508 s : SU(2)-subgroup heatbath 1965 has P = 0.5937220296503897, R_2x1 = 0.3837092351027111
GPT :   26564.181386 s : SU(2)-subgroup heatbath 1966 has P = 0.5938136998191165, R_2x1 = 0.3835918280552323
GPT :   26577.262885 s : SU(2)-subgroup heatbath 1967 has P = 0.5935971621971888, R_2x1 = 0.383665488004195
GPT :   26590.037144 s : SU(2)-subgroup heatbath 1968 has P = 0.5939107358709419, R_2x1 = 0.38395496703322646
GPT :   26603.155612 s : SU(2)-subgroup heatbath 1969 has P = 0.5935216750974298, R_2x1 = 0.3832369915861864
GPT :   26616.348688 s : SU(2)-subgroup heatbath 1970 has P = 0.5936170987753894, R_2x1 = 0.38366063451607463
GPT :   26629.263365 s : SU(2)-subgroup heatbath 1971 has P = 0.5936066436183988, R_2x1 = 0.3835517253469256
GPT :   26642.489439 s : SU(2)-subgroup heatbath 1972 has P = 0.5934670614050418, R_2x1 = 0.3834418410430861
GPT :   26655.779029 s : SU(2)-subgroup heatbath 1973 has P = 0.5935342660011985, R_2x1 = 0.3833251489798473
GPT :   26668.787677 s : SU(2)-subgroup heatbath 1974 has P = 0.5935099954286428, R_2x1 = 0.3831579021113598
GPT :   26681.902192 s : SU(2)-subgroup heatbath 1975 has P = 0.593545241784288, R_2x1 = 0.3829486365137697
GPT :   26695.095340 s : SU(2)-subgroup heatbath 1976 has P = 0.5936108539374618, R_2x1 = 0.3835532354250712
GPT :   26708.163705 s : SU(2)-subgroup heatbath 1977 has P = 0.5931918049655912, R_2x1 = 0.3829254064778244
GPT :   26721.438133 s : SU(2)-subgroup heatbath 1978 has P = 0.5933837247981358, R_2x1 = 0.38333639884654047
GPT :   26734.168576 s : SU(2)-subgroup heatbath 1979 has P = 0.5937927858883914, R_2x1 = 0.38371655252860987
GPT :   26747.383853 s : SU(2)-subgroup heatbath 1980 has P = 0.593954455259996, R_2x1 = 0.38391774405050655
GPT :   26760.514523 s : SU(2)-subgroup heatbath 1981 has P = 0.5940444691447612, R_2x1 = 0.38397975473522616
GPT :   26773.993754 s : SU(2)-subgroup heatbath 1982 has P = 0.5940429795259284, R_2x1 = 0.3840429444036589
GPT :   26787.017722 s : SU(2)-subgroup heatbath 1983 has P = 0.5938175937542091, R_2x1 = 0.3836978170662395
GPT :   26799.585013 s : SU(2)-subgroup heatbath 1984 has P = 0.5940198681437463, R_2x1 = 0.3840820740025251
GPT :   26812.836020 s : SU(2)-subgroup heatbath 1985 has P = 0.5938967857965258, R_2x1 = 0.3838645266614249
GPT :   26826.057685 s : SU(2)-subgroup heatbath 1986 has P = 0.5937972168873603, R_2x1 = 0.38361411410017915
GPT :   26839.079261 s : SU(2)-subgroup heatbath 1987 has P = 0.5939493516359026, R_2x1 = 0.3842520330391511
GPT :   26852.343712 s : SU(2)-subgroup heatbath 1988 has P = 0.5939447712230761, R_2x1 = 0.3838397127333279
GPT :   26865.488463 s : SU(2)-subgroup heatbath 1989 has P = 0.59337961053291, R_2x1 = 0.3833851132085782
GPT :   26878.769659 s : SU(2)-subgroup heatbath 1990 has P = 0.5938305170593478, R_2x1 = 0.38387810820657275
GPT :   26891.906608 s : SU(2)-subgroup heatbath 1991 has P = 0.593767036782323, R_2x1 = 0.3837253336214329
GPT :   26904.879492 s : SU(2)-subgroup heatbath 1992 has P = 0.593815493994516, R_2x1 = 0.38377944651654344
GPT :   26918.114259 s : SU(2)-subgroup heatbath 1993 has P = 0.5936405623985387, R_2x1 = 0.38343047478149067
GPT :   26930.933868 s : SU(2)-subgroup heatbath 1994 has P = 0.5938976169052319, R_2x1 = 0.3837328292936792
GPT :   26943.922227 s : SU(2)-subgroup heatbath 1995 has P = 0.5937508978313605, R_2x1 = 0.3834223615570072
GPT :   26957.078639 s : SU(2)-subgroup heatbath 1996 has P = 0.5937522673085415, R_2x1 = 0.38362698008226526
GPT :   26970.005042 s : SU(2)-subgroup heatbath 1997 has P = 0.5935860842129188, R_2x1 = 0.38341522788318605
GPT :   26983.296451 s : SU(2)-subgroup heatbath 1998 has P = 0.5939872812567254, R_2x1 = 0.38368909991997363
GPT :   26996.599821 s : SU(2)-subgroup heatbath 1999 has P = 0.5937994131816102, R_2x1 = 0.3835238601823178
GPT :   27010.564349 s : Write 0.177979 GB at 0.139624 GB/s (0.223671 GB/s for distribution, 1.189 GB/s for writing, 14.3425 GB/s for checksum, 1 writers)
=============================================
               Finalized GPT                 
=============================================
Grid : Message : 27010.448321 s : *******************************************
Grid : Message : 27010.448327 s : ******* Grid Finalize                ******
Grid : Message : 27010.448329 s : *******************************************
