 
Processing configuration 0
 
Start time for config 0: Wed May 20 09:38:04 AM EDT 2026
[IO] Attempting to read a NERSC file 
[PAR] CONDOR_MODE selected .... 
[IO] reading file ../conf/S24T24/wilson_b6.0
[IO] Configuration number :: 1 
[INIT] GLU is Compiled for SU(3)

[DIMENSIONS] ( 24 x 24 x 24 x 24 )

[INIT] using 16 thread(s) 
[INIT] allocating su(2) subgroup indices
[IO] Read gauge field[IO] file offset 601
[IO] LOOP_VAR = 18
[IO] Reading gauge field (../conf/S24T24/wilson_b6.0) took
[TIMER] elapsed :: 3.848290e-02 s 
[IO] Header     Trace :: -0.000059           || Plaq :: 0.594462 
[IO] Calculated Trace :: -0.000059101614174  || Plaq :: 0.594461652540406 

[GF] Using the Fourier accelerated non-linear conjugate gradient (FACG) routines
[GF] Coulomb gauge accuracy of 1e-14 
[GF] Tuning parameter alpha :: 0.090000 
[GF] Performing AT MOST 6000 iterations before randomly restarting ... 
[GF] Allowing for 7 restarts before complaint ... 
[GF] Approximate O(a) exponential expansion, and reunitarisation in Gauge Fixing.
[GF] Initial Tlink :: -0.000136339753715 || Slink :: -0.000033355567660 
[GF] Plaquette :: 0.594461652540406 
[PAR_RNG] MWC_4096
[PAR_RNG] Entropy read Seed 3166691862
[PAR_RNG] warmed up

[DB] initialised


[GF] Slice :: 0 {Stopped by convergence} 
[GF] Accuracy :: 8.28161e-15 || Iterations :: 93
[GF] Failures :: 0

[GF] Slice :: 1 {Stopped by convergence} 
[GF] Accuracy :: 8.25490e-15 || Iterations :: 108
[GF] Failures :: 0

[GF] Slice :: 2 {Stopped by convergence} 
[GF] Accuracy :: 9.79885e-15 || Iterations :: 97
[GF] Failures :: 0

[GF] Slice :: 3 {Stopped by convergence} 
[GF] Accuracy :: 7.89116e-15 || Iterations :: 160
[GF] Failures :: 0

[GF] Slice :: 4 {Stopped by convergence} 
[GF] Accuracy :: 9.05074e-15 || Iterations :: 95
[GF] Failures :: 0

[GF] Slice :: 5 {Stopped by convergence} 
[GF] Accuracy :: 9.60467e-15 || Iterations :: 128
[GF] Failures :: 0

[GF] Slice :: 6 {Stopped by convergence} 
[GF] Accuracy :: 7.55718e-15 || Iterations :: 98
[GF] Failures :: 0

[GF] Slice :: 7 {Stopped by convergence} 
[GF] Accuracy :: 6.63372e-15 || Iterations :: 100
[GF] Failures :: 0

[GF] Slice :: 8 {Stopped by convergence} 
[GF] Accuracy :: 9.54958e-15 || Iterations :: 124
[GF] Failures :: 0

[GF] Slice :: 9 {Stopped by convergence} 
[GF] Accuracy :: 8.62408e-15 || Iterations :: 148
[GF] Failures :: 0

[GF] Slice :: 10 {Stopped by convergence} 
[GF] Accuracy :: 8.09736e-15 || Iterations :: 112
[GF] Failures :: 0

[GF] Slice :: 11 {Stopped by convergence} 
[GF] Accuracy :: 6.52521e-15 || Iterations :: 101
[GF] Failures :: 0

[GF] Slice :: 12 {Stopped by convergence} 
[GF] Accuracy :: 7.62609e-15 || Iterations :: 91
[GF] Failures :: 0

[GF] Slice :: 13 {Stopped by convergence} 
[GF] Accuracy :: 6.29193e-15 || Iterations :: 94
[GF] Failures :: 0

[GF] Slice :: 14 {Stopped by convergence} 
[GF] Accuracy :: 7.53590e-15 || Iterations :: 148
[GF] Failures :: 0

[GF] Slice :: 15 {Stopped by convergence} 
[GF] Accuracy :: 6.67058e-15 || Iterations :: 89
[GF] Failures :: 0

[GF] Slice :: 16 {Stopped by convergence} 
[GF] Accuracy :: 8.27830e-15 || Iterations :: 172
[GF] Failures :: 0

[GF] Slice :: 17 {Stopped by convergence} 
[GF] Accuracy :: 8.78751e-15 || Iterations :: 205
[GF] Failures :: 0

[GF] Slice :: 18 {Stopped by convergence} 
[GF] Accuracy :: 7.08092e-15 || Iterations :: 140
[GF] Failures :: 0

[GF] Slice :: 19 {Stopped by convergence} 
[GF] Accuracy :: 7.53696e-15 || Iterations :: 150
[GF] Failures :: 0

[GF] Slice :: 20 {Stopped by convergence} 
[GF] Accuracy :: 7.61931e-15 || Iterations :: 99
[GF] Failures :: 0

[GF] Slice :: 21 {Stopped by convergence} 
[GF] Accuracy :: 6.59249e-15 || Iterations :: 81
[GF] Failures :: 0

[GF] Slice :: 22 {Stopped by convergence} 
[GF] Accuracy :: 8.09005e-15 || Iterations :: 102
[GF] Failures :: 0

[GF] Slice :: 23 {Stopped by convergence} 
[GF] Accuracy :: 7.84628e-15 || Iterations :: 127
[GF] Failures :: 0

[GF] Tuning :: 0.090000 || Iterations :: 2862 ||
[GF] Final Tlink :: 0.050292698431341 || Slink :: 0.884243071797925 
[GF] Plaquette :: 0.594461652540406 

[TIMER] elapsed :: 4.449912e+00 s 
[IO] Writing 4D_SU3_GAUGE binary data

[TIMER] elapsed :: 2.852798e-02 s 
[IO] Page size is :: 62.713688, Total malloc [More] 0.306519  [Less] 0.187867 
[IO] Using the faster/memory expensive code 

[TIMER] elapsed :: 1.877980e-01 s 
[IO] Configuration written to ../conf/S24T24_cg/wilson_b6.cg.1e-14.0 
 
Time for config 0: 0 hours 0 minutes 5 seconds
 
Processing configuration 1
 
Start time for config 1: Wed May 20 09:38:09 AM EDT 2026
[IO] Attempting to read a NERSC file 
[PAR] CONDOR_MODE selected .... 
[IO] reading file ../conf/S24T24/wilson_b6.1
[IO] Configuration number :: 1 
[INIT] GLU is Compiled for SU(3)

[DIMENSIONS] ( 24 x 24 x 24 x 24 )

[INIT] using 16 thread(s) 
[INIT] allocating su(2) subgroup indices
[IO] Read gauge field[IO] file offset 601
[IO] LOOP_VAR = 18
[IO] Reading gauge field (../conf/S24T24/wilson_b6.1) took
[TIMER] elapsed :: 3.899789e-02 s 
[IO] Header     Trace :: 0.000019           || Plaq :: 0.593835 
[IO] Calculated Trace :: 0.000019270415989  || Plaq :: 0.593835496413018 

[GF] Using the Fourier accelerated non-linear conjugate gradient (FACG) routines
[GF] Coulomb gauge accuracy of 1e-14 
[GF] Tuning parameter alpha :: 0.090000 
[GF] Performing AT MOST 6000 iterations before randomly restarting ... 
[GF] Allowing for 7 restarts before complaint ... 
[GF] Approximate O(a) exponential expansion, and reunitarisation in Gauge Fixing.
[GF] Initial Tlink :: -0.000189778405423 || Slink :: 0.000088953356459 
[GF] Plaquette :: 0.593835496413018 
[PAR_RNG] MWC_4096
[PAR_RNG] Entropy read Seed 2969862658
[PAR_RNG] warmed up

[DB] initialised


[GF] Slice :: 0 {Stopped by convergence} 
[GF] Accuracy :: 7.91829e-15 || Iterations :: 145
[GF] Failures :: 0

[GF] Slice :: 1 {Stopped by convergence} 
[GF] Accuracy :: 8.08332e-15 || Iterations :: 116
[GF] Failures :: 0

[GF] Slice :: 2 {Stopped by convergence} 
[GF] Accuracy :: 7.72668e-15 || Iterations :: 108
[GF] Failures :: 0

[GF] Slice :: 3 {Stopped by convergence} 
[GF] Accuracy :: 7.71018e-15 || Iterations :: 171
[GF] Failures :: 0

[GF] Slice :: 4 {Stopped by convergence} 
[GF] Accuracy :: 8.86480e-15 || Iterations :: 149
[GF] Failures :: 0

[GF] Slice :: 5 {Stopped by convergence} 
[GF] Accuracy :: 9.66398e-15 || Iterations :: 121
[GF] Failures :: 0

[GF] Slice :: 6 {Stopped by convergence} 
[GF] Accuracy :: 9.97538e-15 || Iterations :: 174
[GF] Failures :: 0

[GF] Slice :: 7 {Stopped by convergence} 
[GF] Accuracy :: 9.38779e-15 || Iterations :: 198
[GF] Failures :: 0

[GF] Slice :: 8 {Stopped by convergence} 
[GF] Accuracy :: 6.46644e-15 || Iterations :: 117
[GF] Failures :: 0

[GF] Slice :: 9 {Stopped by convergence} 
[GF] Accuracy :: 9.20515e-15 || Iterations :: 131
[GF] Failures :: 0

[GF] Slice :: 10 {Stopped by convergence} 
[GF] Accuracy :: 7.75704e-15 || Iterations :: 147
[GF] Failures :: 0

[GF] Slice :: 11 {Stopped by convergence} 
[GF] Accuracy :: 8.62110e-15 || Iterations :: 191
[GF] Failures :: 0

[GF] Slice :: 12 {Stopped by convergence} 
[GF] Accuracy :: 9.85928e-15 || Iterations :: 170
[GF] Failures :: 0

[GF] Slice :: 13 {Stopped by convergence} 
[GF] Accuracy :: 9.56009e-15 || Iterations :: 173
[GF] Failures :: 0

[GF] Slice :: 14 {Stopped by convergence} 
[GF] Accuracy :: 7.62408e-15 || Iterations :: 189
[GF] Failures :: 0

[GF] Slice :: 15 {Stopped by convergence} 
[GF] Accuracy :: 7.53578e-15 || Iterations :: 291
[GF] Failures :: 0

[GF] Slice :: 16 {Stopped by convergence} 
[GF] Accuracy :: 9.14024e-15 || Iterations :: 361
[GF] Failures :: 0

[GF] Slice :: 17 {Stopped by convergence} 
[GF] Accuracy :: 9.57891e-15 || Iterations :: 300
[GF] Failures :: 0

[GF] Slice :: 18 {Stopped by convergence} 
[GF] Accuracy :: 9.63597e-15 || Iterations :: 191
[GF] Failures :: 0

[GF] Slice :: 19 {Stopped by convergence} 
[GF] Accuracy :: 5.77957e-15 || Iterations :: 85
[GF] Failures :: 0

[GF] Slice :: 20 {Stopped by convergence} 
[GF] Accuracy :: 8.34847e-15 || Iterations :: 86
[GF] Failures :: 0

[GF] Slice :: 21 {Stopped by convergence} 
[GF] Accuracy :: 6.91958e-15 || Iterations :: 86
[GF] Failures :: 0

[GF] Slice :: 22 {Stopped by convergence} 
[GF] Accuracy :: 7.66170e-15 || Iterations :: 156
[GF] Failures :: 0

[GF] Slice :: 23 {Stopped by convergence} 
[GF] Accuracy :: 8.43037e-15 || Iterations :: 191
[GF] Failures :: 0

[GF] Tuning :: 0.090000 || Iterations :: 4047 ||
[GF] Final Tlink :: 0.007257145012802 || Slink :: 0.883379155648332 
[GF] Plaquette :: 0.593835496413018 

[TIMER] elapsed :: 5.842589e+00 s 
[IO] Writing 4D_SU3_GAUGE binary data

[TIMER] elapsed :: 2.871990e-02 s 
[IO] Page size is :: 62.713688, Total malloc [More] 0.306519  [Less] 0.187867 
[IO] Using the faster/memory expensive code 

[TIMER] elapsed :: 1.870670e-01 s 
[IO] Configuration written to ../conf/S24T24_cg/wilson_b6.cg.1e-14.1 
 
Time for config 1: 0 hours 0 minutes 7 seconds
 
Processing configuration 2
 
Start time for config 2: Wed May 20 09:38:16 AM EDT 2026
[IO] Attempting to read a NERSC file 
[PAR] CONDOR_MODE selected .... 
[IO] reading file ../conf/S24T24/wilson_b6.2
[IO] Configuration number :: 1 
[INIT] GLU is Compiled for SU(3)

[DIMENSIONS] ( 24 x 24 x 24 x 24 )

[INIT] using 16 thread(s) 
[INIT] allocating su(2) subgroup indices
[IO] Read gauge field[IO] file offset 598
[IO] LOOP_VAR = 18
[IO] Reading gauge field (../conf/S24T24/wilson_b6.2) took
[TIMER] elapsed :: 3.818488e-02 s 
[IO] Header     Trace :: 0.000309           || Plaq :: 0.593950 
[IO] Calculated Trace :: 0.000309462701272  || Plaq :: 0.593950353533192 

[GF] Using the Fourier accelerated non-linear conjugate gradient (FACG) routines
[GF] Coulomb gauge accuracy of 1e-14 
[GF] Tuning parameter alpha :: 0.090000 
[GF] Performing AT MOST 6000 iterations before randomly restarting ... 
[GF] Allowing for 7 restarts before complaint ... 
[GF] Approximate O(a) exponential expansion, and reunitarisation in Gauge Fixing.
[GF] Initial Tlink :: 0.000049788357942 || Slink :: 0.000396020815716 
[GF] Plaquette :: 0.593950353533192 
[PAR_RNG] MWC_4096
[PAR_RNG] Entropy read Seed 2068652406
[PAR_RNG] warmed up

[DB] initialised


[GF] Slice :: 0 {Stopped by convergence} 
[GF] Accuracy :: 8.71587e-15 || Iterations :: 181
[GF] Failures :: 0

[GF] Slice :: 1 {Stopped by convergence} 
[GF] Accuracy :: 9.41372e-15 || Iterations :: 148
[GF] Failures :: 0

[GF] Slice :: 2 {Stopped by convergence} 
[GF] Accuracy :: 7.54755e-15 || Iterations :: 120
[GF] Failures :: 0

[GF] Slice :: 3 {Stopped by convergence} 
[GF] Accuracy :: 9.75340e-15 || Iterations :: 140
[GF] Failures :: 0

[GF] Slice :: 4 {Stopped by convergence} 
[GF] Accuracy :: 8.14645e-15 || Iterations :: 113
[GF] Failures :: 0

[GF] Slice :: 5 {Stopped by convergence} 
[GF] Accuracy :: 9.30875e-15 || Iterations :: 239
[GF] Failures :: 0

[GF] Slice :: 6 {Stopped by convergence} 
[GF] Accuracy :: 7.34895e-15 || Iterations :: 200
[GF] Failures :: 0

[GF] Slice :: 7 {Stopped by convergence} 
[GF] Accuracy :: 9.73169e-15 || Iterations :: 219
[GF] Failures :: 0

[GF] Slice :: 8 {Stopped by convergence} 
[GF] Accuracy :: 9.19001e-15 || Iterations :: 157
[GF] Failures :: 0

[GF] Slice :: 9 {Stopped by convergence} 
[GF] Accuracy :: 8.80552e-15 || Iterations :: 187
[GF] Failures :: 0

[GF] Slice :: 10 {Stopped by convergence} 
[GF] Accuracy :: 9.02755e-15 || Iterations :: 195
[GF] Failures :: 0

[GF] Slice :: 11 {Stopped by convergence} 
[GF] Accuracy :: 8.71091e-15 || Iterations :: 134
[GF] Failures :: 0

[GF] Slice :: 12 {Stopped by convergence} 
[GF] Accuracy :: 7.84406e-15 || Iterations :: 121
[GF] Failures :: 0

[GF] Slice :: 13 {Stopped by convergence} 
[GF] Accuracy :: 8.38388e-15 || Iterations :: 111
[GF] Failures :: 0

[GF] Slice :: 14 {Stopped by convergence} 
[GF] Accuracy :: 9.33354e-15 || Iterations :: 149
[GF] Failures :: 0

[GF] Slice :: 15 {Stopped by convergence} 
[GF] Accuracy :: 8.85165e-15 || Iterations :: 192
[GF] Failures :: 0

[GF] Slice :: 16 {Stopped by convergence} 
[GF] Accuracy :: 7.75693e-15 || Iterations :: 118
[GF] Failures :: 0

[GF] Slice :: 17 {Stopped by convergence} 
[GF] Accuracy :: 9.77234e-15 || Iterations :: 195
[GF] Failures :: 0

[GF] Slice :: 18 {Stopped by convergence} 
[GF] Accuracy :: 9.22240e-15 || Iterations :: 199
[GF] Failures :: 0

[GF] Slice :: 19 {Stopped by convergence} 
[GF] Accuracy :: 8.65282e-15 || Iterations :: 181
[GF] Failures :: 0

[GF] Slice :: 20 {Stopped by convergence} 
[GF] Accuracy :: 8.48081e-15 || Iterations :: 129
[GF] Failures :: 0

[GF] Slice :: 21 {Stopped by convergence} 
[GF] Accuracy :: 7.97842e-15 || Iterations :: 117
[GF] Failures :: 0

[GF] Slice :: 22 {Stopped by convergence} 
[GF] Accuracy :: 9.49518e-15 || Iterations :: 166
[GF] Failures :: 0

[GF] Slice :: 23 {Stopped by convergence} 
[GF] Accuracy :: 9.78625e-15 || Iterations :: 146
[GF] Failures :: 0

[GF] Tuning :: 0.090000 || Iterations :: 3857 ||
[GF] Final Tlink :: 0.004450640386913 || Slink :: 0.882873542350877 
[GF] Plaquette :: 0.593950353533192 

[TIMER] elapsed :: 5.670469e+00 s 
[IO] Writing 4D_SU3_GAUGE binary data

[TIMER] elapsed :: 4.325604e-02 s 
[IO] Page size is :: 62.713688, Total malloc [More] 0.306519  [Less] 0.187867 
[IO] Using the faster/memory expensive code 

[TIMER] elapsed :: 1.849251e-01 s 
[IO] Configuration written to ../conf/S24T24_cg/wilson_b6.cg.1e-14.2 
 
Time for config 2: 0 hours 0 minutes 6 seconds
 
Processing configuration 3
 
Start time for config 3: Wed May 20 09:38:22 AM EDT 2026
[IO] Attempting to read a NERSC file 
[PAR] CONDOR_MODE selected .... 
[IO] reading file ../conf/S24T24/wilson_b6.3
[IO] Configuration number :: 1 
[INIT] GLU is Compiled for SU(3)

[DIMENSIONS] ( 24 x 24 x 24 x 24 )

[INIT] using 16 thread(s) 
[INIT] allocating su(2) subgroup indices
[IO] Read gauge field[IO] file offset 602
[IO] LOOP_VAR = 18
[IO] Reading gauge field (../conf/S24T24/wilson_b6.3) took
[TIMER] elapsed :: 3.907704e-02 s 
[IO] Header     Trace :: -0.000019           || Plaq :: 0.593943 
[IO] Calculated Trace :: -0.000019153713447  || Plaq :: 0.593943246876030 

[GF] Using the Fourier accelerated non-linear conjugate gradient (FACG) routines
[GF] Coulomb gauge accuracy of 1e-14 
[GF] Tuning parameter alpha :: 0.090000 
[GF] Performing AT MOST 6000 iterations before randomly restarting ... 
[GF] Allowing for 7 restarts before complaint ... 
[GF] Approximate O(a) exponential expansion, and reunitarisation in Gauge Fixing.
[GF] Initial Tlink :: 0.000155499435792 || Slink :: -0.000077371429860 
[GF] Plaquette :: 0.593943246876030 
[PAR_RNG] MWC_4096
[PAR_RNG] Entropy read Seed 359326170
[PAR_RNG] warmed up

[DB] initialised


[GF] Slice :: 0 {Stopped by convergence} 
[GF] Accuracy :: 7.77133e-15 || Iterations :: 186
[GF] Failures :: 0

[GF] Slice :: 1 {Stopped by convergence} 
[GF] Accuracy :: 7.78143e-15 || Iterations :: 168
[GF] Failures :: 0

[GF] Slice :: 2 {Stopped by convergence} 
[GF] Accuracy :: 8.63435e-15 || Iterations :: 218
[GF] Failures :: 0

[GF] Slice :: 3 {Stopped by convergence} 
[GF] Accuracy :: 8.94191e-15 || Iterations :: 343
[GF] Failures :: 0

[GF] Slice :: 4 {Stopped by convergence} 
[GF] Accuracy :: 9.84297e-15 || Iterations :: 174
[GF] Failures :: 0

[GF] Slice :: 5 {Stopped by convergence} 
[GF] Accuracy :: 8.48452e-15 || Iterations :: 154
[GF] Failures :: 0

[GF] Slice :: 6 {Stopped by convergence} 
[GF] Accuracy :: 8.20661e-15 || Iterations :: 200
[GF] Failures :: 0

[GF] Slice :: 7 {Stopped by convergence} 
[GF] Accuracy :: 8.65947e-15 || Iterations :: 147
[GF] Failures :: 0

[GF] Slice :: 8 {Stopped by convergence} 
[GF] Accuracy :: 9.70843e-15 || Iterations :: 168
[GF] Failures :: 0

[GF] Slice :: 9 {Stopped by convergence} 
[GF] Accuracy :: 7.92397e-15 || Iterations :: 128
[GF] Failures :: 0

[GF] Slice :: 10 {Stopped by convergence} 
[GF] Accuracy :: 8.73268e-15 || Iterations :: 131
[GF] Failures :: 0

[GF] Slice :: 11 {Stopped by convergence} 
[GF] Accuracy :: 9.69472e-15 || Iterations :: 127
[GF] Failures :: 0

[GF] Slice :: 12 {Stopped by convergence} 
[GF] Accuracy :: 8.45447e-15 || Iterations :: 174
[GF] Failures :: 0

[GF] Slice :: 13 {Stopped by convergence} 
[GF] Accuracy :: 9.32954e-15 || Iterations :: 245
[GF] Failures :: 0

[GF] Slice :: 14 {Stopped by convergence} 
[GF] Accuracy :: 9.90518e-15 || Iterations :: 154
[GF] Failures :: 0

[GF] Slice :: 15 {Stopped by convergence} 
[GF] Accuracy :: 9.55343e-15 || Iterations :: 158
[GF] Failures :: 0

[GF] Slice :: 16 {Stopped by convergence} 
[GF] Accuracy :: 9.51094e-15 || Iterations :: 141
[GF] Failures :: 0

[GF] Slice :: 17 {Stopped by convergence} 
[GF] Accuracy :: 8.62615e-15 || Iterations :: 151
[GF] Failures :: 0

[GF] Slice :: 18 {Stopped by convergence} 
[GF] Accuracy :: 9.02810e-15 || Iterations :: 188
[GF] Failures :: 0

[GF] Slice :: 19 {Stopped by convergence} 
[GF] Accuracy :: 9.18935e-15 || Iterations :: 259
[GF] Failures :: 0

[GF] Slice :: 20 {Stopped by convergence} 
[GF] Accuracy :: 7.60648e-15 || Iterations :: 169
[GF] Failures :: 0

[GF] Slice :: 21 {Stopped by convergence} 
[GF] Accuracy :: 7.67871e-15 || Iterations :: 165
[GF] Failures :: 0

[GF] Slice :: 22 {Stopped by convergence} 
[GF] Accuracy :: 7.65809e-15 || Iterations :: 196
[GF] Failures :: 0

[GF] Slice :: 23 {Stopped by convergence} 
[GF] Accuracy :: 8.26149e-15 || Iterations :: 118
[GF] Failures :: 0

[GF] Tuning :: 0.090000 || Iterations :: 4262 ||
[GF] Final Tlink :: -0.006235251252009 || Slink :: 0.882717415447788 
[GF] Plaquette :: 0.593943246876030 

[TIMER] elapsed :: 6.196273e+00 s 
[IO] Writing 4D_SU3_GAUGE binary data

[TIMER] elapsed :: 2.879095e-02 s 
[IO] Page size is :: 62.713688, Total malloc [More] 0.306519  [Less] 0.187867 
[IO] Using the faster/memory expensive code 

[TIMER] elapsed :: 1.874299e-01 s 
[IO] Configuration written to ../conf/S24T24_cg/wilson_b6.cg.1e-14.3 
 
Time for config 3: 0 hours 0 minutes 6 seconds
 
Processing configuration 4
 
Start time for config 4: Wed May 20 09:38:28 AM EDT 2026
[IO] Attempting to read a NERSC file 
[PAR] CONDOR_MODE selected .... 
[IO] reading file ../conf/S24T24/wilson_b6.4
[IO] Configuration number :: 1 
[INIT] GLU is Compiled for SU(3)

[DIMENSIONS] ( 24 x 24 x 24 x 24 )

[INIT] using 16 thread(s) 
[INIT] allocating su(2) subgroup indices
[IO] Read gauge field[IO] file offset 602
[IO] LOOP_VAR = 18
[IO] Reading gauge field (../conf/S24T24/wilson_b6.4) took
[TIMER] elapsed :: 3.899789e-02 s 
[IO] Header     Trace :: -0.000121           || Plaq :: 0.593997 
[IO] Calculated Trace :: -0.000120920644975  || Plaq :: 0.593997306855898 

[GF] Using the Fourier accelerated non-linear conjugate gradient (FACG) routines
[GF] Coulomb gauge accuracy of 1e-14 
[GF] Tuning parameter alpha :: 0.090000 
[GF] Performing AT MOST 6000 iterations before randomly restarting ... 
[GF] Allowing for 7 restarts before complaint ... 
[GF] Approximate O(a) exponential expansion, and reunitarisation in Gauge Fixing.
[GF] Initial Tlink :: -0.000103811179022 || Slink :: -0.000126623800292 
[GF] Plaquette :: 0.593997306855898 
[PAR_RNG] MWC_4096
[PAR_RNG] Entropy read Seed 52191161
[PAR_RNG] warmed up

[DB] initialised


[GF] Slice :: 0 {Stopped by convergence} 
[GF] Accuracy :: 8.99221e-15 || Iterations :: 187
[GF] Failures :: 0

[GF] Slice :: 1 {Stopped by convergence} 
[GF] Accuracy :: 6.60191e-15 || Iterations :: 140
[GF] Failures :: 0

[GF] Slice :: 2 {Stopped by convergence} 
[GF] Accuracy :: 8.69138e-15 || Iterations :: 234
[GF] Failures :: 0

[GF] Slice :: 3 {Stopped by convergence} 
[GF] Accuracy :: 4.56160e-15 || Iterations :: 118
[GF] Failures :: 0

[GF] Slice :: 4 {Stopped by convergence} 
[GF] Accuracy :: 8.40379e-15 || Iterations :: 118
[GF] Failures :: 0

[GF] Slice :: 5 {Stopped by convergence} 
[GF] Accuracy :: 8.86086e-15 || Iterations :: 150
[GF] Failures :: 0

[GF] Slice :: 6 {Stopped by convergence} 
[GF] Accuracy :: 8.84808e-15 || Iterations :: 237
[GF] Failures :: 0

[GF] Slice :: 7 {Stopped by convergence} 
[GF] Accuracy :: 8.54846e-15 || Iterations :: 159
[GF] Failures :: 0

[GF] Slice :: 8 {Stopped by convergence} 
[GF] Accuracy :: 9.05228e-15 || Iterations :: 302
[GF] Failures :: 0

[GF] Slice :: 9 {Stopped by convergence} 
[GF] Accuracy :: 8.36595e-15 || Iterations :: 123
[GF] Failures :: 0

[GF] Slice :: 10 {Stopped by convergence} 
[GF] Accuracy :: 7.63803e-15 || Iterations :: 212
[GF] Failures :: 0

[GF] Slice :: 11 {Stopped by convergence} 
[GF] Accuracy :: 7.81200e-15 || Iterations :: 206
[GF] Failures :: 0

[GF] Slice :: 12 {Stopped by convergence} 
[GF] Accuracy :: 7.58220e-15 || Iterations :: 186
[GF] Failures :: 0

[GF] Slice :: 13 {Stopped by convergence} 
[GF] Accuracy :: 6.85472e-15 || Iterations :: 147
[GF] Failures :: 0

[GF] Slice :: 14 {Stopped by convergence} 
[GF] Accuracy :: 8.73128e-15 || Iterations :: 302
[GF] Failures :: 0

[GF] Slice :: 15 {Stopped by convergence} 
[GF] Accuracy :: 9.36435e-15 || Iterations :: 217
[GF] Failures :: 0

[GF] Slice :: 16 {Stopped by convergence} 
[GF] Accuracy :: 9.68745e-15 || Iterations :: 211
[GF] Failures :: 0

[GF] Slice :: 17 {Stopped by convergence} 
[GF] Accuracy :: 6.81118e-15 || Iterations :: 157
[GF] Failures :: 0

[GF] Slice :: 18 {Stopped by convergence} 
[GF] Accuracy :: 8.61025e-15 || Iterations :: 247
[GF] Failures :: 0

[GF] Slice :: 19 {Stopped by convergence} 
[GF] Accuracy :: 8.53348e-15 || Iterations :: 178
[GF] Failures :: 0

[GF] Slice :: 20 {Stopped by convergence} 
[GF] Accuracy :: 8.63298e-15 || Iterations :: 227
[GF] Failures :: 0

[GF] Slice :: 21 {Stopped by convergence} 
[GF] Accuracy :: 9.52596e-15 || Iterations :: 143
[GF] Failures :: 0

[GF] Slice :: 22 {Stopped by convergence} 
[GF] Accuracy :: 8.43602e-15 || Iterations :: 119
[GF] Failures :: 0

[GF] Slice :: 23 {Stopped by convergence} 
[GF] Accuracy :: 9.23775e-15 || Iterations :: 172
[GF] Failures :: 0

[GF] Tuning :: 0.090000 || Iterations :: 4492 ||
[GF] Final Tlink :: -0.007289602013101 || Slink :: 0.882740703108988 
[GF] Plaquette :: 0.593997306855899 

[TIMER] elapsed :: 6.511635e+00 s 
[IO] Writing 4D_SU3_GAUGE binary data

[TIMER] elapsed :: 2.846289e-02 s 
[IO] Page size is :: 62.713688, Total malloc [More] 0.306519  [Less] 0.187867 
[IO] Using the faster/memory expensive code 

[TIMER] elapsed :: 1.865308e-01 s 
[IO] Configuration written to ../conf/S24T24_cg/wilson_b6.cg.1e-14.4 
 
Time for config 4: 0 hours 0 minutes 7 seconds
 
Processing configuration 5
 
Start time for config 5: Wed May 20 09:38:35 AM EDT 2026
[IO] Attempting to read a NERSC file 
[PAR] CONDOR_MODE selected .... 
[IO] reading file ../conf/S24T24/wilson_b6.5
[IO] Configuration number :: 1 
[INIT] GLU is Compiled for SU(3)

[DIMENSIONS] ( 24 x 24 x 24 x 24 )

[INIT] using 16 thread(s) 
[INIT] allocating su(2) subgroup indices
[IO] Read gauge field[IO] file offset 601
[IO] LOOP_VAR = 18
[IO] Reading gauge field (../conf/S24T24/wilson_b6.5) took
[TIMER] elapsed :: 3.770208e-02 s 
[IO] Header     Trace :: 0.000290           || Plaq :: 0.593212 
[IO] Calculated Trace :: 0.000289998955585  || Plaq :: 0.593212309975086 

[GF] Using the Fourier accelerated non-linear conjugate gradient (FACG) routines
[GF] Coulomb gauge accuracy of 1e-14 
[GF] Tuning parameter alpha :: 0.090000 
[GF] Performing AT MOST 6000 iterations before randomly restarting ... 
[GF] Allowing for 7 restarts before complaint ... 
[GF] Approximate O(a) exponential expansion, and reunitarisation in Gauge Fixing.
[GF] Initial Tlink :: 0.000265570963909 || Slink :: 0.000298141619477 
[GF] Plaquette :: 0.593212309975086 
[PAR_RNG] MWC_4096
[PAR_RNG] Entropy read Seed 2213894519
[PAR_RNG] warmed up

[DB] initialised


[GF] Slice :: 0 {Stopped by convergence} 
[GF] Accuracy :: 7.77480e-15 || Iterations :: 125
[GF] Failures :: 0

[GF] Slice :: 1 {Stopped by convergence} 
[GF] Accuracy :: 8.86843e-15 || Iterations :: 129
[GF] Failures :: 0

[GF] Slice :: 2 {Stopped by convergence} 
[GF] Accuracy :: 9.92873e-15 || Iterations :: 195
[GF] Failures :: 0

[GF] Slice :: 3 {Stopped by convergence} 
[GF] Accuracy :: 9.62224e-15 || Iterations :: 185
[GF] Failures :: 0

[GF] Slice :: 4 {Stopped by convergence} 
[GF] Accuracy :: 9.18825e-15 || Iterations :: 198
[GF] Failures :: 0

[GF] Slice :: 5 {Stopped by convergence} 
[GF] Accuracy :: 9.66926e-15 || Iterations :: 252
[GF] Failures :: 0

[GF] Slice :: 6 {Stopped by convergence} 
[GF] Accuracy :: 8.41136e-15 || Iterations :: 239
[GF] Failures :: 0

[GF] Slice :: 7 {Stopped by convergence} 
[GF] Accuracy :: 9.96019e-15 || Iterations :: 166
[GF] Failures :: 0

[GF] Slice :: 8 {Stopped by convergence} 
[GF] Accuracy :: 9.90166e-15 || Iterations :: 276
[GF] Failures :: 0

[GF] Slice :: 9 {Stopped by convergence} 
[GF] Accuracy :: 8.91647e-15 || Iterations :: 186
[GF] Failures :: 0

[GF] Slice :: 10 {Stopped by convergence} 
[GF] Accuracy :: 9.83425e-15 || Iterations :: 147
[GF] Failures :: 0

[GF] Slice :: 11 {Stopped by convergence} 
[GF] Accuracy :: 9.52274e-15 || Iterations :: 226
[GF] Failures :: 0

[GF] Slice :: 12 {Stopped by convergence} 
[GF] Accuracy :: 8.77687e-15 || Iterations :: 294
[GF] Failures :: 0

[GF] Slice :: 13 {Stopped by convergence} 
[GF] Accuracy :: 8.49233e-15 || Iterations :: 165
[GF] Failures :: 0

[GF] Slice :: 14 {Stopped by convergence} 
[GF] Accuracy :: 8.66819e-15 || Iterations :: 195
[GF] Failures :: 0

[GF] Slice :: 15 {Stopped by convergence} 
[GF] Accuracy :: 9.81016e-15 || Iterations :: 144
[GF] Failures :: 0

[GF] Slice :: 16 {Stopped by convergence} 
[GF] Accuracy :: 9.95956e-15 || Iterations :: 145
[GF] Failures :: 0

[GF] Slice :: 17 {Stopped by convergence} 
[GF] Accuracy :: 8.64215e-15 || Iterations :: 224
[GF] Failures :: 0

[GF] Slice :: 18 {Stopped by convergence} 
[GF] Accuracy :: 9.62165e-15 || Iterations :: 173
[GF] Failures :: 0

[GF] Slice :: 19 {Stopped by convergence} 
[GF] Accuracy :: 9.97738e-15 || Iterations :: 160
[GF] Failures :: 0

[GF] Slice :: 20 {Stopped by convergence} 
[GF] Accuracy :: 8.39469e-15 || Iterations :: 213
[GF] Failures :: 0

[GF] Slice :: 21 {Stopped by convergence} 
[GF] Accuracy :: 9.05803e-15 || Iterations :: 155
[GF] Failures :: 0

[GF] Slice :: 22 {Stopped by convergence} 
[GF] Accuracy :: 9.65518e-15 || Iterations :: 271
[GF] Failures :: 0

[GF] Slice :: 23 {Stopped by convergence} 
[GF] Accuracy :: 9.93125e-15 || Iterations :: 199
[GF] Failures :: 0

[GF] Tuning :: 0.090000 || Iterations :: 4662 ||
[GF] Final Tlink :: -0.006616470718207 || Slink :: 0.882333523314343 
[GF] Plaquette :: 0.593212309975086 

[TIMER] elapsed :: 6.659043e+00 s 
[IO] Writing 4D_SU3_GAUGE binary data

[TIMER] elapsed :: 3.018689e-02 s 
[IO] Page size is :: 62.713688, Total malloc [More] 0.306519  [Less] 0.187867 
[IO] Using the faster/memory expensive code 

[TIMER] elapsed :: 1.870079e-01 s 
[IO] Configuration written to ../conf/S24T24_cg/wilson_b6.cg.1e-14.5 
 
Time for config 5: 0 hours 0 minutes 8 seconds
 
Processing configuration 6
 
Start time for config 6: Wed May 20 09:38:43 AM EDT 2026
[IO] Attempting to read a NERSC file 
[PAR] CONDOR_MODE selected .... 
[IO] reading file ../conf/S24T24/wilson_b6.6
[IO] Configuration number :: 1 
[INIT] GLU is Compiled for SU(3)

[DIMENSIONS] ( 24 x 24 x 24 x 24 )

[INIT] using 16 thread(s) 
[INIT] allocating su(2) subgroup indices
[IO] Read gauge field[IO] file offset 601
[IO] LOOP_VAR = 18
[IO] Reading gauge field (../conf/S24T24/wilson_b6.6) took
[TIMER] elapsed :: 5.344105e-02 s 
[IO] Header     Trace :: 0.000204           || Plaq :: 0.593758 
[IO] Calculated Trace :: 0.000203910687408  || Plaq :: 0.593758349241537 

[GF] Using the Fourier accelerated non-linear conjugate gradient (FACG) routines
[GF] Coulomb gauge accuracy of 1e-14 
[GF] Tuning parameter alpha :: 0.090000 
[GF] Performing AT MOST 6000 iterations before randomly restarting ... 
[GF] Allowing for 7 restarts before complaint ... 
[GF] Approximate O(a) exponential expansion, and reunitarisation in Gauge Fixing.
[GF] Initial Tlink :: -0.000164280326051 || Slink :: 0.000326641025228 
[GF] Plaquette :: 0.593758349241537 
[PAR_RNG] MWC_4096
[PAR_RNG] Entropy read Seed 1205008141
[PAR_RNG] warmed up

[DB] initialised


[GF] Slice :: 0 {Stopped by convergence} 
[GF] Accuracy :: 9.63271e-15 || Iterations :: 197
[GF] Failures :: 0

[GF] Slice :: 1 {Stopped by convergence} 
[GF] Accuracy :: 7.51586e-15 || Iterations :: 223
[GF] Failures :: 0

[GF] Slice :: 2 {Stopped by convergence} 
[GF] Accuracy :: 9.52310e-15 || Iterations :: 158
[GF] Failures :: 0

[GF] Slice :: 3 {Stopped by convergence} 
[GF] Accuracy :: 9.50549e-15 || Iterations :: 175
[GF] Failures :: 0

[GF] Slice :: 4 {Stopped by convergence} 
[GF] Accuracy :: 8.56911e-15 || Iterations :: 175
[GF] Failures :: 0

[GF] Slice :: 5 {Stopped by convergence} 
[GF] Accuracy :: 7.19001e-15 || Iterations :: 179
[GF] Failures :: 0

[GF] Slice :: 6 {Stopped by convergence} 
[GF] Accuracy :: 8.83944e-15 || Iterations :: 157
[GF] Failures :: 0

[GF] Slice :: 7 {Stopped by convergence} 
[GF] Accuracy :: 7.07990e-15 || Iterations :: 181
[GF] Failures :: 0

[GF] Slice :: 8 {Stopped by convergence} 
[GF] Accuracy :: 8.95800e-15 || Iterations :: 156
[GF] Failures :: 0

[GF] Slice :: 9 {Stopped by convergence} 
[GF] Accuracy :: 7.10532e-15 || Iterations :: 226
[GF] Failures :: 0

[GF] Slice :: 10 {Stopped by convergence} 
[GF] Accuracy :: 9.04435e-15 || Iterations :: 227
[GF] Failures :: 0

[GF] Slice :: 11 {Stopped by convergence} 
[GF] Accuracy :: 8.20502e-15 || Iterations :: 137
[GF] Failures :: 0

[GF] Slice :: 12 {Stopped by convergence} 
[GF] Accuracy :: 9.74763e-15 || Iterations :: 283
[GF] Failures :: 0

[GF] Slice :: 13 {Stopped by convergence} 
[GF] Accuracy :: 8.14672e-15 || Iterations :: 166
[GF] Failures :: 0

[GF] Slice :: 14 {Stopped by convergence} 
[GF] Accuracy :: 7.38786e-15 || Iterations :: 182
[GF] Failures :: 0

[GF] Slice :: 15 {Stopped by convergence} 
[GF] Accuracy :: 8.44294e-15 || Iterations :: 153
[GF] Failures :: 0

[GF] Slice :: 16 {Stopped by convergence} 
[GF] Accuracy :: 9.93331e-15 || Iterations :: 167
[GF] Failures :: 0

[GF] Slice :: 17 {Stopped by convergence} 
[GF] Accuracy :: 7.31485e-15 || Iterations :: 197
[GF] Failures :: 0

[GF] Slice :: 18 {Stopped by convergence} 
[GF] Accuracy :: 7.66905e-15 || Iterations :: 178
[GF] Failures :: 0

[GF] Slice :: 19 {Stopped by convergence} 
[GF] Accuracy :: 9.02783e-15 || Iterations :: 203
[GF] Failures :: 0

[GF] Slice :: 20 {Stopped by convergence} 
[GF] Accuracy :: 8.76764e-15 || Iterations :: 149
[GF] Failures :: 0

[GF] Slice :: 21 {Stopped by convergence} 
[GF] Accuracy :: 8.05594e-15 || Iterations :: 186
[GF] Failures :: 0

[GF] Slice :: 22 {Stopped by convergence} 
[GF] Accuracy :: 8.48660e-15 || Iterations :: 480
[GF] Failures :: 0

[GF] Slice :: 23 {Stopped by convergence} 
[GF] Accuracy :: 7.26437e-15 || Iterations :: 145
[GF] Failures :: 0

[GF] Tuning :: 0.090000 || Iterations :: 4680 ||
[GF] Final Tlink :: -0.001185480359506 || Slink :: 0.882325378863647 
[GF] Plaquette :: 0.593758349241538 

[TIMER] elapsed :: 6.723103e+00 s 
[IO] Writing 4D_SU3_GAUGE binary data

[TIMER] elapsed :: 2.848196e-02 s 
[IO] Page size is :: 62.713688, Total malloc [More] 0.306519  [Less] 0.187867 
[IO] Using the faster/memory expensive code 

[TIMER] elapsed :: 1.846640e-01 s 
[IO] Configuration written to ../conf/S24T24_cg/wilson_b6.cg.1e-14.6 
 
Time for config 6: 0 hours 0 minutes 7 seconds
 
Processing configuration 7
 
Start time for config 7: Wed May 20 09:38:50 AM EDT 2026
[IO] Attempting to read a NERSC file 
[PAR] CONDOR_MODE selected .... 
[IO] reading file ../conf/S24T24/wilson_b6.7
[IO] Configuration number :: 1 
[INIT] GLU is Compiled for SU(3)

[DIMENSIONS] ( 24 x 24 x 24 x 24 )

[INIT] using 16 thread(s) 
[INIT] allocating su(2) subgroup indices
[IO] Read gauge field[IO] file offset 602
[IO] LOOP_VAR = 18
[IO] Reading gauge field (../conf/S24T24/wilson_b6.7) took
[TIMER] elapsed :: 3.817201e-02 s 
[IO] Header     Trace :: -0.000222           || Plaq :: 0.593657 
[IO] Calculated Trace :: -0.000222372241535  || Plaq :: 0.593656925196492 

[GF] Using the Fourier accelerated non-linear conjugate gradient (FACG) routines
[GF] Coulomb gauge accuracy of 1e-14 
[GF] Tuning parameter alpha :: 0.090000 
[GF] Performing AT MOST 6000 iterations before randomly restarting ... 
[GF] Allowing for 7 restarts before complaint ... 
[GF] Approximate O(a) exponential expansion, and reunitarisation in Gauge Fixing.
[GF] Initial Tlink :: -0.000599579893439 || Slink :: -0.000096636357567 
[GF] Plaquette :: 0.593656925196492 
[PAR_RNG] MWC_4096
[PAR_RNG] Entropy read Seed 79663629
[PAR_RNG] warmed up

[DB] initialised


[GF] Slice :: 0 {Stopped by convergence} 
[GF] Accuracy :: 9.72176e-15 || Iterations :: 213
[GF] Failures :: 0

[GF] Slice :: 1 {Stopped by convergence} 
[GF] Accuracy :: 9.63297e-15 || Iterations :: 137
[GF] Failures :: 0

[GF] Slice :: 2 {Stopped by convergence} 
[GF] Accuracy :: 9.78348e-15 || Iterations :: 192
[GF] Failures :: 0

[GF] Slice :: 3 {Stopped by convergence} 
[GF] Accuracy :: 7.99458e-15 || Iterations :: 233
[GF] Failures :: 0

[GF] Slice :: 4 {Stopped by convergence} 
[GF] Accuracy :: 9.72399e-15 || Iterations :: 281
[GF] Failures :: 0

[GF] Slice :: 5 {Stopped by convergence} 
[GF] Accuracy :: 9.53536e-15 || Iterations :: 140
[GF] Failures :: 0

[GF] Slice :: 6 {Stopped by convergence} 
[GF] Accuracy :: 8.53335e-15 || Iterations :: 129
[GF] Failures :: 0

[GF] Slice :: 7 {Stopped by convergence} 
[GF] Accuracy :: 9.32176e-15 || Iterations :: 252
[GF] Failures :: 0

[GF] Slice :: 8 {Stopped by convergence} 
[GF] Accuracy :: 7.72827e-15 || Iterations :: 191
[GF] Failures :: 0

[GF] Slice :: 9 {Stopped by convergence} 
[GF] Accuracy :: 8.30266e-15 || Iterations :: 151
[GF] Failures :: 0

[GF] Slice :: 10 {Stopped by convergence} 
[GF] Accuracy :: 8.97056e-15 || Iterations :: 134
[GF] Failures :: 0

[GF] Slice :: 11 {Stopped by convergence} 
[GF] Accuracy :: 7.71164e-15 || Iterations :: 148
[GF] Failures :: 0

[GF] Slice :: 12 {Stopped by convergence} 
[GF] Accuracy :: 8.72959e-15 || Iterations :: 157
[GF] Failures :: 0

[GF] Slice :: 13 {Stopped by convergence} 
[GF] Accuracy :: 9.76342e-15 || Iterations :: 231
[GF] Failures :: 0

[GF] Slice :: 14 {Stopped by convergence} 
[GF] Accuracy :: 9.91510e-15 || Iterations :: 239
[GF] Failures :: 0

[GF] Slice :: 15 {Stopped by convergence} 
[GF] Accuracy :: 7.68479e-15 || Iterations :: 273
[GF] Failures :: 0

[GF] Slice :: 16 {Stopped by convergence} 
[GF] Accuracy :: 9.26229e-15 || Iterations :: 120
[GF] Failures :: 0

[GF] Slice :: 17 {Stopped by convergence} 
[GF] Accuracy :: 6.67027e-15 || Iterations :: 176
[GF] Failures :: 0

[GF] Slice :: 18 {Stopped by convergence} 
[GF] Accuracy :: 7.70553e-15 || Iterations :: 146
[GF] Failures :: 0

[GF] Slice :: 19 {Stopped by convergence} 
[GF] Accuracy :: 9.87223e-15 || Iterations :: 213
[GF] Failures :: 0

[GF] Slice :: 20 {Stopped by convergence} 
[GF] Accuracy :: 8.74987e-15 || Iterations :: 357
[GF] Failures :: 0

[GF] Slice :: 21 {Stopped by convergence} 
[GF] Accuracy :: 8.47277e-15 || Iterations :: 245
[GF] Failures :: 0

[GF] Slice :: 22 {Stopped by convergence} 
[GF] Accuracy :: 9.74010e-15 || Iterations :: 295
[GF] Failures :: 0

[GF] Slice :: 23 {Stopped by convergence} 
[GF] Accuracy :: 8.44740e-15 || Iterations :: 181
[GF] Failures :: 0

[GF] Tuning :: 0.090000 || Iterations :: 4834 ||
[GF] Final Tlink :: -0.007970845843530 || Slink :: 0.882351908752407 
[GF] Plaquette :: 0.593656925196492 

[TIMER] elapsed :: 6.970823e+00 s 
[IO] Writing 4D_SU3_GAUGE binary data

[TIMER] elapsed :: 3.198385e-02 s 
[IO] Page size is :: 62.713688, Total malloc [More] 0.306519  [Less] 0.187867 
[IO] Using the faster/memory expensive code 

[TIMER] elapsed :: 1.889758e-01 s 
[IO] Configuration written to ../conf/S24T24_cg/wilson_b6.cg.1e-14.7 
 
Time for config 7: 0 hours 0 minutes 7 seconds
 
Processing configuration 8
 
Start time for config 8: Wed May 20 09:38:57 AM EDT 2026
[IO] Attempting to read a NERSC file 
[PAR] CONDOR_MODE selected .... 
[IO] reading file ../conf/S24T24/wilson_b6.8
[IO] Configuration number :: 1 
[INIT] GLU is Compiled for SU(3)

[DIMENSIONS] ( 24 x 24 x 24 x 24 )

[INIT] using 16 thread(s) 
[INIT] allocating su(2) subgroup indices
[IO] Read gauge field[IO] file offset 601
[IO] LOOP_VAR = 18
[IO] Reading gauge field (../conf/S24T24/wilson_b6.8) took
[TIMER] elapsed :: 3.797603e-02 s 
[IO] Header     Trace :: 0.000142           || Plaq :: 0.593702 
[IO] Calculated Trace :: 0.000142002725872  || Plaq :: 0.593701696998244 

[GF] Using the Fourier accelerated non-linear conjugate gradient (FACG) routines
[GF] Coulomb gauge accuracy of 1e-14 
[GF] Tuning parameter alpha :: 0.090000 
[GF] Performing AT MOST 6000 iterations before randomly restarting ... 
[GF] Allowing for 7 restarts before complaint ... 
[GF] Approximate O(a) exponential expansion, and reunitarisation in Gauge Fixing.
[GF] Initial Tlink :: 0.000446592562013 || Slink :: 0.000040472780492 
[GF] Plaquette :: 0.593701696998244 
[PAR_RNG] MWC_4096
[PAR_RNG] Entropy read Seed 3615990350
[PAR_RNG] warmed up

[DB] initialised


[GF] Slice :: 0 {Stopped by convergence} 
[GF] Accuracy :: 9.47288e-15 || Iterations :: 147
[GF] Failures :: 0

[GF] Slice :: 1 {Stopped by convergence} 
[GF] Accuracy :: 9.55802e-15 || Iterations :: 128
[GF] Failures :: 0

[GF] Slice :: 2 {Stopped by convergence} 
[GF] Accuracy :: 9.97454e-15 || Iterations :: 182
[GF] Failures :: 0

[GF] Slice :: 3 {Stopped by convergence} 
[GF] Accuracy :: 8.20161e-15 || Iterations :: 144
[GF] Failures :: 0

[GF] Slice :: 4 {Stopped by convergence} 
[GF] Accuracy :: 9.39424e-15 || Iterations :: 245
[GF] Failures :: 0

[GF] Slice :: 5 {Stopped by convergence} 
[GF] Accuracy :: 7.86206e-15 || Iterations :: 224
[GF] Failures :: 0

[GF] Slice :: 6 {Stopped by convergence} 
[GF] Accuracy :: 6.87006e-15 || Iterations :: 209
[GF] Failures :: 0

[GF] Slice :: 7 {Stopped by convergence} 
[GF] Accuracy :: 7.56254e-15 || Iterations :: 130
[GF] Failures :: 0

[GF] Slice :: 8 {Stopped by convergence} 
[GF] Accuracy :: 9.09617e-15 || Iterations :: 215
[GF] Failures :: 0

[GF] Slice :: 9 {Stopped by convergence} 
[GF] Accuracy :: 9.66815e-15 || Iterations :: 472
[GF] Failures :: 0

[GF] Slice :: 10 {Stopped by convergence} 
[GF] Accuracy :: 8.44109e-15 || Iterations :: 181
[GF] Failures :: 0

[GF] Slice :: 11 {Stopped by convergence} 
[GF] Accuracy :: 8.75572e-15 || Iterations :: 192
[GF] Failures :: 0

[GF] Slice :: 12 {Stopped by convergence} 
[GF] Accuracy :: 8.57142e-15 || Iterations :: 162
[GF] Failures :: 0

[GF] Slice :: 13 {Stopped by convergence} 
[GF] Accuracy :: 6.22426e-15 || Iterations :: 182
[GF] Failures :: 0

[GF] Slice :: 14 {Stopped by convergence} 
[GF] Accuracy :: 8.64067e-15 || Iterations :: 172
[GF] Failures :: 0

[GF] Slice :: 15 {Stopped by convergence} 
[GF] Accuracy :: 7.62067e-15 || Iterations :: 155
[GF] Failures :: 0

[GF] Slice :: 16 {Stopped by convergence} 
[GF] Accuracy :: 9.82479e-15 || Iterations :: 166
[GF] Failures :: 0

[GF] Slice :: 17 {Stopped by convergence} 
[GF] Accuracy :: 9.63629e-15 || Iterations :: 425
[GF] Failures :: 0

[GF] Slice :: 18 {Stopped by convergence} 
[GF] Accuracy :: 8.62014e-15 || Iterations :: 288
[GF] Failures :: 0

[GF] Slice :: 19 {Stopped by convergence} 
[GF] Accuracy :: 8.31637e-15 || Iterations :: 201
[GF] Failures :: 0

[GF] Slice :: 20 {Stopped by convergence} 
[GF] Accuracy :: 8.13561e-15 || Iterations :: 173
[GF] Failures :: 0

[GF] Slice :: 21 {Stopped by convergence} 
[GF] Accuracy :: 7.86977e-15 || Iterations :: 154
[GF] Failures :: 0

[GF] Slice :: 22 {Stopped by convergence} 
[GF] Accuracy :: 9.21818e-15 || Iterations :: 349
[GF] Failures :: 0

[GF] Slice :: 23 {Stopped by convergence} 
[GF] Accuracy :: 8.40727e-15 || Iterations :: 167
[GF] Failures :: 0

[GF] Tuning :: 0.090000 || Iterations :: 5063 ||
[GF] Final Tlink :: 0.003384138026909 || Slink :: 0.882289167988881 
[GF] Plaquette :: 0.593701696998244 

[TIMER] elapsed :: 7.300529e+00 s 
[IO] Writing 4D_SU3_GAUGE binary data

[TIMER] elapsed :: 2.875304e-02 s 
[IO] Page size is :: 62.713688, Total malloc [More] 0.306519  [Less] 0.187867 
[IO] Using the faster/memory expensive code 

[TIMER] elapsed :: 1.873510e-01 s 
[IO] Configuration written to ../conf/S24T24_cg/wilson_b6.cg.1e-14.8 
 
Time for config 8: 0 hours 0 minutes 8 seconds
 
Processing configuration 9
 
Start time for config 9: Wed May 20 09:39:05 AM EDT 2026
[IO] Attempting to read a NERSC file 
[PAR] CONDOR_MODE selected .... 
[IO] reading file ../conf/S24T24/wilson_b6.9
[IO] Configuration number :: 1 
[INIT] GLU is Compiled for SU(3)

[DIMENSIONS] ( 24 x 24 x 24 x 24 )

[INIT] using 16 thread(s) 
[INIT] allocating su(2) subgroup indices
[IO] Read gauge field[IO] file offset 600
[IO] LOOP_VAR = 18
[IO] Reading gauge field (../conf/S24T24/wilson_b6.9) took
[TIMER] elapsed :: 3.758216e-02 s 
[IO] Header     Trace :: 0.000101           || Plaq :: 0.593584 
[IO] Calculated Trace :: 0.000100914287782  || Plaq :: 0.593583759238741 

[GF] Using the Fourier accelerated non-linear conjugate gradient (FACG) routines
[GF] Coulomb gauge accuracy of 1e-14 
[GF] Tuning parameter alpha :: 0.090000 
[GF] Performing AT MOST 6000 iterations before randomly restarting ... 
[GF] Allowing for 7 restarts before complaint ... 
[GF] Approximate O(a) exponential expansion, and reunitarisation in Gauge Fixing.
[GF] Initial Tlink :: 0.000513871640896 || Slink :: -0.000036738163256 
[GF] Plaquette :: 0.593583759238741 
[PAR_RNG] MWC_4096
[PAR_RNG] Entropy read Seed 1988039469
[PAR_RNG] warmed up

[DB] initialised


[GF] Slice :: 0 {Stopped by convergence} 
[GF] Accuracy :: 9.76414e-15 || Iterations :: 166
[GF] Failures :: 0

[GF] Slice :: 1 {Stopped by convergence} 
[GF] Accuracy :: 8.59767e-15 || Iterations :: 218
[GF] Failures :: 0

[GF] Slice :: 2 {Stopped by convergence} 
[GF] Accuracy :: 9.53717e-15 || Iterations :: 222
[GF] Failures :: 0

[GF] Slice :: 3 {Stopped by convergence} 
[GF] Accuracy :: 9.11971e-15 || Iterations :: 169
[GF] Failures :: 0

[GF] Slice :: 4 {Stopped by convergence} 
[GF] Accuracy :: 5.71822e-15 || Iterations :: 167
[GF] Failures :: 0

[GF] Slice :: 5 {Stopped by convergence} 
[GF] Accuracy :: 7.84977e-15 || Iterations :: 188
[GF] Failures :: 0

[GF] Slice :: 6 {Stopped by convergence} 
[GF] Accuracy :: 9.87063e-15 || Iterations :: 217
[GF] Failures :: 0

[GF] Slice :: 7 {Stopped by convergence} 
[GF] Accuracy :: 9.14989e-15 || Iterations :: 311
[GF] Failures :: 0

[GF] Slice :: 8 {Stopped by convergence} 
[GF] Accuracy :: 9.84817e-15 || Iterations :: 135
[GF] Failures :: 0

[GF] Slice :: 9 {Stopped by convergence} 
[GF] Accuracy :: 8.31638e-15 || Iterations :: 156
[GF] Failures :: 0

[GF] Slice :: 10 {Stopped by convergence} 
[GF] Accuracy :: 5.67829e-15 || Iterations :: 135
[GF] Failures :: 0

[GF] Slice :: 11 {Stopped by convergence} 
[GF] Accuracy :: 8.43973e-15 || Iterations :: 222
[GF] Failures :: 0

[GF] Slice :: 12 {Stopped by convergence} 
[GF] Accuracy :: 9.49077e-15 || Iterations :: 138
[GF] Failures :: 0

[GF] Slice :: 13 {Stopped by convergence} 
[GF] Accuracy :: 7.82958e-15 || Iterations :: 233
[GF] Failures :: 0

[GF] Slice :: 14 {Stopped by convergence} 
[GF] Accuracy :: 9.49697e-15 || Iterations :: 135
[GF] Failures :: 0

[GF] Slice :: 15 {Stopped by convergence} 
[GF] Accuracy :: 8.95543e-15 || Iterations :: 197
[GF] Failures :: 0

[GF] Slice :: 16 {Stopped by convergence} 
[GF] Accuracy :: 8.24256e-15 || Iterations :: 261
[GF] Failures :: 0

[GF] Slice :: 17 {Stopped by convergence} 
[GF] Accuracy :: 9.46040e-15 || Iterations :: 192
[GF] Failures :: 0

[GF] Slice :: 18 {Stopped by convergence} 
[GF] Accuracy :: 7.37370e-15 || Iterations :: 124
[GF] Failures :: 0

[GF] Slice :: 19 {Stopped by convergence} 
[GF] Accuracy :: 9.26656e-15 || Iterations :: 170
[GF] Failures :: 0

[GF] Slice :: 20 {Stopped by convergence} 
[GF] Accuracy :: 8.78302e-15 || Iterations :: 190
[GF] Failures :: 0

[GF] Slice :: 21 {Stopped by convergence} 
[GF] Accuracy :: 7.77723e-15 || Iterations :: 207
[GF] Failures :: 0

[GF] Slice :: 22 {Stopped by convergence} 
[GF] Accuracy :: 8.63650e-15 || Iterations :: 186
[GF] Failures :: 0

[GF] Slice :: 23 {Stopped by convergence} 
[GF] Accuracy :: 9.61901e-15 || Iterations :: 164
[GF] Failures :: 0

[GF] Tuning :: 0.090000 || Iterations :: 4503 ||
[GF] Final Tlink :: -0.021876047879302 || Slink :: 0.882574255705677 
[GF] Plaquette :: 0.593583759238741 

[TIMER] elapsed :: 6.523901e+00 s 
[IO] Writing 4D_SU3_GAUGE binary data

[TIMER] elapsed :: 2.955008e-02 s 
[IO] Page size is :: 62.713688, Total malloc [More] 0.306519  [Less] 0.187867 
[IO] Using the faster/memory expensive code 

[TIMER] elapsed :: 1.859221e-01 s 
[IO] Configuration written to ../conf/S24T24_cg/wilson_b6.cg.1e-14.9 
 
Time for config 9: 0 hours 0 minutes 7 seconds
 
Processing configuration 10
 
Start time for config 10: Wed May 20 09:39:12 AM EDT 2026
[IO] Attempting to read a NERSC file 
[PAR] CONDOR_MODE selected .... 
[IO] reading file ../conf/S24T24/wilson_b6.10
[IO] Configuration number :: 1 
[INIT] GLU is Compiled for SU(3)

[DIMENSIONS] ( 24 x 24 x 24 x 24 )

[INIT] using 16 thread(s) 
[INIT] allocating su(2) subgroup indices
[IO] Read gauge field[IO] file offset 601
[IO] LOOP_VAR = 18
[IO] Reading gauge field (../conf/S24T24/wilson_b6.10) took
[TIMER] elapsed :: 3.919291e-02 s 
[IO] Header     Trace :: -0.000068           || Plaq :: 0.593879 
[IO] Calculated Trace :: -0.000067747392008  || Plaq :: 0.593878712313625 

[GF] Using the Fourier accelerated non-linear conjugate gradient (FACG) routines
[GF] Coulomb gauge accuracy of 1e-14 
[GF] Tuning parameter alpha :: 0.090000 
[GF] Performing AT MOST 6000 iterations before randomly restarting ... 
[GF] Allowing for 7 restarts before complaint ... 
[GF] Approximate O(a) exponential expansion, and reunitarisation in Gauge Fixing.
[GF] Initial Tlink :: -0.000090415012666 || Slink :: -0.000060191518456 
[GF] Plaquette :: 0.593878712313625 
[PAR_RNG] MWC_4096
[PAR_RNG] Entropy read Seed 1685803897
[PAR_RNG] warmed up

[DB] initialised


[GF] Slice :: 0 {Stopped by convergence} 
[GF] Accuracy :: 9.07939e-15 || Iterations :: 183
[GF] Failures :: 0

[GF] Slice :: 1 {Stopped by convergence} 
[GF] Accuracy :: 7.94359e-15 || Iterations :: 218
[GF] Failures :: 0

[GF] Slice :: 2 {Stopped by convergence} 
[GF] Accuracy :: 9.89863e-15 || Iterations :: 206
[GF] Failures :: 0

[GF] Slice :: 3 {Stopped by convergence} 
[GF] Accuracy :: 9.96975e-15 || Iterations :: 260
[GF] Failures :: 0

[GF] Slice :: 4 {Stopped by convergence} 
[GF] Accuracy :: 8.41069e-15 || Iterations :: 209
[GF] Failures :: 0

[GF] Slice :: 5 {Stopped by convergence} 
[GF] Accuracy :: 9.70244e-15 || Iterations :: 230
[GF] Failures :: 0

[GF] Slice :: 6 {Stopped by convergence} 
[GF] Accuracy :: 8.93887e-15 || Iterations :: 214
[GF] Failures :: 0

[GF] Slice :: 7 {Stopped by convergence} 
[GF] Accuracy :: 7.72055e-15 || Iterations :: 205
[GF] Failures :: 0

[GF] Slice :: 8 {Stopped by convergence} 
[GF] Accuracy :: 8.48308e-15 || Iterations :: 164
[GF] Failures :: 0

[GF] Slice :: 9 {Stopped by convergence} 
[GF] Accuracy :: 9.88804e-15 || Iterations :: 176
[GF] Failures :: 0

[GF] Slice :: 10 {Stopped by convergence} 
[GF] Accuracy :: 7.85335e-15 || Iterations :: 197
[GF] Failures :: 0

[GF] Slice :: 11 {Stopped by convergence} 
[GF] Accuracy :: 8.86224e-15 || Iterations :: 185
[GF] Failures :: 0

[GF] Slice :: 12 {Stopped by convergence} 
[GF] Accuracy :: 8.69720e-15 || Iterations :: 145
[GF] Failures :: 0

[GF] Slice :: 13 {Stopped by convergence} 
[GF] Accuracy :: 9.88617e-15 || Iterations :: 122
[GF] Failures :: 0

[GF] Slice :: 14 {Stopped by convergence} 
[GF] Accuracy :: 6.25566e-15 || Iterations :: 129
[GF] Failures :: 0

[GF] Slice :: 15 {Stopped by convergence} 
[GF] Accuracy :: 9.97717e-15 || Iterations :: 203
[GF] Failures :: 0

[GF] Slice :: 16 {Stopped by convergence} 
[GF] Accuracy :: 7.13991e-15 || Iterations :: 134
[GF] Failures :: 0

[GF] Slice :: 17 {Stopped by convergence} 
[GF] Accuracy :: 7.55654e-15 || Iterations :: 120
[GF] Failures :: 0

[GF] Slice :: 18 {Stopped by convergence} 
[GF] Accuracy :: 9.10311e-15 || Iterations :: 142
[GF] Failures :: 0

[GF] Slice :: 19 {Stopped by convergence} 
[GF] Accuracy :: 9.39498e-15 || Iterations :: 218
[GF] Failures :: 0

[GF] Slice :: 20 {Stopped by convergence} 
[GF] Accuracy :: 8.37225e-15 || Iterations :: 183
[GF] Failures :: 0

[GF] Slice :: 21 {Stopped by convergence} 
[GF] Accuracy :: 8.42215e-15 || Iterations :: 157
[GF] Failures :: 0

[GF] Slice :: 22 {Stopped by convergence} 
[GF] Accuracy :: 8.76795e-15 || Iterations :: 302
[GF] Failures :: 0

[GF] Slice :: 23 {Stopped by convergence} 
[GF] Accuracy :: 9.80439e-15 || Iterations :: 211
[GF] Failures :: 0

[GF] Tuning :: 0.090000 || Iterations :: 4513 ||
[GF] Final Tlink :: -0.006633449088594 || Slink :: 0.882394097928416 
[GF] Plaquette :: 0.593878712313625 

[TIMER] elapsed :: 6.613329e+00 s 
[IO] Writing 4D_SU3_GAUGE binary data

[TIMER] elapsed :: 2.896190e-02 s 
[IO] Page size is :: 62.713688, Total malloc [More] 0.306519  [Less] 0.187867 
[IO] Using the faster/memory expensive code 

[TIMER] elapsed :: 1.871421e-01 s 
[IO] Configuration written to ../conf/S24T24_cg/wilson_b6.cg.1e-14.10 
 
Time for config 10: 0 hours 0 minutes 7 seconds
 
Processing configuration 11
 
Start time for config 11: Wed May 20 09:39:19 AM EDT 2026
[IO] Attempting to read a NERSC file 
[PAR] CONDOR_MODE selected .... 
[IO] reading file ../conf/S24T24/wilson_b6.11
[IO] Configuration number :: 1 
[INIT] GLU is Compiled for SU(3)

[DIMENSIONS] ( 24 x 24 x 24 x 24 )

[INIT] using 16 thread(s) 
[INIT] allocating su(2) subgroup indices
[IO] Read gauge field[IO] file offset 601
[IO] LOOP_VAR = 18
[IO] Reading gauge field (../conf/S24T24/wilson_b6.11) took
[TIMER] elapsed :: 3.781199e-02 s 
[IO] Header     Trace :: 0.000209           || Plaq :: 0.594293 
[IO] Calculated Trace :: 0.000209214927667  || Plaq :: 0.594292740771445 

[GF] Using the Fourier accelerated non-linear conjugate gradient (FACG) routines
[GF] Coulomb gauge accuracy of 1e-14 
[GF] Tuning parameter alpha :: 0.090000 
[GF] Performing AT MOST 6000 iterations before randomly restarting ... 
[GF] Allowing for 7 restarts before complaint ... 
[GF] Approximate O(a) exponential expansion, and reunitarisation in Gauge Fixing.
[GF] Initial Tlink :: 0.000087465969166 || Slink :: 0.000249797913835 
[GF] Plaquette :: 0.594292740771445 
[PAR_RNG] MWC_4096
[PAR_RNG] Entropy read Seed 1090385595
[PAR_RNG] warmed up

[DB] initialised


[GF] Slice :: 0 {Stopped by convergence} 
[GF] Accuracy :: 7.71650e-15 || Iterations :: 175
[GF] Failures :: 0

[GF] Slice :: 1 {Stopped by convergence} 
[GF] Accuracy :: 6.50402e-15 || Iterations :: 105
[GF] Failures :: 0

[GF] Slice :: 2 {Stopped by convergence} 
[GF] Accuracy :: 8.46284e-15 || Iterations :: 113
[GF] Failures :: 0

[GF] Slice :: 3 {Stopped by convergence} 
[GF] Accuracy :: 9.10589e-15 || Iterations :: 212
[GF] Failures :: 0

[GF] Slice :: 4 {Stopped by convergence} 
[GF] Accuracy :: 7.71390e-15 || Iterations :: 208
[GF] Failures :: 0

[GF] Slice :: 5 {Stopped by convergence} 
[GF] Accuracy :: 9.71300e-15 || Iterations :: 166
[GF] Failures :: 0

[GF] Slice :: 6 {Stopped by convergence} 
[GF] Accuracy :: 8.71415e-15 || Iterations :: 174
[GF] Failures :: 0

[GF] Slice :: 7 {Stopped by convergence} 
[GF] Accuracy :: 6.12726e-15 || Iterations :: 280
[GF] Failures :: 0

[GF] Slice :: 8 {Stopped by convergence} 
[GF] Accuracy :: 7.55980e-15 || Iterations :: 145
[GF] Failures :: 0

[GF] Slice :: 9 {Stopped by convergence} 
[GF] Accuracy :: 7.59227e-15 || Iterations :: 165
[GF] Failures :: 0

[GF] Slice :: 10 {Stopped by convergence} 
[GF] Accuracy :: 8.13822e-15 || Iterations :: 131
[GF] Failures :: 0

[GF] Slice :: 11 {Stopped by convergence} 
[GF] Accuracy :: 8.86007e-15 || Iterations :: 182
[GF] Failures :: 0

[GF] Slice :: 12 {Stopped by convergence} 
[GF] Accuracy :: 8.93179e-15 || Iterations :: 246
[GF] Failures :: 0

[GF] Slice :: 13 {Stopped by convergence} 
[GF] Accuracy :: 7.81632e-15 || Iterations :: 123
[GF] Failures :: 0

[GF] Slice :: 14 {Stopped by convergence} 
[GF] Accuracy :: 8.31319e-15 || Iterations :: 170
[GF] Failures :: 0

[GF] Slice :: 15 {Stopped by convergence} 
[GF] Accuracy :: 7.07137e-15 || Iterations :: 117
[GF] Failures :: 0

[GF] Slice :: 16 {Stopped by convergence} 
[GF] Accuracy :: 9.25956e-15 || Iterations :: 227
[GF] Failures :: 0

[GF] Slice :: 17 {Stopped by convergence} 
[GF] Accuracy :: 8.05253e-15 || Iterations :: 144
[GF] Failures :: 0

[GF] Slice :: 18 {Stopped by convergence} 
[GF] Accuracy :: 7.99054e-15 || Iterations :: 180
[GF] Failures :: 0

[GF] Slice :: 19 {Stopped by convergence} 
[GF] Accuracy :: 9.58888e-15 || Iterations :: 147
[GF] Failures :: 0

[GF] Slice :: 20 {Stopped by convergence} 
[GF] Accuracy :: 9.11277e-15 || Iterations :: 234
[GF] Failures :: 0

[GF] Slice :: 21 {Stopped by convergence} 
[GF] Accuracy :: 7.48215e-15 || Iterations :: 160
[GF] Failures :: 0

[GF] Slice :: 22 {Stopped by convergence} 
[GF] Accuracy :: 7.17180e-15 || Iterations :: 141
[GF] Failures :: 0

[GF] Slice :: 23 {Stopped by convergence} 
[GF] Accuracy :: 8.29846e-15 || Iterations :: 157
[GF] Failures :: 0

[GF] Tuning :: 0.090000 || Iterations :: 4102 ||
[GF] Final Tlink :: 0.008141656668770 || Slink :: 0.882753807094958 
[GF] Plaquette :: 0.594292740771445 

[TIMER] elapsed :: 6.030713e+00 s 
[IO] Writing 4D_SU3_GAUGE binary data

[TIMER] elapsed :: 2.898812e-02 s 
[IO] Page size is :: 62.713688, Total malloc [More] 0.306519  [Less] 0.187867 
[IO] Using the faster/memory expensive code 

[TIMER] elapsed :: 1.825190e-01 s 
[IO] Configuration written to ../conf/S24T24_cg/wilson_b6.cg.1e-14.11 
 
Time for config 11: 0 hours 0 minutes 7 seconds
 
Processing configuration 12
 
Start time for config 12: Wed May 20 09:39:26 AM EDT 2026
[IO] Attempting to read a NERSC file 
[PAR] CONDOR_MODE selected .... 
[IO] reading file ../conf/S24T24/wilson_b6.12
[IO] Configuration number :: 1 
[INIT] GLU is Compiled for SU(3)

[DIMENSIONS] ( 24 x 24 x 24 x 24 )

[INIT] using 16 thread(s) 
[INIT] allocating su(2) subgroup indices
[IO] Read gauge field[IO] file offset 602
[IO] LOOP_VAR = 18
[IO] Reading gauge field (../conf/S24T24/wilson_b6.12) took
[TIMER] elapsed :: 3.787303e-02 s 
[IO] Header     Trace :: -0.000150           || Plaq :: 0.593619 
[IO] Calculated Trace :: -0.000149579462041  || Plaq :: 0.593618949488082 

[GF] Using the Fourier accelerated non-linear conjugate gradient (FACG) routines
[GF] Coulomb gauge accuracy of 1e-14 
[GF] Tuning parameter alpha :: 0.090000 
[GF] Performing AT MOST 6000 iterations before randomly restarting ... 
[GF] Allowing for 7 restarts before complaint ... 
[GF] Approximate O(a) exponential expansion, and reunitarisation in Gauge Fixing.
[GF] Initial Tlink :: -0.000719922166194 || Slink :: 0.000040534772677 
[GF] Plaquette :: 0.593618949488082 
[PAR_RNG] MWC_4096
[PAR_RNG] Entropy read Seed 1057620290
[PAR_RNG] warmed up

[DB] initialised


[GF] Slice :: 0 {Stopped by convergence} 
[GF] Accuracy :: 8.94077e-15 || Iterations :: 191
[GF] Failures :: 0

[GF] Slice :: 1 {Stopped by convergence} 
[GF] Accuracy :: 8.60321e-15 || Iterations :: 162
[GF] Failures :: 0

[GF] Slice :: 2 {Stopped by convergence} 
[GF] Accuracy :: 9.31415e-15 || Iterations :: 297
[GF] Failures :: 0

[GF] Slice :: 3 {Stopped by convergence} 
[GF] Accuracy :: 8.05759e-15 || Iterations :: 199
[GF] Failures :: 0

[GF] Slice :: 4 {Stopped by convergence} 
[GF] Accuracy :: 9.18366e-15 || Iterations :: 214
[GF] Failures :: 0

[GF] Slice :: 5 {Stopped by convergence} 
[GF] Accuracy :: 8.43149e-15 || Iterations :: 203
[GF] Failures :: 0

[GF] Slice :: 6 {Stopped by convergence} 
[GF] Accuracy :: 8.48923e-15 || Iterations :: 219
[GF] Failures :: 0

[GF] Slice :: 7 {Stopped by convergence} 
[GF] Accuracy :: 8.87923e-15 || Iterations :: 189
[GF] Failures :: 0

[GF] Slice :: 8 {Stopped by convergence} 
[GF] Accuracy :: 8.76577e-15 || Iterations :: 280
[GF] Failures :: 0

[GF] Slice :: 9 {Stopped by convergence} 
[GF] Accuracy :: 9.42530e-15 || Iterations :: 203
[GF] Failures :: 0

[GF] Slice :: 10 {Stopped by convergence} 
[GF] Accuracy :: 9.09477e-15 || Iterations :: 214
[GF] Failures :: 0

[GF] Slice :: 11 {Stopped by convergence} 
[GF] Accuracy :: 8.75494e-15 || Iterations :: 170
[GF] Failures :: 0

[GF] Slice :: 12 {Stopped by convergence} 
[GF] Accuracy :: 9.39954e-15 || Iterations :: 234
[GF] Failures :: 0

[GF] Slice :: 13 {Stopped by convergence} 
[GF] Accuracy :: 9.34905e-15 || Iterations :: 254
[GF] Failures :: 0

[GF] Slice :: 14 {Stopped by convergence} 
[GF] Accuracy :: 8.73867e-15 || Iterations :: 148
[GF] Failures :: 0

[GF] Slice :: 15 {Stopped by convergence} 
[GF] Accuracy :: 8.38944e-15 || Iterations :: 202
[GF] Failures :: 0

[GF] Slice :: 16 {Stopped by convergence} 
[GF] Accuracy :: 8.18381e-15 || Iterations :: 254
[GF] Failures :: 0

[GF] Slice :: 17 {Stopped by convergence} 
[GF] Accuracy :: 9.88364e-15 || Iterations :: 223
[GF] Failures :: 0

[GF] Slice :: 18 {Stopped by convergence} 
[GF] Accuracy :: 8.48582e-15 || Iterations :: 179
[GF] Failures :: 0

[GF] Slice :: 19 {Stopped by convergence} 
[GF] Accuracy :: 7.48416e-15 || Iterations :: 134
[GF] Failures :: 0

[GF] Slice :: 20 {Stopped by convergence} 
[GF] Accuracy :: 7.83336e-15 || Iterations :: 263
[GF] Failures :: 0

[GF] Slice :: 21 {Stopped by convergence} 
[GF] Accuracy :: 8.26993e-15 || Iterations :: 163
[GF] Failures :: 0

[GF] Slice :: 22 {Stopped by convergence} 
[GF] Accuracy :: 7.96758e-15 || Iterations :: 175
[GF] Failures :: 0

[GF] Slice :: 23 {Stopped by convergence} 
[GF] Accuracy :: 8.84532e-15 || Iterations :: 123
[GF] Failures :: 0

[GF] Tuning :: 0.090000 || Iterations :: 4893 ||
[GF] Final Tlink :: 0.000140989266508 || Slink :: 0.882216391605250 
[GF] Plaquette :: 0.593618949488082 

[TIMER] elapsed :: 6.898057e+00 s 
[IO] Writing 4D_SU3_GAUGE binary data

[TIMER] elapsed :: 2.919102e-02 s 
[IO] Page size is :: 62.713688, Total malloc [More] 0.306519  [Less] 0.187867 
[IO] Using the faster/memory expensive code 

[TIMER] elapsed :: 1.876180e-01 s 
[IO] Configuration written to ../conf/S24T24_cg/wilson_b6.cg.1e-14.12 
 
Time for config 12: 0 hours 0 minutes 7 seconds
 
Processing configuration 13
 
Start time for config 13: Wed May 20 09:39:33 AM EDT 2026
[IO] Attempting to read a NERSC file 
[PAR] CONDOR_MODE selected .... 
[IO] reading file ../conf/S24T24/wilson_b6.13
[IO] Configuration number :: 1 
[INIT] GLU is Compiled for SU(3)

[DIMENSIONS] ( 24 x 24 x 24 x 24 )

[INIT] using 16 thread(s) 
[INIT] allocating su(2) subgroup indices
[IO] Read gauge field[IO] file offset 601
[IO] LOOP_VAR = 18
[IO] Reading gauge field (../conf/S24T24/wilson_b6.13) took
[TIMER] elapsed :: 3.796792e-02 s 
[IO] Header     Trace :: -0.000137           || Plaq :: 0.593451 
[IO] Calculated Trace :: -0.000136753362221  || Plaq :: 0.593451236217498 

[GF] Using the Fourier accelerated non-linear conjugate gradient (FACG) routines
[GF] Coulomb gauge accuracy of 1e-14 
[GF] Tuning parameter alpha :: 0.090000 
[GF] Performing AT MOST 6000 iterations before randomly restarting ... 
[GF] Allowing for 7 restarts before complaint ... 
[GF] Approximate O(a) exponential expansion, and reunitarisation in Gauge Fixing.
[GF] Initial Tlink :: -0.000537936895950 || Slink :: -0.000003025517645 
[GF] Plaquette :: 0.593451236217498 
[PAR_RNG] MWC_4096
[PAR_RNG] Entropy read Seed 3014880545
[PAR_RNG] warmed up

[DB] initialised


[GF] Slice :: 0 {Stopped by convergence} 
[GF] Accuracy :: 8.80101e-15 || Iterations :: 146
[GF] Failures :: 0

[GF] Slice :: 1 {Stopped by convergence} 
[GF] Accuracy :: 9.69907e-15 || Iterations :: 241
[GF] Failures :: 0

[GF] Slice :: 2 {Stopped by convergence} 
[GF] Accuracy :: 9.33190e-15 || Iterations :: 198
[GF] Failures :: 0

[GF] Slice :: 3 {Stopped by convergence} 
[GF] Accuracy :: 7.11042e-15 || Iterations :: 193
[GF] Failures :: 0

[GF] Slice :: 4 {Stopped by convergence} 
[GF] Accuracy :: 9.53579e-15 || Iterations :: 236
[GF] Failures :: 0

[GF] Slice :: 5 {Stopped by convergence} 
[GF] Accuracy :: 8.51157e-15 || Iterations :: 244
[GF] Failures :: 0

[GF] Slice :: 6 {Stopped by convergence} 
[GF] Accuracy :: 8.87437e-15 || Iterations :: 216
[GF] Failures :: 0

[GF] Slice :: 7 {Stopped by convergence} 
[GF] Accuracy :: 8.93091e-15 || Iterations :: 186
[GF] Failures :: 0

[GF] Slice :: 8 {Stopped by convergence} 
[GF] Accuracy :: 9.51379e-15 || Iterations :: 215
[GF] Failures :: 0

[GF] Slice :: 9 {Stopped by convergence} 
[GF] Accuracy :: 8.29912e-15 || Iterations :: 149
[GF] Failures :: 0

[GF] Slice :: 10 {Stopped by convergence} 
[GF] Accuracy :: 9.24139e-15 || Iterations :: 152
[GF] Failures :: 0

[GF] Slice :: 11 {Stopped by convergence} 
[GF] Accuracy :: 5.99400e-15 || Iterations :: 166
[GF] Failures :: 0

[GF] Slice :: 12 {Stopped by convergence} 
[GF] Accuracy :: 9.54986e-15 || Iterations :: 231
[GF] Failures :: 0

[GF] Slice :: 13 {Stopped by convergence} 
[GF] Accuracy :: 9.05884e-15 || Iterations :: 175
[GF] Failures :: 0

[GF] Slice :: 14 {Stopped by convergence} 
[GF] Accuracy :: 8.79503e-15 || Iterations :: 233
[GF] Failures :: 0

[GF] Slice :: 15 {Stopped by convergence} 
[GF] Accuracy :: 8.46098e-15 || Iterations :: 164
[GF] Failures :: 0

[GF] Slice :: 16 {Stopped by convergence} 
[GF] Accuracy :: 8.50796e-15 || Iterations :: 295
[GF] Failures :: 0

[GF] Slice :: 17 {Stopped by convergence} 
[GF] Accuracy :: 9.11753e-15 || Iterations :: 171
[GF] Failures :: 0

[GF] Slice :: 18 {Stopped by convergence} 
[GF] Accuracy :: 9.24531e-15 || Iterations :: 168
[GF] Failures :: 0

[GF] Slice :: 19 {Stopped by convergence} 
[GF] Accuracy :: 8.58407e-15 || Iterations :: 143
[GF] Failures :: 0

[GF] Slice :: 20 {Stopped by convergence} 
[GF] Accuracy :: 7.65923e-15 || Iterations :: 169
[GF] Failures :: 0

[GF] Slice :: 21 {Stopped by convergence} 
[GF] Accuracy :: 8.43250e-15 || Iterations :: 216
[GF] Failures :: 0

[GF] Slice :: 22 {Stopped by convergence} 
[GF] Accuracy :: 7.86069e-15 || Iterations :: 274
[GF] Failures :: 0

[GF] Slice :: 23 {Stopped by convergence} 
[GF] Accuracy :: 7.51818e-15 || Iterations :: 140
[GF] Failures :: 0

[GF] Tuning :: 0.090000 || Iterations :: 4721 ||
[GF] Final Tlink :: 0.005339089558610 || Slink :: 0.882280109261963 
[GF] Plaquette :: 0.593451236217499 

[TIMER] elapsed :: 6.728439e+00 s 
[IO] Writing 4D_SU3_GAUGE binary data

[TIMER] elapsed :: 2.960896e-02 s 
[IO] Page size is :: 62.713688, Total malloc [More] 0.306519  [Less] 0.187867 
[IO] Using the faster/memory expensive code 

[TIMER] elapsed :: 1.840870e-01 s 
[IO] Configuration written to ../conf/S24T24_cg/wilson_b6.cg.1e-14.13 
 
Time for config 13: 0 hours 0 minutes 7 seconds
 
Processing configuration 14
 
Start time for config 14: Wed May 20 09:39:40 AM EDT 2026
[IO] Attempting to read a NERSC file 
[PAR] CONDOR_MODE selected .... 
[IO] reading file ../conf/S24T24/wilson_b6.14
[IO] Configuration number :: 1 
[INIT] GLU is Compiled for SU(3)

[DIMENSIONS] ( 24 x 24 x 24 x 24 )

[INIT] using 16 thread(s) 
[INIT] allocating su(2) subgroup indices
[IO] Read gauge field[IO] file offset 601
[IO] LOOP_VAR = 18
[IO] Reading gauge field (../conf/S24T24/wilson_b6.14) took
[TIMER] elapsed :: 3.788590e-02 s 
[IO] Header     Trace :: -0.000139           || Plaq :: 0.593720 
[IO] Calculated Trace :: -0.000139210821297  || Plaq :: 0.593719848536461 

[GF] Using the Fourier accelerated non-linear conjugate gradient (FACG) routines
[GF] Coulomb gauge accuracy of 1e-14 
[GF] Tuning parameter alpha :: 0.090000 
[GF] Performing AT MOST 6000 iterations before randomly restarting ... 
[GF] Allowing for 7 restarts before complaint ... 
[GF] Approximate O(a) exponential expansion, and reunitarisation in Gauge Fixing.
[GF] Initial Tlink :: 0.000156347780775 || Slink :: -0.000237730355321 
[GF] Plaquette :: 0.593719848536461 
[PAR_RNG] MWC_4096
[PAR_RNG] Entropy read Seed 529113285
[PAR_RNG] warmed up

[DB] initialised


[GF] Slice :: 0 {Stopped by convergence} 
[GF] Accuracy :: 8.75389e-15 || Iterations :: 118
[GF] Failures :: 0

[GF] Slice :: 1 {Stopped by convergence} 
[GF] Accuracy :: 9.32263e-15 || Iterations :: 199
[GF] Failures :: 0

[GF] Slice :: 2 {Stopped by convergence} 
[GF] Accuracy :: 9.05466e-15 || Iterations :: 225
[GF] Failures :: 0

[GF] Slice :: 3 {Stopped by convergence} 
[GF] Accuracy :: 7.02337e-15 || Iterations :: 313
[GF] Failures :: 0

[GF] Slice :: 4 {Stopped by convergence} 
[GF] Accuracy :: 8.66081e-15 || Iterations :: 160
[GF] Failures :: 0

[GF] Slice :: 5 {Stopped by convergence} 
[GF] Accuracy :: 9.34787e-15 || Iterations :: 211
[GF] Failures :: 0

[GF] Slice :: 6 {Stopped by convergence} 
[GF] Accuracy :: 8.77462e-15 || Iterations :: 202
[GF] Failures :: 0

[GF] Slice :: 7 {Stopped by convergence} 
[GF] Accuracy :: 9.17674e-15 || Iterations :: 131
[GF] Failures :: 0

[GF] Slice :: 8 {Stopped by convergence} 
[GF] Accuracy :: 9.71149e-15 || Iterations :: 153
[GF] Failures :: 0

[GF] Slice :: 9 {Stopped by convergence} 
[GF] Accuracy :: 8.59834e-15 || Iterations :: 228
[GF] Failures :: 0

[GF] Slice :: 10 {Stopped by convergence} 
[GF] Accuracy :: 9.94806e-15 || Iterations :: 143
[GF] Failures :: 0

[GF] Slice :: 11 {Stopped by convergence} 
[GF] Accuracy :: 8.05993e-15 || Iterations :: 170
[GF] Failures :: 0

[GF] Slice :: 12 {Stopped by convergence} 
[GF] Accuracy :: 9.96622e-15 || Iterations :: 221
[GF] Failures :: 0

[GF] Slice :: 13 {Stopped by convergence} 
[GF] Accuracy :: 9.68708e-15 || Iterations :: 172
[GF] Failures :: 0

[GF] Slice :: 14 {Stopped by convergence} 
[GF] Accuracy :: 8.76115e-15 || Iterations :: 155
[GF] Failures :: 0

[GF] Slice :: 15 {Stopped by convergence} 
[GF] Accuracy :: 9.10600e-15 || Iterations :: 125
[GF] Failures :: 0

[GF] Slice :: 16 {Stopped by convergence} 
[GF] Accuracy :: 9.68208e-15 || Iterations :: 134
[GF] Failures :: 0

[GF] Slice :: 17 {Stopped by convergence} 
[GF] Accuracy :: 8.48354e-15 || Iterations :: 207
[GF] Failures :: 0

[GF] Slice :: 18 {Stopped by convergence} 
[GF] Accuracy :: 9.61988e-15 || Iterations :: 296
[GF] Failures :: 0

[GF] Slice :: 19 {Stopped by convergence} 
[GF] Accuracy :: 9.35935e-15 || Iterations :: 168
[GF] Failures :: 0

[GF] Slice :: 20 {Stopped by convergence} 
[GF] Accuracy :: 9.13811e-15 || Iterations :: 114
[GF] Failures :: 0

[GF] Slice :: 21 {Stopped by convergence} 
[GF] Accuracy :: 8.23065e-15 || Iterations :: 203
[GF] Failures :: 0

[GF] Slice :: 22 {Stopped by convergence} 
[GF] Accuracy :: 9.06047e-15 || Iterations :: 176
[GF] Failures :: 0

[GF] Slice :: 23 {Stopped by convergence} 
[GF] Accuracy :: 7.92645e-15 || Iterations :: 157
[GF] Failures :: 0

[GF] Tuning :: 0.090000 || Iterations :: 4381 ||
[GF] Final Tlink :: 0.014757555716519 || Slink :: 0.882483344229770 
[GF] Plaquette :: 0.593719848536461 

[TIMER] elapsed :: 6.319315e+00 s 
[IO] Writing 4D_SU3_GAUGE binary data

[TIMER] elapsed :: 4.661703e-02 s 
[IO] Page size is :: 62.713688, Total malloc [More] 0.306519  [Less] 0.187867 
[IO] Using the faster/memory expensive code 

[TIMER] elapsed :: 1.892061e-01 s 
[IO] Configuration written to ../conf/S24T24_cg/wilson_b6.cg.1e-14.14 
 
Time for config 14: 0 hours 0 minutes 7 seconds
 
Processing configuration 15
 
Start time for config 15: Wed May 20 09:39:47 AM EDT 2026
[IO] Attempting to read a NERSC file 
[PAR] CONDOR_MODE selected .... 
[IO] reading file ../conf/S24T24/wilson_b6.15
[IO] Configuration number :: 1 
[INIT] GLU is Compiled for SU(3)

[DIMENSIONS] ( 24 x 24 x 24 x 24 )

[INIT] using 16 thread(s) 
[INIT] allocating su(2) subgroup indices
[IO] Read gauge field[IO] file offset 601
[IO] LOOP_VAR = 18
[IO] Reading gauge field (../conf/S24T24/wilson_b6.15) took
[TIMER] elapsed :: 3.903913e-02 s 
[IO] Header     Trace :: -0.000067           || Plaq :: 0.593877 
[IO] Calculated Trace :: -0.000067011849029  || Plaq :: 0.593877296959560 

[GF] Using the Fourier accelerated non-linear conjugate gradient (FACG) routines
[GF] Coulomb gauge accuracy of 1e-14 
[GF] Tuning parameter alpha :: 0.090000 
[GF] Performing AT MOST 6000 iterations before randomly restarting ... 
[GF] Allowing for 7 restarts before complaint ... 
[GF] Approximate O(a) exponential expansion, and reunitarisation in Gauge Fixing.
[GF] Initial Tlink :: -0.000552492306557 || Slink :: 0.000094814970147 
[GF] Plaquette :: 0.593877296959560 
[PAR_RNG] MWC_4096
[PAR_RNG] Entropy read Seed 3233742344
[PAR_RNG] warmed up

[DB] initialised


[GF] Slice :: 0 {Stopped by convergence} 
[GF] Accuracy :: 8.54543e-15 || Iterations :: 165
[GF] Failures :: 0

[GF] Slice :: 1 {Stopped by convergence} 
[GF] Accuracy :: 9.05501e-15 || Iterations :: 266
[GF] Failures :: 0

[GF] Slice :: 2 {Stopped by convergence} 
[GF] Accuracy :: 9.47180e-15 || Iterations :: 162
[GF] Failures :: 0

[GF] Slice :: 3 {Stopped by convergence} 
[GF] Accuracy :: 9.03458e-15 || Iterations :: 153
[GF] Failures :: 0

[GF] Slice :: 4 {Stopped by convergence} 
[GF] Accuracy :: 7.91257e-15 || Iterations :: 212
[GF] Failures :: 0

[GF] Slice :: 5 {Stopped by convergence} 
[GF] Accuracy :: 8.51207e-15 || Iterations :: 157
[GF] Failures :: 0

[GF] Slice :: 6 {Stopped by convergence} 
[GF] Accuracy :: 7.34592e-15 || Iterations :: 196
[GF] Failures :: 0

[GF] Slice :: 7 {Stopped by convergence} 
[GF] Accuracy :: 9.46184e-15 || Iterations :: 159
[GF] Failures :: 0

[GF] Slice :: 8 {Stopped by convergence} 
[GF] Accuracy :: 7.90078e-15 || Iterations :: 209
[GF] Failures :: 0

[GF] Slice :: 9 {Stopped by convergence} 
[GF] Accuracy :: 7.68689e-15 || Iterations :: 309
[GF] Failures :: 0

[GF] Slice :: 10 {Stopped by convergence} 
[GF] Accuracy :: 9.01063e-15 || Iterations :: 343
[GF] Failures :: 0

[GF] Slice :: 11 {Stopped by convergence} 
[GF] Accuracy :: 9.62563e-15 || Iterations :: 159
[GF] Failures :: 0

[GF] Slice :: 12 {Stopped by convergence} 
[GF] Accuracy :: 8.71309e-15 || Iterations :: 191
[GF] Failures :: 0

[GF] Slice :: 13 {Stopped by convergence} 
[GF] Accuracy :: 9.11269e-15 || Iterations :: 162
[GF] Failures :: 0

[GF] Slice :: 14 {Stopped by convergence} 
[GF] Accuracy :: 8.90155e-15 || Iterations :: 146
[GF] Failures :: 0

[GF] Slice :: 15 {Stopped by convergence} 
[GF] Accuracy :: 6.80819e-15 || Iterations :: 171
[GF] Failures :: 0

[GF] Slice :: 16 {Stopped by convergence} 
[GF] Accuracy :: 7.26333e-15 || Iterations :: 172
[GF] Failures :: 0

[GF] Slice :: 17 {Stopped by convergence} 
[GF] Accuracy :: 8.52195e-15 || Iterations :: 284
[GF] Failures :: 0

[GF] Slice :: 18 {Stopped by convergence} 
[GF] Accuracy :: 8.33494e-15 || Iterations :: 186
[GF] Failures :: 0

[GF] Slice :: 19 {Stopped by convergence} 
[GF] Accuracy :: 5.21553e-15 || Iterations :: 164
[GF] Failures :: 0

[GF] Slice :: 20 {Stopped by convergence} 
[GF] Accuracy :: 6.96796e-15 || Iterations :: 131
[GF] Failures :: 0

[GF] Slice :: 21 {Stopped by convergence} 
[GF] Accuracy :: 8.67806e-15 || Iterations :: 175
[GF] Failures :: 0

[GF] Slice :: 22 {Stopped by convergence} 
[GF] Accuracy :: 8.32996e-15 || Iterations :: 173
[GF] Failures :: 0

[GF] Slice :: 23 {Stopped by convergence} 
[GF] Accuracy :: 8.01132e-15 || Iterations :: 186
[GF] Failures :: 0

[GF] Tuning :: 0.090000 || Iterations :: 4631 ||
[GF] Final Tlink :: 0.005538958665935 || Slink :: 0.882482499742826 
[GF] Plaquette :: 0.593877296959561 

[TIMER] elapsed :: 6.898407e+00 s 
[IO] Writing 4D_SU3_GAUGE binary data

[TIMER] elapsed :: 2.899504e-02 s 
[IO] Page size is :: 62.713688, Total malloc [More] 0.306519  [Less] 0.187867 
[IO] Using the faster/memory expensive code 

[TIMER] elapsed :: 1.842330e-01 s 
[IO] Configuration written to ../conf/S24T24_cg/wilson_b6.cg.1e-14.15 
 
Time for config 15: 0 hours 0 minutes 8 seconds
 
Processing configuration 16
 
Start time for config 16: Wed May 20 09:39:55 AM EDT 2026
[IO] Attempting to read a NERSC file 
[PAR] CONDOR_MODE selected .... 
[IO] reading file ../conf/S24T24/wilson_b6.16
[IO] Configuration number :: 1 
[INIT] GLU is Compiled for SU(3)

[DIMENSIONS] ( 24 x 24 x 24 x 24 )

[INIT] using 16 thread(s) 
[INIT] allocating su(2) subgroup indices
[IO] Read gauge field[IO] file offset 599
[IO] LOOP_VAR = 18
[IO] Reading gauge field (../conf/S24T24/wilson_b6.16) took
[TIMER] elapsed :: 3.843307e-02 s 
[IO] Header     Trace :: 0.000168           || Plaq :: 0.593610 
[IO] Calculated Trace :: 0.000167773803526  || Plaq :: 0.593610241146191 

[GF] Using the Fourier accelerated non-linear conjugate gradient (FACG) routines
[GF] Coulomb gauge accuracy of 1e-14 
[GF] Tuning parameter alpha :: 0.090000 
[GF] Performing AT MOST 6000 iterations before randomly restarting ... 
[GF] Allowing for 7 restarts before complaint ... 
[GF] Approximate O(a) exponential expansion, and reunitarisation in Gauge Fixing.
[GF] Initial Tlink :: 0.000130288883547 || Slink :: 0.000180268776853 
[GF] Plaquette :: 0.593610241146191 
[PAR_RNG] MWC_4096
[PAR_RNG] Entropy read Seed 1475161457
[PAR_RNG] warmed up

[DB] initialised


[GF] Slice :: 0 {Stopped by convergence} 
[GF] Accuracy :: 8.61768e-15 || Iterations :: 177
[GF] Failures :: 0

[GF] Slice :: 1 {Stopped by convergence} 
[GF] Accuracy :: 9.02681e-15 || Iterations :: 161
[GF] Failures :: 0

[GF] Slice :: 2 {Stopped by convergence} 
[GF] Accuracy :: 8.83031e-15 || Iterations :: 220
[GF] Failures :: 0

[GF] Slice :: 3 {Stopped by convergence} 
[GF] Accuracy :: 9.20002e-15 || Iterations :: 148
[GF] Failures :: 0

[GF] Slice :: 4 {Stopped by convergence} 
[GF] Accuracy :: 7.66010e-15 || Iterations :: 214
[GF] Failures :: 0

[GF] Slice :: 5 {Stopped by convergence} 
[GF] Accuracy :: 9.10958e-15 || Iterations :: 408
[GF] Failures :: 0

[GF] Slice :: 6 {Stopped by convergence} 
[GF] Accuracy :: 9.04795e-15 || Iterations :: 175
[GF] Failures :: 0

[GF] Slice :: 7 {Stopped by convergence} 
[GF] Accuracy :: 9.32953e-15 || Iterations :: 220
[GF] Failures :: 0

[GF] Slice :: 8 {Stopped by convergence} 
[GF] Accuracy :: 8.54609e-15 || Iterations :: 153
[GF] Failures :: 0

[GF] Slice :: 9 {Stopped by convergence} 
[GF] Accuracy :: 9.26310e-15 || Iterations :: 225
[GF] Failures :: 0

[GF] Slice :: 10 {Stopped by convergence} 
[GF] Accuracy :: 7.00099e-15 || Iterations :: 123
[GF] Failures :: 0

[GF] Slice :: 11 {Stopped by convergence} 
[GF] Accuracy :: 9.06443e-15 || Iterations :: 167
[GF] Failures :: 0

[GF] Slice :: 12 {Stopped by convergence} 
[GF] Accuracy :: 8.85237e-15 || Iterations :: 196
[GF] Failures :: 0

[GF] Slice :: 13 {Stopped by convergence} 
[GF] Accuracy :: 8.63901e-15 || Iterations :: 300
[GF] Failures :: 0

[GF] Slice :: 14 {Stopped by convergence} 
[GF] Accuracy :: 9.94534e-15 || Iterations :: 127
[GF] Failures :: 0

[GF] Slice :: 15 {Stopped by convergence} 
[GF] Accuracy :: 8.78874e-15 || Iterations :: 183
[GF] Failures :: 0

[GF] Slice :: 16 {Stopped by convergence} 
[GF] Accuracy :: 9.67588e-15 || Iterations :: 176
[GF] Failures :: 0

[GF] Slice :: 17 {Stopped by convergence} 
[GF] Accuracy :: 9.08893e-15 || Iterations :: 292
[GF] Failures :: 0

[GF] Slice :: 18 {Stopped by convergence} 
[GF] Accuracy :: 7.18063e-15 || Iterations :: 124
[GF] Failures :: 0

[GF] Slice :: 19 {Stopped by convergence} 
[GF] Accuracy :: 8.27961e-15 || Iterations :: 204
[GF] Failures :: 0

[GF] Slice :: 20 {Stopped by convergence} 
[GF] Accuracy :: 7.50133e-15 || Iterations :: 233
[GF] Failures :: 0

[GF] Slice :: 21 {Stopped by convergence} 
[GF] Accuracy :: 7.43710e-15 || Iterations :: 186
[GF] Failures :: 0

[GF] Slice :: 22 {Stopped by convergence} 
[GF] Accuracy :: 8.34997e-15 || Iterations :: 215
[GF] Failures :: 0

[GF] Slice :: 23 {Stopped by convergence} 
[GF] Accuracy :: 9.30739e-15 || Iterations :: 271
[GF] Failures :: 0

[GF] Tuning :: 0.090000 || Iterations :: 4898 ||
[GF] Final Tlink :: 0.008124955095645 || Slink :: 0.882049329694337 
[GF] Plaquette :: 0.593610241146192 

[TIMER] elapsed :: 7.068517e+00 s 
[IO] Writing 4D_SU3_GAUGE binary data

[TIMER] elapsed :: 2.926683e-02 s 
[IO] Page size is :: 62.713688, Total malloc [More] 0.306519  [Less] 0.187867 
[IO] Using the faster/memory expensive code 

[TIMER] elapsed :: 1.854930e-01 s 
[IO] Configuration written to ../conf/S24T24_cg/wilson_b6.cg.1e-14.16 
 
Time for config 16: 0 hours 0 minutes 7 seconds
 
Processing configuration 17
 
Start time for config 17: Wed May 20 09:40:02 AM EDT 2026
[IO] Attempting to read a NERSC file 
[PAR] CONDOR_MODE selected .... 
[IO] reading file ../conf/S24T24/wilson_b6.17
[IO] Configuration number :: 1 
[INIT] GLU is Compiled for SU(3)

[DIMENSIONS] ( 24 x 24 x 24 x 24 )

[INIT] using 16 thread(s) 
[INIT] allocating su(2) subgroup indices
[IO] Read gauge field[IO] file offset 601
[IO] LOOP_VAR = 18
[IO] Reading gauge field (../conf/S24T24/wilson_b6.17) took
[TIMER] elapsed :: 3.818583e-02 s 
[IO] Header     Trace :: 0.000128           || Plaq :: 0.593714 
[IO] Calculated Trace :: 0.000128372389987  || Plaq :: 0.593713991807221 

[GF] Using the Fourier accelerated non-linear conjugate gradient (FACG) routines
[GF] Coulomb gauge accuracy of 1e-14 
[GF] Tuning parameter alpha :: 0.090000 
[GF] Performing AT MOST 6000 iterations before randomly restarting ... 
[GF] Allowing for 7 restarts before complaint ... 
[GF] Approximate O(a) exponential expansion, and reunitarisation in Gauge Fixing.
[GF] Initial Tlink :: 0.000102968061213 || Slink :: 0.000136840499578 
[GF] Plaquette :: 0.593713991807221 
[PAR_RNG] MWC_4096
[PAR_RNG] Entropy read Seed 2185841
[PAR_RNG] warmed up

[DB] initialised


[GF] Slice :: 0 {Stopped by convergence} 
[GF] Accuracy :: 8.28801e-15 || Iterations :: 123
[GF] Failures :: 0

[GF] Slice :: 1 {Stopped by convergence} 
[GF] Accuracy :: 8.47061e-15 || Iterations :: 151
[GF] Failures :: 0

[GF] Slice :: 2 {Stopped by convergence} 
[GF] Accuracy :: 8.94543e-15 || Iterations :: 154
[GF] Failures :: 0

[GF] Slice :: 3 {Stopped by convergence} 
[GF] Accuracy :: 9.40688e-15 || Iterations :: 270
[GF] Failures :: 0

[GF] Slice :: 4 {Stopped by convergence} 
[GF] Accuracy :: 8.99842e-15 || Iterations :: 195
[GF] Failures :: 0

[GF] Slice :: 5 {Stopped by convergence} 
[GF] Accuracy :: 8.09602e-15 || Iterations :: 132
[GF] Failures :: 0

[GF] Slice :: 6 {Stopped by convergence} 
[GF] Accuracy :: 9.88881e-15 || Iterations :: 213
[GF] Failures :: 0

[GF] Slice :: 7 {Stopped by convergence} 
[GF] Accuracy :: 8.28799e-15 || Iterations :: 157
[GF] Failures :: 0

[GF] Slice :: 8 {Stopped by convergence} 
[GF] Accuracy :: 7.33227e-15 || Iterations :: 321
[GF] Failures :: 0

[GF] Slice :: 9 {Stopped by convergence} 
[GF] Accuracy :: 5.48066e-15 || Iterations :: 112
[GF] Failures :: 0

[GF] Slice :: 10 {Stopped by convergence} 
[GF] Accuracy :: 8.36982e-15 || Iterations :: 164
[GF] Failures :: 0

[GF] Slice :: 11 {Stopped by convergence} 
[GF] Accuracy :: 9.80395e-15 || Iterations :: 162
[GF] Failures :: 0

[GF] Slice :: 12 {Stopped by convergence} 
[GF] Accuracy :: 9.91334e-15 || Iterations :: 206
[GF] Failures :: 0

[GF] Slice :: 13 {Stopped by convergence} 
[GF] Accuracy :: 9.02117e-15 || Iterations :: 316
[GF] Failures :: 0

[GF] Slice :: 14 {Stopped by convergence} 
[GF] Accuracy :: 9.79447e-15 || Iterations :: 196
[GF] Failures :: 0

[GF] Slice :: 15 {Stopped by convergence} 
[GF] Accuracy :: 9.05758e-15 || Iterations :: 215
[GF] Failures :: 0

[GF] Slice :: 16 {Stopped by convergence} 
[GF] Accuracy :: 8.61923e-15 || Iterations :: 117
[GF] Failures :: 0

[GF] Slice :: 17 {Stopped by convergence} 
[GF] Accuracy :: 9.12803e-15 || Iterations :: 137
[GF] Failures :: 0

[GF] Slice :: 18 {Stopped by convergence} 
[GF] Accuracy :: 8.23799e-15 || Iterations :: 144
[GF] Failures :: 0

[GF] Slice :: 19 {Stopped by convergence} 
[GF] Accuracy :: 9.07392e-15 || Iterations :: 213
[GF] Failures :: 0

[GF] Slice :: 20 {Stopped by convergence} 
[GF] Accuracy :: 9.43709e-15 || Iterations :: 238
[GF] Failures :: 0

[GF] Slice :: 21 {Stopped by convergence} 
[GF] Accuracy :: 9.51822e-15 || Iterations :: 123
[GF] Failures :: 0

[GF] Slice :: 22 {Stopped by convergence} 
[GF] Accuracy :: 7.17422e-15 || Iterations :: 141
[GF] Failures :: 0

[GF] Slice :: 23 {Stopped by convergence} 
[GF] Accuracy :: 9.60991e-15 || Iterations :: 138
[GF] Failures :: 0

[GF] Tuning :: 0.090000 || Iterations :: 4338 ||
[GF] Final Tlink :: 0.004683510332228 || Slink :: 0.882443797977564 
[GF] Plaquette :: 0.593713991807221 

[TIMER] elapsed :: 6.221720e+00 s 
[IO] Writing 4D_SU3_GAUGE binary data

[TIMER] elapsed :: 2.967501e-02 s 
[IO] Page size is :: 62.713688, Total malloc [More] 0.306519  [Less] 0.187867 
[IO] Using the faster/memory expensive code 

[TIMER] elapsed :: 1.855521e-01 s 
[IO] Configuration written to ../conf/S24T24_cg/wilson_b6.cg.1e-14.17 
 
Time for config 17: 0 hours 0 minutes 7 seconds
 
Processing configuration 18
 
Start time for config 18: Wed May 20 09:40:09 AM EDT 2026
[IO] Attempting to read a NERSC file 
[PAR] CONDOR_MODE selected .... 
[IO] reading file ../conf/S24T24/wilson_b6.18
[IO] Configuration number :: 1 
[INIT] GLU is Compiled for SU(3)

[DIMENSIONS] ( 24 x 24 x 24 x 24 )

[INIT] using 16 thread(s) 
[INIT] allocating su(2) subgroup indices
[IO] Read gauge field[IO] file offset 601
[IO] LOOP_VAR = 18
[IO] Reading gauge field (../conf/S24T24/wilson_b6.18) took
[TIMER] elapsed :: 3.782010e-02 s 
[IO] Header     Trace :: 0.000099           || Plaq :: 0.593395 
[IO] Calculated Trace :: 0.000098986953972  || Plaq :: 0.593395200101634 

[GF] Using the Fourier accelerated non-linear conjugate gradient (FACG) routines
[GF] Coulomb gauge accuracy of 1e-14 
[GF] Tuning parameter alpha :: 0.090000 
[GF] Performing AT MOST 6000 iterations before randomly restarting ... 
[GF] Allowing for 7 restarts before complaint ... 
[GF] Approximate O(a) exponential expansion, and reunitarisation in Gauge Fixing.
[GF] Initial Tlink :: 0.000199331522125 || Slink :: 0.000065538764587 
[GF] Plaquette :: 0.593395200101634 
[PAR_RNG] MWC_4096
[PAR_RNG] Entropy read Seed 2295551152
[PAR_RNG] warmed up

[DB] initialised


[GF] Slice :: 0 {Stopped by convergence} 
[GF] Accuracy :: 8.96819e-15 || Iterations :: 247
[GF] Failures :: 0

[GF] Slice :: 1 {Stopped by convergence} 
[GF] Accuracy :: 7.80694e-15 || Iterations :: 109
[GF] Failures :: 0

[GF] Slice :: 2 {Stopped by convergence} 
[GF] Accuracy :: 9.13025e-15 || Iterations :: 236
[GF] Failures :: 0

[GF] Slice :: 3 {Stopped by convergence} 
[GF] Accuracy :: 8.95395e-15 || Iterations :: 161
[GF] Failures :: 0

[GF] Slice :: 4 {Stopped by convergence} 
[GF] Accuracy :: 8.66266e-15 || Iterations :: 299
[GF] Failures :: 0

[GF] Slice :: 5 {Stopped by convergence} 
[GF] Accuracy :: 9.41288e-15 || Iterations :: 346
[GF] Failures :: 0

[GF] Slice :: 6 {Stopped by convergence} 
[GF] Accuracy :: 9.68076e-15 || Iterations :: 221
[GF] Failures :: 0

[GF] Slice :: 7 {Stopped by convergence} 
[GF] Accuracy :: 8.49957e-15 || Iterations :: 163
[GF] Failures :: 0

[GF] Slice :: 8 {Stopped by convergence} 
[GF] Accuracy :: 7.28649e-15 || Iterations :: 154
[GF] Failures :: 0

[GF] Slice :: 9 {Stopped by convergence} 
[GF] Accuracy :: 5.45820e-15 || Iterations :: 117
[GF] Failures :: 0

[GF] Slice :: 10 {Stopped by convergence} 
[GF] Accuracy :: 8.96307e-15 || Iterations :: 289
[GF] Failures :: 0

[GF] Slice :: 11 {Stopped by convergence} 
[GF] Accuracy :: 7.44863e-15 || Iterations :: 159
[GF] Failures :: 0

[GF] Slice :: 12 {Stopped by convergence} 
[GF] Accuracy :: 8.39421e-15 || Iterations :: 181
[GF] Failures :: 0

[GF] Slice :: 13 {Stopped by convergence} 
[GF] Accuracy :: 9.76898e-15 || Iterations :: 143
[GF] Failures :: 0

[GF] Slice :: 14 {Stopped by convergence} 
[GF] Accuracy :: 9.41382e-15 || Iterations :: 145
[GF] Failures :: 0

[GF] Slice :: 15 {Stopped by convergence} 
[GF] Accuracy :: 8.88491e-15 || Iterations :: 214
[GF] Failures :: 0

[GF] Slice :: 16 {Stopped by convergence} 
[GF] Accuracy :: 8.59056e-15 || Iterations :: 157
[GF] Failures :: 0

[GF] Slice :: 17 {Stopped by convergence} 
[GF] Accuracy :: 8.02186e-15 || Iterations :: 220
[GF] Failures :: 0

[GF] Slice :: 18 {Stopped by convergence} 
[GF] Accuracy :: 6.38593e-15 || Iterations :: 197
[GF] Failures :: 0

[GF] Slice :: 19 {Stopped by convergence} 
[GF] Accuracy :: 8.49117e-15 || Iterations :: 191
[GF] Failures :: 0

[GF] Slice :: 20 {Stopped by convergence} 
[GF] Accuracy :: 8.74863e-15 || Iterations :: 129
[GF] Failures :: 0

[GF] Slice :: 21 {Stopped by convergence} 
[GF] Accuracy :: 9.75277e-15 || Iterations :: 145
[GF] Failures :: 0

[GF] Slice :: 22 {Stopped by convergence} 
[GF] Accuracy :: 9.24555e-15 || Iterations :: 170
[GF] Failures :: 0

[GF] Slice :: 23 {Stopped by convergence} 
[GF] Accuracy :: 9.79247e-15 || Iterations :: 166
[GF] Failures :: 0

[GF] Tuning :: 0.090000 || Iterations :: 4559 ||
[GF] Final Tlink :: -0.002174738747067 || Slink :: 0.882258259762994 
[GF] Plaquette :: 0.593395200101634 

[TIMER] elapsed :: 6.680846e+00 s 
[IO] Writing 4D_SU3_GAUGE binary data

[TIMER] elapsed :: 2.939916e-02 s 
[IO] Page size is :: 62.713688, Total malloc [More] 0.306519  [Less] 0.187867 
[IO] Using the faster/memory expensive code 

[TIMER] elapsed :: 1.836169e-01 s 
[IO] Configuration written to ../conf/S24T24_cg/wilson_b6.cg.1e-14.18 
 
Time for config 18: 0 hours 0 minutes 7 seconds
 
Processing configuration 19
 
Start time for config 19: Wed May 20 09:40:16 AM EDT 2026
[IO] Attempting to read a NERSC file 
[PAR] CONDOR_MODE selected .... 
[IO] reading file ../conf/S24T24/wilson_b6.19
[IO] Configuration number :: 1 
[INIT] GLU is Compiled for SU(3)

[DIMENSIONS] ( 24 x 24 x 24 x 24 )

[INIT] using 16 thread(s) 
[INIT] allocating su(2) subgroup indices
[IO] Read gauge field[IO] file offset 601
[IO] LOOP_VAR = 18
[IO] Reading gauge field (../conf/S24T24/wilson_b6.19) took
[TIMER] elapsed :: 3.815889e-02 s 
[IO] Header     Trace :: 0.000336           || Plaq :: 0.593381 
[IO] Calculated Trace :: 0.000336048884232  || Plaq :: 0.593381331897786 

[GF] Using the Fourier accelerated non-linear conjugate gradient (FACG) routines
[GF] Coulomb gauge accuracy of 1e-14 
[GF] Tuning parameter alpha :: 0.090000 
[GF] Performing AT MOST 6000 iterations before randomly restarting ... 
[GF] Allowing for 7 restarts before complaint ... 
[GF] Approximate O(a) exponential expansion, and reunitarisation in Gauge Fixing.
[GF] Initial Tlink :: 0.000302913481838 || Slink :: 0.000347094018363 
[GF] Plaquette :: 0.593381331897786 
[PAR_RNG] MWC_4096
[PAR_RNG] Entropy read Seed 1097927998
[PAR_RNG] warmed up

[DB] initialised


[GF] Slice :: 0 {Stopped by convergence} 
[GF] Accuracy :: 8.80465e-15 || Iterations :: 134
[GF] Failures :: 0

[GF] Slice :: 1 {Stopped by convergence} 
[GF] Accuracy :: 8.80028e-15 || Iterations :: 241
[GF] Failures :: 0

[GF] Slice :: 2 {Stopped by convergence} 
[GF] Accuracy :: 9.76920e-15 || Iterations :: 503
[GF] Failures :: 0

[GF] Slice :: 3 {Stopped by convergence} 
[GF] Accuracy :: 9.84394e-15 || Iterations :: 288
[GF] Failures :: 0

[GF] Slice :: 4 {Stopped by convergence} 
[GF] Accuracy :: 8.30142e-15 || Iterations :: 154
[GF] Failures :: 0

[GF] Slice :: 5 {Stopped by convergence} 
[GF] Accuracy :: 9.43715e-15 || Iterations :: 231
[GF] Failures :: 0

[GF] Slice :: 6 {Stopped by convergence} 
[GF] Accuracy :: 9.56729e-15 || Iterations :: 122
[GF] Failures :: 0

[GF] Slice :: 7 {Stopped by convergence} 
[GF] Accuracy :: 9.38659e-15 || Iterations :: 203
[GF] Failures :: 0

[GF] Slice :: 8 {Stopped by convergence} 
[GF] Accuracy :: 9.67632e-15 || Iterations :: 219
[GF] Failures :: 0

[GF] Slice :: 9 {Stopped by convergence} 
[GF] Accuracy :: 9.78862e-15 || Iterations :: 164
[GF] Failures :: 0

[GF] Slice :: 10 {Stopped by convergence} 
[GF] Accuracy :: 8.71573e-15 || Iterations :: 138
[GF] Failures :: 0

[GF] Slice :: 11 {Stopped by convergence} 
[GF] Accuracy :: 9.18680e-15 || Iterations :: 134
[GF] Failures :: 0

[GF] Slice :: 12 {Stopped by convergence} 
[GF] Accuracy :: 8.54767e-15 || Iterations :: 225
[GF] Failures :: 0

[GF] Slice :: 13 {Stopped by convergence} 
[GF] Accuracy :: 7.43841e-15 || Iterations :: 222
[GF] Failures :: 0

[GF] Slice :: 14 {Stopped by convergence} 
[GF] Accuracy :: 9.21427e-15 || Iterations :: 139
[GF] Failures :: 0

[GF] Slice :: 15 {Stopped by convergence} 
[GF] Accuracy :: 7.84457e-15 || Iterations :: 149
[GF] Failures :: 0

[GF] Slice :: 16 {Stopped by convergence} 
[GF] Accuracy :: 7.94057e-15 || Iterations :: 150
[GF] Failures :: 0

[GF] Slice :: 17 {Stopped by convergence} 
[GF] Accuracy :: 8.44042e-15 || Iterations :: 140
[GF] Failures :: 0

[GF] Slice :: 18 {Stopped by convergence} 
[GF] Accuracy :: 6.96449e-15 || Iterations :: 171
[GF] Failures :: 0

[GF] Slice :: 19 {Stopped by convergence} 
[GF] Accuracy :: 7.49461e-15 || Iterations :: 141
[GF] Failures :: 0

[GF] Slice :: 20 {Stopped by convergence} 
[GF] Accuracy :: 8.89208e-15 || Iterations :: 171
[GF] Failures :: 0

[GF] Slice :: 21 {Stopped by convergence} 
[GF] Accuracy :: 9.55509e-15 || Iterations :: 208
[GF] Failures :: 0

[GF] Slice :: 22 {Stopped by convergence} 
[GF] Accuracy :: 8.62557e-15 || Iterations :: 233
[GF] Failures :: 0

[GF] Slice :: 23 {Stopped by convergence} 
[GF] Accuracy :: 8.75432e-15 || Iterations :: 195
[GF] Failures :: 0

[GF] Tuning :: 0.090000 || Iterations :: 4675 ||
[GF] Final Tlink :: 0.022401414937120 || Slink :: 0.882403680977879 
[GF] Plaquette :: 0.593381331897786 

[TIMER] elapsed :: 6.691038e+00 s 
[IO] Writing 4D_SU3_GAUGE binary data

[TIMER] elapsed :: 2.891111e-02 s 
[IO] Page size is :: 62.713688, Total malloc [More] 0.306519  [Less] 0.187867 
[IO] Using the faster/memory expensive code 

[TIMER] elapsed :: 1.860609e-01 s 
[IO] Configuration written to ../conf/S24T24_cg/wilson_b6.cg.1e-14.19 
 
Time for config 19: 0 hours 0 minutes 7 seconds
 
Processing configuration 20
 
Start time for config 20: Wed May 20 09:40:23 AM EDT 2026
[IO] Attempting to read a NERSC file 
[PAR] CONDOR_MODE selected .... 
[IO] reading file ../conf/S24T24/wilson_b6.20
[IO] Configuration number :: 1 
[INIT] GLU is Compiled for SU(3)

[DIMENSIONS] ( 24 x 24 x 24 x 24 )

[INIT] using 16 thread(s) 
[INIT] allocating su(2) subgroup indices
[IO] Read gauge field[IO] file offset 601
[IO] LOOP_VAR = 18
[IO] Reading gauge field (../conf/S24T24/wilson_b6.20) took
[TIMER] elapsed :: 4.050112e-02 s 
[IO] Header     Trace :: 0.000284           || Plaq :: 0.593672 
[IO] Calculated Trace :: 0.000284497433477  || Plaq :: 0.593671716349280 

[GF] Using the Fourier accelerated non-linear conjugate gradient (FACG) routines
[GF] Coulomb gauge accuracy of 1e-14 
[GF] Tuning parameter alpha :: 0.090000 
[GF] Performing AT MOST 6000 iterations before randomly restarting ... 
[GF] Allowing for 7 restarts before complaint ... 
[GF] Approximate O(a) exponential expansion, and reunitarisation in Gauge Fixing.
[GF] Initial Tlink :: 0.000793400423913 || Slink :: 0.000114863103332 
[GF] Plaquette :: 0.593671716349280 
[PAR_RNG] MWC_4096
[PAR_RNG] Entropy read Seed 2162524159
[PAR_RNG] warmed up

[DB] initialised


[GF] Slice :: 0 {Stopped by convergence} 
[GF] Accuracy :: 7.89052e-15 || Iterations :: 151
[GF] Failures :: 0

[GF] Slice :: 1 {Stopped by convergence} 
[GF] Accuracy :: 8.90623e-15 || Iterations :: 311
[GF] Failures :: 0

[GF] Slice :: 2 {Stopped by convergence} 
[GF] Accuracy :: 9.50602e-15 || Iterations :: 134
[GF] Failures :: 0

[GF] Slice :: 3 {Stopped by convergence} 
[GF] Accuracy :: 8.04310e-15 || Iterations :: 290
[GF] Failures :: 0

[GF] Slice :: 4 {Stopped by convergence} 
[GF] Accuracy :: 8.92743e-15 || Iterations :: 187
[GF] Failures :: 0

[GF] Slice :: 5 {Stopped by convergence} 
[GF] Accuracy :: 7.81899e-15 || Iterations :: 168
[GF] Failures :: 0

[GF] Slice :: 6 {Stopped by convergence} 
[GF] Accuracy :: 7.00957e-15 || Iterations :: 214
[GF] Failures :: 0

[GF] Slice :: 7 {Stopped by convergence} 
[GF] Accuracy :: 9.48970e-15 || Iterations :: 183
[GF] Failures :: 0

[GF] Slice :: 8 {Stopped by convergence} 
[GF] Accuracy :: 8.30849e-15 || Iterations :: 151
[GF] Failures :: 0

[GF] Slice :: 9 {Stopped by convergence} 
[GF] Accuracy :: 8.74267e-15 || Iterations :: 232
[GF] Failures :: 0

[GF] Slice :: 10 {Stopped by convergence} 
[GF] Accuracy :: 8.78449e-15 || Iterations :: 108
[GF] Failures :: 0

[GF] Slice :: 11 {Stopped by convergence} 
[GF] Accuracy :: 9.59271e-15 || Iterations :: 169
[GF] Failures :: 0

[GF] Slice :: 12 {Stopped by convergence} 
[GF] Accuracy :: 7.81468e-15 || Iterations :: 135
[GF] Failures :: 0

[GF] Slice :: 13 {Stopped by convergence} 
[GF] Accuracy :: 8.70909e-15 || Iterations :: 203
[GF] Failures :: 0

[GF] Slice :: 14 {Stopped by convergence} 
[GF] Accuracy :: 8.79873e-15 || Iterations :: 205
[GF] Failures :: 0

[GF] Slice :: 15 {Stopped by convergence} 
[GF] Accuracy :: 9.28650e-15 || Iterations :: 151
[GF] Failures :: 0

[GF] Slice :: 16 {Stopped by convergence} 
[GF] Accuracy :: 8.85280e-15 || Iterations :: 151
[GF] Failures :: 0

[GF] Slice :: 17 {Stopped by convergence} 
[GF] Accuracy :: 8.71334e-15 || Iterations :: 201
[GF] Failures :: 0

[GF] Slice :: 18 {Stopped by convergence} 
[GF] Accuracy :: 8.77095e-15 || Iterations :: 178
[GF] Failures :: 0

[GF] Slice :: 19 {Stopped by convergence} 
[GF] Accuracy :: 8.47818e-15 || Iterations :: 233
[GF] Failures :: 0

[GF] Slice :: 20 {Stopped by convergence} 
[GF] Accuracy :: 9.56437e-15 || Iterations :: 189
[GF] Failures :: 0

[GF] Slice :: 21 {Stopped by convergence} 
[GF] Accuracy :: 7.24561e-15 || Iterations :: 249
[GF] Failures :: 0

[GF] Slice :: 22 {Stopped by convergence} 
[GF] Accuracy :: 9.19578e-15 || Iterations :: 159
[GF] Failures :: 0

[GF] Slice :: 23 {Stopped by convergence} 
[GF] Accuracy :: 8.02428e-15 || Iterations :: 152
[GF] Failures :: 0

[GF] Tuning :: 0.090000 || Iterations :: 4504 ||
[GF] Final Tlink :: -0.006550917935257 || Slink :: 0.882358549835545 
[GF] Plaquette :: 0.593671716349280 

[TIMER] elapsed :: 6.421994e+00 s 
[IO] Writing 4D_SU3_GAUGE binary data

[TIMER] elapsed :: 4.640698e-02 s 
[IO] Page size is :: 62.713688, Total malloc [More] 0.306519  [Less] 0.187867 
[IO] Using the faster/memory expensive code 

[TIMER] elapsed :: 1.967180e-01 s 
[IO] Configuration written to ../conf/S24T24_cg/wilson_b6.cg.1e-14.20 
 
Time for config 20: 0 hours 0 minutes 7 seconds
 
Processing configuration 21
 
Start time for config 21: Wed May 20 09:40:30 AM EDT 2026
[IO] Attempting to read a NERSC file 
[PAR] CONDOR_MODE selected .... 
[IO] reading file ../conf/S24T24/wilson_b6.21
[IO] Configuration number :: 1 
[INIT] GLU is Compiled for SU(3)

[DIMENSIONS] ( 24 x 24 x 24 x 24 )

[INIT] using 16 thread(s) 
[INIT] allocating su(2) subgroup indices
[IO] Read gauge field[IO] file offset 602
[IO] LOOP_VAR = 18
[IO] Reading gauge field (../conf/S24T24/wilson_b6.21) took
[TIMER] elapsed :: 4.108715e-02 s 
[IO] Header     Trace :: -0.000039           || Plaq :: 0.593788 
[IO] Calculated Trace :: -0.000038507921351  || Plaq :: 0.593787608508817 

[GF] Using the Fourier accelerated non-linear conjugate gradient (FACG) routines
[GF] Coulomb gauge accuracy of 1e-14 
[GF] Tuning parameter alpha :: 0.090000 
[GF] Performing AT MOST 6000 iterations before randomly restarting ... 
[GF] Allowing for 7 restarts before complaint ... 
[GF] Approximate O(a) exponential expansion, and reunitarisation in Gauge Fixing.
[GF] Initial Tlink :: -0.000327564495129 || Slink :: 0.000057844269908 
[GF] Plaquette :: 0.593787608508817 
[PAR_RNG] MWC_4096
[PAR_RNG] Entropy read Seed 2658268711
[PAR_RNG] warmed up

[DB] initialised


[GF] Slice :: 0 {Stopped by convergence} 
[GF] Accuracy :: 9.27387e-15 || Iterations :: 229
[GF] Failures :: 0

[GF] Slice :: 1 {Stopped by convergence} 
[GF] Accuracy :: 7.31369e-15 || Iterations :: 236
[GF] Failures :: 0

[GF] Slice :: 2 {Stopped by convergence} 
[GF] Accuracy :: 7.71413e-15 || Iterations :: 165
[GF] Failures :: 0

[GF] Slice :: 3 {Stopped by convergence} 
[GF] Accuracy :: 9.20906e-15 || Iterations :: 241
[GF] Failures :: 0

[GF] Slice :: 4 {Stopped by convergence} 
[GF] Accuracy :: 8.74135e-15 || Iterations :: 249
[GF] Failures :: 0

[GF] Slice :: 5 {Stopped by convergence} 
[GF] Accuracy :: 9.11579e-15 || Iterations :: 223
[GF] Failures :: 0

[GF] Slice :: 6 {Stopped by convergence} 
[GF] Accuracy :: 7.69791e-15 || Iterations :: 195
[GF] Failures :: 0

[GF] Slice :: 7 {Stopped by convergence} 
[GF] Accuracy :: 7.14618e-15 || Iterations :: 156
[GF] Failures :: 0

[GF] Slice :: 8 {Stopped by convergence} 
[GF] Accuracy :: 8.50294e-15 || Iterations :: 201
[GF] Failures :: 0

[GF] Slice :: 9 {Stopped by convergence} 
[GF] Accuracy :: 9.32780e-15 || Iterations :: 163
[GF] Failures :: 0

[GF] Slice :: 10 {Stopped by convergence} 
[GF] Accuracy :: 7.80636e-15 || Iterations :: 133
[GF] Failures :: 0

[GF] Slice :: 11 {Stopped by convergence} 
[GF] Accuracy :: 7.70174e-15 || Iterations :: 176
[GF] Failures :: 0

[GF] Slice :: 12 {Stopped by convergence} 
[GF] Accuracy :: 8.78519e-15 || Iterations :: 185
[GF] Failures :: 0

[GF] Slice :: 13 {Stopped by convergence} 
[GF] Accuracy :: 8.30655e-15 || Iterations :: 319
[GF] Failures :: 0

[GF] Slice :: 14 {Stopped by convergence} 
[GF] Accuracy :: 7.33781e-15 || Iterations :: 141
[GF] Failures :: 0

[GF] Slice :: 15 {Stopped by convergence} 
[GF] Accuracy :: 9.93237e-15 || Iterations :: 175
[GF] Failures :: 0

[GF] Slice :: 16 {Stopped by convergence} 
[GF] Accuracy :: 9.40974e-15 || Iterations :: 199
[GF] Failures :: 0

[GF] Slice :: 17 {Stopped by convergence} 
[GF] Accuracy :: 8.97336e-15 || Iterations :: 190
[GF] Failures :: 0

[GF] Slice :: 18 {Stopped by convergence} 
[GF] Accuracy :: 7.98555e-15 || Iterations :: 156
[GF] Failures :: 0

[GF] Slice :: 19 {Stopped by convergence} 
[GF] Accuracy :: 7.01134e-15 || Iterations :: 266
[GF] Failures :: 0

[GF] Slice :: 20 {Stopped by convergence} 
[GF] Accuracy :: 6.83012e-15 || Iterations :: 147
[GF] Failures :: 0

[GF] Slice :: 21 {Stopped by convergence} 
[GF] Accuracy :: 9.75707e-15 || Iterations :: 220
[GF] Failures :: 0

[GF] Slice :: 22 {Stopped by convergence} 
[GF] Accuracy :: 7.06320e-15 || Iterations :: 168
[GF] Failures :: 0

[GF] Slice :: 23 {Stopped by convergence} 
[GF] Accuracy :: 8.05584e-15 || Iterations :: 235
[GF] Failures :: 0

[GF] Tuning :: 0.090000 || Iterations :: 4768 ||
[GF] Final Tlink :: -0.013360194578425 || Slink :: 0.882275999095566 
[GF] Plaquette :: 0.593787608508818 

[TIMER] elapsed :: 6.822297e+00 s 
[IO] Writing 4D_SU3_GAUGE binary data

[TIMER] elapsed :: 2.938199e-02 s 
[IO] Page size is :: 62.713688, Total malloc [More] 0.306519  [Less] 0.187867 
[IO] Using the faster/memory expensive code 

[TIMER] elapsed :: 1.864269e-01 s 
[IO] Configuration written to ../conf/S24T24_cg/wilson_b6.cg.1e-14.21 
 
Time for config 21: 0 hours 0 minutes 7 seconds
 
Processing configuration 22
 
Start time for config 22: Wed May 20 09:40:37 AM EDT 2026
[IO] Attempting to read a NERSC file 
[PAR] CONDOR_MODE selected .... 
[IO] reading file ../conf/S24T24/wilson_b6.22
[IO] Configuration number :: 1 
[INIT] GLU is Compiled for SU(3)

[DIMENSIONS] ( 24 x 24 x 24 x 24 )

[INIT] using 16 thread(s) 
[INIT] allocating su(2) subgroup indices
[IO] Read gauge field[IO] file offset 601
[IO] LOOP_VAR = 18
[IO] Reading gauge field (../conf/S24T24/wilson_b6.22) took
[TIMER] elapsed :: 3.794909e-02 s 
[IO] Header     Trace :: -0.000203           || Plaq :: 0.593725 
[IO] Calculated Trace :: -0.000203403636018  || Plaq :: 0.593725075103341 

[GF] Using the Fourier accelerated non-linear conjugate gradient (FACG) routines
[GF] Coulomb gauge accuracy of 1e-14 
[GF] Tuning parameter alpha :: 0.090000 
[GF] Performing AT MOST 6000 iterations before randomly restarting ... 
[GF] Allowing for 7 restarts before complaint ... 
[GF] Approximate O(a) exponential expansion, and reunitarisation in Gauge Fixing.
[GF] Initial Tlink :: 0.000351278750050 || Slink :: -0.000388297764707 
[GF] Plaquette :: 0.593725075103341 
[PAR_RNG] MWC_4096
[PAR_RNG] Entropy read Seed 278059459
[PAR_RNG] warmed up

[DB] initialised


[GF] Slice :: 0 {Stopped by convergence} 
[GF] Accuracy :: 8.10247e-15 || Iterations :: 171
[GF] Failures :: 0

[GF] Slice :: 1 {Stopped by convergence} 
[GF] Accuracy :: 8.17505e-15 || Iterations :: 147
[GF] Failures :: 0

[GF] Slice :: 2 {Stopped by convergence} 
[GF] Accuracy :: 8.24272e-15 || Iterations :: 167
[GF] Failures :: 0

[GF] Slice :: 3 {Stopped by convergence} 
[GF] Accuracy :: 9.12932e-15 || Iterations :: 190
[GF] Failures :: 0

[GF] Slice :: 4 {Stopped by convergence} 
[GF] Accuracy :: 9.68523e-15 || Iterations :: 237
[GF] Failures :: 0

[GF] Slice :: 5 {Stopped by convergence} 
[GF] Accuracy :: 9.25591e-15 || Iterations :: 136
[GF] Failures :: 0

[GF] Slice :: 6 {Stopped by convergence} 
[GF] Accuracy :: 9.58416e-15 || Iterations :: 118
[GF] Failures :: 0

[GF] Slice :: 7 {Stopped by convergence} 
[GF] Accuracy :: 7.62822e-15 || Iterations :: 208
[GF] Failures :: 0

[GF] Slice :: 8 {Stopped by convergence} 
[GF] Accuracy :: 8.57596e-15 || Iterations :: 161
[GF] Failures :: 0

[GF] Slice :: 9 {Stopped by convergence} 
[GF] Accuracy :: 9.27170e-15 || Iterations :: 277
[GF] Failures :: 0

[GF] Slice :: 10 {Stopped by convergence} 
[GF] Accuracy :: 2.97416e-15 || Iterations :: 146
[GF] Failures :: 0

[GF] Slice :: 11 {Stopped by convergence} 
[GF] Accuracy :: 8.09149e-15 || Iterations :: 177
[GF] Failures :: 0

[GF] Slice :: 12 {Stopped by convergence} 
[GF] Accuracy :: 7.40185e-15 || Iterations :: 151
[GF] Failures :: 0

[GF] Slice :: 13 {Stopped by convergence} 
[GF] Accuracy :: 9.84657e-15 || Iterations :: 348
[GF] Failures :: 0

[GF] Slice :: 14 {Stopped by convergence} 
[GF] Accuracy :: 9.06643e-15 || Iterations :: 237
[GF] Failures :: 0

[GF] Slice :: 15 {Stopped by convergence} 
[GF] Accuracy :: 7.90844e-15 || Iterations :: 148
[GF] Failures :: 0

[GF] Slice :: 16 {Stopped by convergence} 
[GF] Accuracy :: 8.03223e-15 || Iterations :: 215
[GF] Failures :: 0

[GF] Slice :: 17 {Stopped by convergence} 
[GF] Accuracy :: 9.22641e-15 || Iterations :: 182
[GF] Failures :: 0

[GF] Slice :: 18 {Stopped by convergence} 
[GF] Accuracy :: 8.46451e-15 || Iterations :: 148
[GF] Failures :: 0

[GF] Slice :: 19 {Stopped by convergence} 
[GF] Accuracy :: 8.93389e-15 || Iterations :: 295
[GF] Failures :: 0

[GF] Slice :: 20 {Stopped by convergence} 
[GF] Accuracy :: 9.49453e-15 || Iterations :: 230
[GF] Failures :: 0

[GF] Slice :: 21 {Stopped by convergence} 
[GF] Accuracy :: 9.49693e-15 || Iterations :: 202
[GF] Failures :: 0

[GF] Slice :: 22 {Stopped by convergence} 
[GF] Accuracy :: 7.77790e-15 || Iterations :: 183
[GF] Failures :: 0

[GF] Slice :: 23 {Stopped by convergence} 
[GF] Accuracy :: 8.52252e-15 || Iterations :: 212
[GF] Failures :: 0

[GF] Tuning :: 0.090000 || Iterations :: 4686 ||
[GF] Final Tlink :: 0.002762036205592 || Slink :: 0.882589039827044 
[GF] Plaquette :: 0.593725075103341 

[TIMER] elapsed :: 6.906649e+00 s 
[IO] Writing 4D_SU3_GAUGE binary data

[TIMER] elapsed :: 2.868795e-02 s 
[IO] Page size is :: 62.713688, Total malloc [More] 0.306519  [Less] 0.187867 
[IO] Using the faster/memory expensive code 

[TIMER] elapsed :: 1.864641e-01 s 
[IO] Configuration written to ../conf/S24T24_cg/wilson_b6.cg.1e-14.22 
 
Time for config 22: 0 hours 0 minutes 8 seconds
 
Processing configuration 23
 
Start time for config 23: Wed May 20 09:40:45 AM EDT 2026
[IO] Attempting to read a NERSC file 
[PAR] CONDOR_MODE selected .... 
[IO] reading file ../conf/S24T24/wilson_b6.23
[IO] Configuration number :: 1 
[INIT] GLU is Compiled for SU(3)

[DIMENSIONS] ( 24 x 24 x 24 x 24 )

[INIT] using 16 thread(s) 
[INIT] allocating su(2) subgroup indices
[IO] Read gauge field[IO] file offset 602
[IO] LOOP_VAR = 18
[IO] Reading gauge field (../conf/S24T24/wilson_b6.23) took
[TIMER] elapsed :: 4.097795e-02 s 
[IO] Header     Trace :: -0.000033           || Plaq :: 0.593595 
[IO] Calculated Trace :: -0.000032758704588  || Plaq :: 0.593594920144371 

[GF] Using the Fourier accelerated non-linear conjugate gradient (FACG) routines
[GF] Coulomb gauge accuracy of 1e-14 
[GF] Tuning parameter alpha :: 0.090000 
[GF] Performing AT MOST 6000 iterations before randomly restarting ... 
[GF] Allowing for 7 restarts before complaint ... 
[GF] Approximate O(a) exponential expansion, and reunitarisation in Gauge Fixing.
[GF] Initial Tlink :: -0.000202031767774 || Slink :: 0.000023665649807 
[GF] Plaquette :: 0.593594920144371 
[PAR_RNG] MWC_4096
[PAR_RNG] Entropy read Seed 2930857537
[PAR_RNG] warmed up

[DB] initialised


[GF] Slice :: 0 {Stopped by convergence} 
[GF] Accuracy :: 8.00549e-15 || Iterations :: 193
[GF] Failures :: 0

[GF] Slice :: 1 {Stopped by convergence} 
[GF] Accuracy :: 9.81872e-15 || Iterations :: 258
[GF] Failures :: 0

[GF] Slice :: 2 {Stopped by convergence} 
[GF] Accuracy :: 8.10486e-15 || Iterations :: 269
[GF] Failures :: 0

[GF] Slice :: 3 {Stopped by convergence} 
[GF] Accuracy :: 9.91659e-15 || Iterations :: 143
[GF] Failures :: 0

[GF] Slice :: 4 {Stopped by convergence} 
[GF] Accuracy :: 7.37040e-15 || Iterations :: 143
[GF] Failures :: 0

[GF] Slice :: 5 {Stopped by convergence} 
[GF] Accuracy :: 7.25318e-15 || Iterations :: 181
[GF] Failures :: 0

[GF] Slice :: 6 {Stopped by convergence} 
[GF] Accuracy :: 8.24077e-15 || Iterations :: 161
[GF] Failures :: 0

[GF] Slice :: 7 {Stopped by convergence} 
[GF] Accuracy :: 8.49222e-15 || Iterations :: 201
[GF] Failures :: 0

[GF] Slice :: 8 {Stopped by convergence} 
[GF] Accuracy :: 7.70039e-15 || Iterations :: 182
[GF] Failures :: 0

[GF] Slice :: 9 {Stopped by convergence} 
[GF] Accuracy :: 8.23621e-15 || Iterations :: 119
[GF] Failures :: 0

[GF] Slice :: 10 {Stopped by convergence} 
[GF] Accuracy :: 9.92148e-15 || Iterations :: 120
[GF] Failures :: 0

[GF] Slice :: 11 {Stopped by convergence} 
[GF] Accuracy :: 9.65167e-15 || Iterations :: 228
[GF] Failures :: 0

[GF] Slice :: 12 {Stopped by convergence} 
[GF] Accuracy :: 9.41952e-15 || Iterations :: 132
[GF] Failures :: 0

[GF] Slice :: 13 {Stopped by convergence} 
[GF] Accuracy :: 9.41348e-15 || Iterations :: 184
[GF] Failures :: 0

[GF] Slice :: 14 {Stopped by convergence} 
[GF] Accuracy :: 9.04162e-15 || Iterations :: 154
[GF] Failures :: 0

[GF] Slice :: 15 {Stopped by convergence} 
[GF] Accuracy :: 9.99693e-15 || Iterations :: 162
[GF] Failures :: 0

[GF] Slice :: 16 {Stopped by convergence} 
[GF] Accuracy :: 6.93387e-15 || Iterations :: 186
[GF] Failures :: 0

[GF] Slice :: 17 {Stopped by convergence} 
[GF] Accuracy :: 9.45575e-15 || Iterations :: 122
[GF] Failures :: 0

[GF] Slice :: 18 {Stopped by convergence} 
[GF] Accuracy :: 8.10033e-15 || Iterations :: 167
[GF] Failures :: 0

[GF] Slice :: 19 {Stopped by convergence} 
[GF] Accuracy :: 9.93539e-15 || Iterations :: 153
[GF] Failures :: 0

[GF] Slice :: 20 {Stopped by convergence} 
[GF] Accuracy :: 9.59886e-15 || Iterations :: 201
[GF] Failures :: 0

[GF] Slice :: 21 {Stopped by convergence} 
[GF] Accuracy :: 9.76088e-15 || Iterations :: 281
[GF] Failures :: 0

[GF] Slice :: 22 {Stopped by convergence} 
[GF] Accuracy :: 7.99342e-15 || Iterations :: 143
[GF] Failures :: 0

[GF] Slice :: 23 {Stopped by convergence} 
[GF] Accuracy :: 9.40222e-15 || Iterations :: 216
[GF] Failures :: 0

[GF] Tuning :: 0.090000 || Iterations :: 4299 ||
[GF] Final Tlink :: 0.001330777671362 || Slink :: 0.882348712123827 
[GF] Plaquette :: 0.593594920144371 

[TIMER] elapsed :: 6.307582e+00 s 
[IO] Writing 4D_SU3_GAUGE binary data

[TIMER] elapsed :: 3.829503e-02 s 
[IO] Page size is :: 62.713688, Total malloc [More] 0.306519  [Less] 0.187867 
[IO] Using the faster/memory expensive code 

[TIMER] elapsed :: 1.895740e-01 s 
[IO] Configuration written to ../conf/S24T24_cg/wilson_b6.cg.1e-14.23 
 
Time for config 23: 0 hours 0 minutes 7 seconds
 
Processing configuration 24
 
Start time for config 24: Wed May 20 09:40:52 AM EDT 2026
[IO] Attempting to read a NERSC file 
[PAR] CONDOR_MODE selected .... 
[IO] reading file ../conf/S24T24/wilson_b6.24
[IO] Configuration number :: 1 
[INIT] GLU is Compiled for SU(3)

[DIMENSIONS] ( 24 x 24 x 24 x 24 )

[INIT] using 16 thread(s) 
[INIT] allocating su(2) subgroup indices
[IO] Read gauge field[IO] file offset 601
[IO] LOOP_VAR = 18
[IO] Reading gauge field (../conf/S24T24/wilson_b6.24) took
[TIMER] elapsed :: 3.942394e-02 s 
[IO] Header     Trace :: 0.000404           || Plaq :: 0.593753 
[IO] Calculated Trace :: 0.000404177222409  || Plaq :: 0.593753007393956 

[GF] Using the Fourier accelerated non-linear conjugate gradient (FACG) routines
[GF] Coulomb gauge accuracy of 1e-14 
[GF] Tuning parameter alpha :: 0.090000 
[GF] Performing AT MOST 6000 iterations before randomly restarting ... 
[GF] Allowing for 7 restarts before complaint ... 
[GF] Approximate O(a) exponential expansion, and reunitarisation in Gauge Fixing.
[GF] Initial Tlink :: 0.000492075459424 || Slink :: 0.000374877810070 
[GF] Plaquette :: 0.593753007393956 
[PAR_RNG] MWC_4096
[PAR_RNG] Entropy read Seed 2822784713
[PAR_RNG] warmed up

[DB] initialised


[GF] Slice :: 0 {Stopped by convergence} 
[GF] Accuracy :: 9.54720e-15 || Iterations :: 196
[GF] Failures :: 0

[GF] Slice :: 1 {Stopped by convergence} 
[GF] Accuracy :: 9.69586e-15 || Iterations :: 180
[GF] Failures :: 0

[GF] Slice :: 2 {Stopped by convergence} 
[GF] Accuracy :: 8.49925e-15 || Iterations :: 187
[GF] Failures :: 0

[GF] Slice :: 3 {Stopped by convergence} 
[GF] Accuracy :: 7.54183e-15 || Iterations :: 132
[GF] Failures :: 0

[GF] Slice :: 4 {Stopped by convergence} 
[GF] Accuracy :: 8.94874e-15 || Iterations :: 156
[GF] Failures :: 0

[GF] Slice :: 5 {Stopped by convergence} 
[GF] Accuracy :: 9.41957e-15 || Iterations :: 217
[GF] Failures :: 0

[GF] Slice :: 6 {Stopped by convergence} 
[GF] Accuracy :: 7.96387e-15 || Iterations :: 273
[GF] Failures :: 0

[GF] Slice :: 7 {Stopped by convergence} 
[GF] Accuracy :: 8.60281e-15 || Iterations :: 210
[GF] Failures :: 0

[GF] Slice :: 8 {Stopped by convergence} 
[GF] Accuracy :: 8.68540e-15 || Iterations :: 196
[GF] Failures :: 0

[GF] Slice :: 9 {Stopped by convergence} 
[GF] Accuracy :: 8.57596e-15 || Iterations :: 207
[GF] Failures :: 0

[GF] Slice :: 10 {Stopped by convergence} 
[GF] Accuracy :: 9.33843e-15 || Iterations :: 186
[GF] Failures :: 0

[GF] Slice :: 11 {Stopped by convergence} 
[GF] Accuracy :: 8.45626e-15 || Iterations :: 199
[GF] Failures :: 0

[GF] Slice :: 12 {Stopped by convergence} 
[GF] Accuracy :: 8.77064e-15 || Iterations :: 139
[GF] Failures :: 0

[GF] Slice :: 13 {Stopped by convergence} 
[GF] Accuracy :: 7.13506e-15 || Iterations :: 132
[GF] Failures :: 0

[GF] Slice :: 14 {Stopped by convergence} 
[GF] Accuracy :: 9.82801e-15 || Iterations :: 168
[GF] Failures :: 0

[GF] Slice :: 15 {Stopped by convergence} 
[GF] Accuracy :: 9.26223e-15 || Iterations :: 295
[GF] Failures :: 0

[GF] Slice :: 16 {Stopped by convergence} 
[GF] Accuracy :: 9.85492e-15 || Iterations :: 161
[GF] Failures :: 0

[GF] Slice :: 17 {Stopped by convergence} 
[GF] Accuracy :: 9.27138e-15 || Iterations :: 178
[GF] Failures :: 0

[GF] Slice :: 18 {Stopped by convergence} 
[GF] Accuracy :: 8.61965e-15 || Iterations :: 154
[GF] Failures :: 0

[GF] Slice :: 19 {Stopped by convergence} 
[GF] Accuracy :: 8.10060e-15 || Iterations :: 162
[GF] Failures :: 0

[GF] Slice :: 20 {Stopped by convergence} 
[GF] Accuracy :: 8.72064e-15 || Iterations :: 184
[GF] Failures :: 0

[GF] Slice :: 21 {Stopped by convergence} 
[GF] Accuracy :: 9.20997e-15 || Iterations :: 158
[GF] Failures :: 0

[GF] Slice :: 22 {Stopped by convergence} 
[GF] Accuracy :: 9.38657e-15 || Iterations :: 186
[GF] Failures :: 0

[GF] Slice :: 23 {Stopped by convergence} 
[GF] Accuracy :: 6.91804e-15 || Iterations :: 187
[GF] Failures :: 0

[GF] Tuning :: 0.090000 || Iterations :: 4443 ||
[GF] Final Tlink :: 0.016306416767932 || Slink :: 0.882224334905214 
[GF] Plaquette :: 0.593753007393956 

[TIMER] elapsed :: 6.433443e+00 s 
[IO] Writing 4D_SU3_GAUGE binary data

[TIMER] elapsed :: 2.935600e-02 s 
[IO] Page size is :: 62.713688, Total malloc [More] 0.306519  [Less] 0.187867 
[IO] Using the faster/memory expensive code 

[TIMER] elapsed :: 1.819820e-01 s 
[IO] Configuration written to ../conf/S24T24_cg/wilson_b6.cg.1e-14.24 
 
Time for config 24: 0 hours 0 minutes 7 seconds
 
Processing configuration 25
 
Start time for config 25: Wed May 20 09:40:59 AM EDT 2026
[IO] Attempting to read a NERSC file 
[PAR] CONDOR_MODE selected .... 
[IO] reading file ../conf/S24T24/wilson_b6.25
[IO] Configuration number :: 1 
[INIT] GLU is Compiled for SU(3)

[DIMENSIONS] ( 24 x 24 x 24 x 24 )

[INIT] using 16 thread(s) 
[INIT] allocating su(2) subgroup indices
[IO] Read gauge field[IO] file offset 602
[IO] LOOP_VAR = 18
[IO] Reading gauge field (../conf/S24T24/wilson_b6.25) took
[TIMER] elapsed :: 3.856111e-02 s 
[IO] Header     Trace :: -0.000136           || Plaq :: 0.593469 
[IO] Calculated Trace :: -0.000135997395892  || Plaq :: 0.593468526852965 

[GF] Using the Fourier accelerated non-linear conjugate gradient (FACG) routines
[GF] Coulomb gauge accuracy of 1e-14 
[GF] Tuning parameter alpha :: 0.090000 
[GF] Performing AT MOST 6000 iterations before randomly restarting ... 
[GF] Allowing for 7 restarts before complaint ... 
[GF] Approximate O(a) exponential expansion, and reunitarisation in Gauge Fixing.
[GF] Initial Tlink :: -0.000230185338034 || Slink :: -0.000104601415178 
[GF] Plaquette :: 0.593468526852965 
[PAR_RNG] MWC_4096
[PAR_RNG] Entropy read Seed 2491192251
[PAR_RNG] warmed up

[DB] initialised


[GF] Slice :: 0 {Stopped by convergence} 
[GF] Accuracy :: 8.01339e-15 || Iterations :: 227
[GF] Failures :: 0

[GF] Slice :: 1 {Stopped by convergence} 
[GF] Accuracy :: 6.47503e-15 || Iterations :: 257
[GF] Failures :: 0

[GF] Slice :: 2 {Stopped by convergence} 
[GF] Accuracy :: 7.73860e-15 || Iterations :: 156
[GF] Failures :: 0

[GF] Slice :: 3 {Stopped by convergence} 
[GF] Accuracy :: 8.87194e-15 || Iterations :: 173
[GF] Failures :: 0

[GF] Slice :: 4 {Stopped by convergence} 
[GF] Accuracy :: 6.99243e-15 || Iterations :: 120
[GF] Failures :: 0

[GF] Slice :: 5 {Stopped by convergence} 
[GF] Accuracy :: 9.83206e-15 || Iterations :: 209
[GF] Failures :: 0

[GF] Slice :: 6 {Stopped by convergence} 
[GF] Accuracy :: 9.22683e-15 || Iterations :: 146
[GF] Failures :: 0

[GF] Slice :: 7 {Stopped by convergence} 
[GF] Accuracy :: 8.74262e-15 || Iterations :: 177
[GF] Failures :: 0

[GF] Slice :: 8 {Stopped by convergence} 
[GF] Accuracy :: 6.94880e-15 || Iterations :: 209
[GF] Failures :: 0

[GF] Slice :: 9 {Stopped by convergence} 
[GF] Accuracy :: 9.44781e-15 || Iterations :: 175
[GF] Failures :: 0

[GF] Slice :: 10 {Stopped by convergence} 
[GF] Accuracy :: 8.02286e-15 || Iterations :: 140
[GF] Failures :: 0

[GF] Slice :: 11 {Stopped by convergence} 
[GF] Accuracy :: 8.73406e-15 || Iterations :: 163
[GF] Failures :: 0

[GF] Slice :: 12 {Stopped by convergence} 
[GF] Accuracy :: 8.91355e-15 || Iterations :: 224
[GF] Failures :: 0

[GF] Slice :: 13 {Stopped by convergence} 
[GF] Accuracy :: 9.52055e-15 || Iterations :: 136
[GF] Failures :: 0

[GF] Slice :: 14 {Stopped by convergence} 
[GF] Accuracy :: 8.82362e-15 || Iterations :: 194
[GF] Failures :: 0

[GF] Slice :: 15 {Stopped by convergence} 
[GF] Accuracy :: 9.41950e-15 || Iterations :: 269
[GF] Failures :: 0

[GF] Slice :: 16 {Stopped by convergence} 
[GF] Accuracy :: 9.89045e-15 || Iterations :: 233
[GF] Failures :: 0

[GF] Slice :: 17 {Stopped by convergence} 
[GF] Accuracy :: 7.79563e-15 || Iterations :: 167
[GF] Failures :: 0

[GF] Slice :: 18 {Stopped by convergence} 
[GF] Accuracy :: 9.57162e-15 || Iterations :: 150
[GF] Failures :: 0

[GF] Slice :: 19 {Stopped by convergence} 
[GF] Accuracy :: 9.61195e-15 || Iterations :: 163
[GF] Failures :: 0

[GF] Slice :: 20 {Stopped by convergence} 
[GF] Accuracy :: 9.56766e-15 || Iterations :: 333
[GF] Failures :: 0

[GF] Slice :: 21 {Stopped by convergence} 
[GF] Accuracy :: 9.73505e-15 || Iterations :: 314
[GF] Failures :: 0

[GF] Slice :: 22 {Stopped by convergence} 
[GF] Accuracy :: 9.75824e-15 || Iterations :: 136
[GF] Failures :: 0

[GF] Slice :: 23 {Stopped by convergence} 
[GF] Accuracy :: 7.81933e-15 || Iterations :: 200
[GF] Failures :: 0

[GF] Tuning :: 0.090000 || Iterations :: 4671 ||
[GF] Final Tlink :: -0.003579155221200 || Slink :: 0.882362613281356 
[GF] Plaquette :: 0.593468526852965 

[TIMER] elapsed :: 6.799695e+00 s 
[IO] Writing 4D_SU3_GAUGE binary data

[TIMER] elapsed :: 2.968693e-02 s 
[IO] Page size is :: 62.713688, Total malloc [More] 0.306519  [Less] 0.187867 
[IO] Using the faster/memory expensive code 

[TIMER] elapsed :: 1.834030e-01 s 
[IO] Configuration written to ../conf/S24T24_cg/wilson_b6.cg.1e-14.25 
 
Time for config 25: 0 hours 0 minutes 7 seconds
 
Processing configuration 26
 
Start time for config 26: Wed May 20 09:41:06 AM EDT 2026
[IO] Attempting to read a NERSC file 
[PAR] CONDOR_MODE selected .... 
[IO] reading file ../conf/S24T24/wilson_b6.26
[IO] Configuration number :: 1 
[INIT] GLU is Compiled for SU(3)

[DIMENSIONS] ( 24 x 24 x 24 x 24 )

[INIT] using 16 thread(s) 
[INIT] allocating su(2) subgroup indices
[IO] Read gauge field[IO] file offset 601
[IO] LOOP_VAR = 18
[IO] Reading gauge field (../conf/S24T24/wilson_b6.26) took
[TIMER] elapsed :: 3.802991e-02 s 
[IO] Header     Trace :: 0.000062           || Plaq :: 0.593523 
[IO] Calculated Trace :: 0.000061798320109  || Plaq :: 0.593523297505124 

[GF] Using the Fourier accelerated non-linear conjugate gradient (FACG) routines
[GF] Coulomb gauge accuracy of 1e-14 
[GF] Tuning parameter alpha :: 0.090000 
[GF] Performing AT MOST 6000 iterations before randomly restarting ... 
[GF] Allowing for 7 restarts before complaint ... 
[GF] Approximate O(a) exponential expansion, and reunitarisation in Gauge Fixing.
[GF] Initial Tlink :: -0.000144157111362 || Slink :: 0.000130450130599 
[GF] Plaquette :: 0.593523297505124 
[PAR_RNG] MWC_4096
[PAR_RNG] Entropy read Seed 3776389655
[PAR_RNG] warmed up

[DB] initialised


[GF] Slice :: 0 {Stopped by convergence} 
[GF] Accuracy :: 8.33734e-15 || Iterations :: 135
[GF] Failures :: 0

[GF] Slice :: 1 {Stopped by convergence} 
[GF] Accuracy :: 7.76157e-15 || Iterations :: 162
[GF] Failures :: 0

[GF] Slice :: 2 {Stopped by convergence} 
[GF] Accuracy :: 9.67417e-15 || Iterations :: 174
[GF] Failures :: 0

[GF] Slice :: 3 {Stopped by convergence} 
[GF] Accuracy :: 9.84966e-15 || Iterations :: 133
[GF] Failures :: 0

[GF] Slice :: 4 {Stopped by convergence} 
[GF] Accuracy :: 8.25303e-15 || Iterations :: 155
[GF] Failures :: 0

[GF] Slice :: 5 {Stopped by convergence} 
[GF] Accuracy :: 9.06153e-15 || Iterations :: 194
[GF] Failures :: 0

[GF] Slice :: 6 {Stopped by convergence} 
[GF] Accuracy :: 8.81169e-15 || Iterations :: 180
[GF] Failures :: 0

[GF] Slice :: 7 {Stopped by convergence} 
[GF] Accuracy :: 9.46581e-15 || Iterations :: 202
[GF] Failures :: 0

[GF] Slice :: 8 {Stopped by convergence} 
[GF] Accuracy :: 9.88427e-15 || Iterations :: 133
[GF] Failures :: 0

[GF] Slice :: 9 {Stopped by convergence} 
[GF] Accuracy :: 9.11051e-15 || Iterations :: 190
[GF] Failures :: 0

[GF] Slice :: 10 {Stopped by convergence} 
[GF] Accuracy :: 8.59129e-15 || Iterations :: 116
[GF] Failures :: 0

[GF] Slice :: 11 {Stopped by convergence} 
[GF] Accuracy :: 9.86217e-15 || Iterations :: 119
[GF] Failures :: 0

[GF] Slice :: 12 {Stopped by convergence} 
[GF] Accuracy :: 9.31774e-15 || Iterations :: 250
[GF] Failures :: 0

[GF] Slice :: 13 {Stopped by convergence} 
[GF] Accuracy :: 8.89425e-15 || Iterations :: 135
[GF] Failures :: 0

[GF] Slice :: 14 {Stopped by convergence} 
[GF] Accuracy :: 9.72713e-15 || Iterations :: 243
[GF] Failures :: 0

[GF] Slice :: 15 {Stopped by convergence} 
[GF] Accuracy :: 9.49114e-15 || Iterations :: 216
[GF] Failures :: 0

[GF] Slice :: 16 {Stopped by convergence} 
[GF] Accuracy :: 9.02470e-15 || Iterations :: 161
[GF] Failures :: 0

[GF] Slice :: 17 {Stopped by convergence} 
[GF] Accuracy :: 7.16003e-15 || Iterations :: 136
[GF] Failures :: 0

[GF] Slice :: 18 {Stopped by convergence} 
[GF] Accuracy :: 9.32250e-15 || Iterations :: 195
[GF] Failures :: 0

[GF] Slice :: 19 {Stopped by convergence} 
[GF] Accuracy :: 6.58747e-15 || Iterations :: 145
[GF] Failures :: 0

[GF] Slice :: 20 {Stopped by convergence} 
[GF] Accuracy :: 9.18743e-15 || Iterations :: 207
[GF] Failures :: 0

[GF] Slice :: 21 {Stopped by convergence} 
[GF] Accuracy :: 8.98117e-15 || Iterations :: 207
[GF] Failures :: 0

[GF] Slice :: 22 {Stopped by convergence} 
[GF] Accuracy :: 9.24982e-15 || Iterations :: 155
[GF] Failures :: 0

[GF] Slice :: 23 {Stopped by convergence} 
[GF] Accuracy :: 8.20372e-15 || Iterations :: 174
[GF] Failures :: 0

[GF] Tuning :: 0.090000 || Iterations :: 4117 ||
[GF] Final Tlink :: 0.010839200679131 || Slink :: 0.882383598488006 
[GF] Plaquette :: 0.593523297505124 

[TIMER] elapsed :: 5.945924e+00 s 
[IO] Writing 4D_SU3_GAUGE binary data

[TIMER] elapsed :: 2.860308e-02 s 
[IO] Page size is :: 62.713688, Total malloc [More] 0.306519  [Less] 0.187867 
[IO] Using the faster/memory expensive code 

[TIMER] elapsed :: 1.831870e-01 s 
[IO] Configuration written to ../conf/S24T24_cg/wilson_b6.cg.1e-14.26 
 
Time for config 26: 0 hours 0 minutes 6 seconds
 
Processing configuration 27
 
Start time for config 27: Wed May 20 09:41:12 AM EDT 2026
[IO] Attempting to read a NERSC file 
[PAR] CONDOR_MODE selected .... 
[IO] reading file ../conf/S24T24/wilson_b6.27
[IO] Configuration number :: 1 
[INIT] GLU is Compiled for SU(3)

[DIMENSIONS] ( 24 x 24 x 24 x 24 )

[INIT] using 16 thread(s) 
[INIT] allocating su(2) subgroup indices
[IO] Read gauge field[IO] file offset 602
[IO] LOOP_VAR = 18
[IO] Reading gauge field (../conf/S24T24/wilson_b6.27) took
[TIMER] elapsed :: 4.008985e-02 s 
[IO] Header     Trace :: -0.000088           || Plaq :: 0.593603 
[IO] Calculated Trace :: -0.000088211759478  || Plaq :: 0.593602510768527 

[GF] Using the Fourier accelerated non-linear conjugate gradient (FACG) routines
[GF] Coulomb gauge accuracy of 1e-14 
[GF] Tuning parameter alpha :: 0.090000 
[GF] Performing AT MOST 6000 iterations before randomly restarting ... 
[GF] Allowing for 7 restarts before complaint ... 
[GF] Approximate O(a) exponential expansion, and reunitarisation in Gauge Fixing.
[GF] Initial Tlink :: 0.000302490831377 || Slink :: -0.000218445956430 
[GF] Plaquette :: 0.593602510768527 
[PAR_RNG] MWC_4096
[PAR_RNG] Entropy read Seed 1657597198
[PAR_RNG] warmed up

[DB] initialised


[GF] Slice :: 0 {Stopped by convergence} 
[GF] Accuracy :: 9.21739e-15 || Iterations :: 221
[GF] Failures :: 0

[GF] Slice :: 1 {Stopped by convergence} 
[GF] Accuracy :: 6.16356e-15 || Iterations :: 129
[GF] Failures :: 0

[GF] Slice :: 2 {Stopped by convergence} 
[GF] Accuracy :: 8.53032e-15 || Iterations :: 130
[GF] Failures :: 0

[GF] Slice :: 3 {Stopped by convergence} 
[GF] Accuracy :: 7.55861e-15 || Iterations :: 127
[GF] Failures :: 0

[GF] Slice :: 4 {Stopped by convergence} 
[GF] Accuracy :: 9.91234e-15 || Iterations :: 227
[GF] Failures :: 0

[GF] Slice :: 5 {Stopped by convergence} 
[GF] Accuracy :: 8.85676e-15 || Iterations :: 150
[GF] Failures :: 0

[GF] Slice :: 6 {Stopped by convergence} 
[GF] Accuracy :: 9.68933e-15 || Iterations :: 316
[GF] Failures :: 0

[GF] Slice :: 7 {Stopped by convergence} 
[GF] Accuracy :: 9.34414e-15 || Iterations :: 120
[GF] Failures :: 0

[GF] Slice :: 8 {Stopped by convergence} 
[GF] Accuracy :: 8.53679e-15 || Iterations :: 123
[GF] Failures :: 0

[GF] Slice :: 9 {Stopped by convergence} 
[GF] Accuracy :: 8.76955e-15 || Iterations :: 196
[GF] Failures :: 0

[GF] Slice :: 10 {Stopped by convergence} 
[GF] Accuracy :: 8.44964e-15 || Iterations :: 145
[GF] Failures :: 0

[GF] Slice :: 11 {Stopped by convergence} 
[GF] Accuracy :: 6.28256e-15 || Iterations :: 414
[GF] Failures :: 0

[GF] Slice :: 12 {Stopped by convergence} 
[GF] Accuracy :: 9.63714e-15 || Iterations :: 151
[GF] Failures :: 0

[GF] Slice :: 13 {Stopped by convergence} 
[GF] Accuracy :: 8.00993e-15 || Iterations :: 113
[GF] Failures :: 0

[GF] Slice :: 14 {Stopped by convergence} 
[GF] Accuracy :: 9.09187e-15 || Iterations :: 179
[GF] Failures :: 0

[GF] Slice :: 15 {Stopped by convergence} 
[GF] Accuracy :: 9.30072e-15 || Iterations :: 226
[GF] Failures :: 0

[GF] Slice :: 16 {Stopped by convergence} 
[GF] Accuracy :: 9.22606e-15 || Iterations :: 249
[GF] Failures :: 0

[GF] Slice :: 17 {Stopped by convergence} 
[GF] Accuracy :: 6.86308e-15 || Iterations :: 231
[GF] Failures :: 0

[GF] Slice :: 18 {Stopped by convergence} 
[GF] Accuracy :: 7.38076e-15 || Iterations :: 171
[GF] Failures :: 0

[GF] Slice :: 19 {Stopped by convergence} 
[GF] Accuracy :: 7.64977e-15 || Iterations :: 199
[GF] Failures :: 0

[GF] Slice :: 20 {Stopped by convergence} 
[GF] Accuracy :: 7.94316e-15 || Iterations :: 141
[GF] Failures :: 0

[GF] Slice :: 21 {Stopped by convergence} 
[GF] Accuracy :: 8.41887e-15 || Iterations :: 260
[GF] Failures :: 0

[GF] Slice :: 22 {Stopped by convergence} 
[GF] Accuracy :: 9.99253e-15 || Iterations :: 367
[GF] Failures :: 0

[GF] Slice :: 23 {Stopped by convergence} 
[GF] Accuracy :: 7.62593e-15 || Iterations :: 134
[GF] Failures :: 0

[GF] Tuning :: 0.090000 || Iterations :: 4719 ||
[GF] Final Tlink :: -0.016443869764001 || Slink :: 0.882362412141214 
[GF] Plaquette :: 0.593602510768527 

[TIMER] elapsed :: 6.871312e+00 s 
[IO] Writing 4D_SU3_GAUGE binary data

[TIMER] elapsed :: 2.942920e-02 s 
[IO] Page size is :: 62.713688, Total malloc [More] 0.306519  [Less] 0.187867 
[IO] Using the faster/memory expensive code 

[TIMER] elapsed :: 1.864388e-01 s 
[IO] Configuration written to ../conf/S24T24_cg/wilson_b6.cg.1e-14.27 
 
Time for config 27: 0 hours 0 minutes 8 seconds
 
Processing configuration 28
 
Start time for config 28: Wed May 20 09:41:20 AM EDT 2026
[IO] Attempting to read a NERSC file 
[PAR] CONDOR_MODE selected .... 
[IO] reading file ../conf/S24T24/wilson_b6.28
[IO] Configuration number :: 1 
[INIT] GLU is Compiled for SU(3)

[DIMENSIONS] ( 24 x 24 x 24 x 24 )

[INIT] using 16 thread(s) 
[INIT] allocating su(2) subgroup indices
[IO] Read gauge field[IO] file offset 601
[IO] LOOP_VAR = 18
[IO] Reading gauge field (../conf/S24T24/wilson_b6.28) took
[TIMER] elapsed :: 4.164505e-02 s 
[IO] Header     Trace :: 0.000311           || Plaq :: 0.593543 
[IO] Calculated Trace :: 0.000310878092900  || Plaq :: 0.593543185563071 

[GF] Using the Fourier accelerated non-linear conjugate gradient (FACG) routines
[GF] Coulomb gauge accuracy of 1e-14 
[GF] Tuning parameter alpha :: 0.090000 
[GF] Performing AT MOST 6000 iterations before randomly restarting ... 
[GF] Allowing for 7 restarts before complaint ... 
[GF] Approximate O(a) exponential expansion, and reunitarisation in Gauge Fixing.
[GF] Initial Tlink :: -0.000062942128373 || Slink :: 0.000435484833325 
[GF] Plaquette :: 0.593543185563071 
[PAR_RNG] MWC_4096
[PAR_RNG] Entropy read Seed 2758478286
[PAR_RNG] warmed up

[DB] initialised


[GF] Slice :: 0 {Stopped by convergence} 
[GF] Accuracy :: 6.62810e-15 || Iterations :: 153
[GF] Failures :: 0

[GF] Slice :: 1 {Stopped by convergence} 
[GF] Accuracy :: 8.63303e-15 || Iterations :: 150
[GF] Failures :: 0

[GF] Slice :: 2 {Stopped by convergence} 
[GF] Accuracy :: 8.58974e-15 || Iterations :: 130
[GF] Failures :: 0

[GF] Slice :: 3 {Stopped by convergence} 
[GF] Accuracy :: 8.38772e-15 || Iterations :: 208
[GF] Failures :: 0

[GF] Slice :: 4 {Stopped by convergence} 
[GF] Accuracy :: 7.53451e-15 || Iterations :: 151
[GF] Failures :: 0

[GF] Slice :: 5 {Stopped by convergence} 
[GF] Accuracy :: 8.54971e-15 || Iterations :: 291
[GF] Failures :: 0

[GF] Slice :: 6 {Stopped by convergence} 
[GF] Accuracy :: 8.90743e-15 || Iterations :: 248
[GF] Failures :: 0

[GF] Slice :: 7 {Stopped by convergence} 
[GF] Accuracy :: 7.36419e-15 || Iterations :: 165
[GF] Failures :: 0

[GF] Slice :: 8 {Stopped by convergence} 
[GF] Accuracy :: 6.88707e-15 || Iterations :: 203
[GF] Failures :: 0

[GF] Slice :: 9 {Stopped by convergence} 
[GF] Accuracy :: 6.81283e-15 || Iterations :: 188
[GF] Failures :: 0

[GF] Slice :: 10 {Stopped by convergence} 
[GF] Accuracy :: 9.45432e-15 || Iterations :: 219
[GF] Failures :: 0

[GF] Slice :: 11 {Stopped by convergence} 
[GF] Accuracy :: 9.48067e-15 || Iterations :: 168
[GF] Failures :: 0

[GF] Slice :: 12 {Stopped by convergence} 
[GF] Accuracy :: 7.18374e-15 || Iterations :: 132
[GF] Failures :: 0

[GF] Slice :: 13 {Stopped by convergence} 
[GF] Accuracy :: 8.06674e-15 || Iterations :: 234
[GF] Failures :: 0

[GF] Slice :: 14 {Stopped by convergence} 
[GF] Accuracy :: 9.45996e-15 || Iterations :: 194
[GF] Failures :: 0

[GF] Slice :: 15 {Stopped by convergence} 
[GF] Accuracy :: 9.36084e-15 || Iterations :: 235
[GF] Failures :: 0

[GF] Slice :: 16 {Stopped by convergence} 
[GF] Accuracy :: 9.30027e-15 || Iterations :: 205
[GF] Failures :: 0

[GF] Slice :: 17 {Stopped by convergence} 
[GF] Accuracy :: 7.89477e-15 || Iterations :: 147
[GF] Failures :: 0

[GF] Slice :: 18 {Stopped by convergence} 
[GF] Accuracy :: 8.70119e-15 || Iterations :: 199
[GF] Failures :: 0

[GF] Slice :: 19 {Stopped by convergence} 
[GF] Accuracy :: 7.46115e-15 || Iterations :: 154
[GF] Failures :: 0

[GF] Slice :: 20 {Stopped by convergence} 
[GF] Accuracy :: 7.51439e-15 || Iterations :: 169
[GF] Failures :: 0

[GF] Slice :: 21 {Stopped by convergence} 
[GF] Accuracy :: 9.70414e-15 || Iterations :: 156
[GF] Failures :: 0

[GF] Slice :: 22 {Stopped by convergence} 
[GF] Accuracy :: 8.16686e-15 || Iterations :: 193
[GF] Failures :: 0

[GF] Slice :: 23 {Stopped by convergence} 
[GF] Accuracy :: 8.65540e-15 || Iterations :: 157
[GF] Failures :: 0

[GF] Tuning :: 0.090000 || Iterations :: 4449 ||
[GF] Final Tlink :: 0.022117393312216 || Slink :: 0.882345174490451 
[GF] Plaquette :: 0.593543185563071 

[TIMER] elapsed :: 6.227459e+00 s 
[IO] Writing 4D_SU3_GAUGE binary data

[TIMER] elapsed :: 2.899384e-02 s 
[IO] Page size is :: 62.713688, Total malloc [More] 0.306519  [Less] 0.187867 
[IO] Using the faster/memory expensive code 

[TIMER] elapsed :: 1.828690e-01 s 
[IO] Configuration written to ../conf/S24T24_cg/wilson_b6.cg.1e-14.28 
 
Time for config 28: 0 hours 0 minutes 6 seconds
 
Processing configuration 29
 
Start time for config 29: Wed May 20 09:41:26 AM EDT 2026
[IO] Attempting to read a NERSC file 
[PAR] CONDOR_MODE selected .... 
[IO] reading file ../conf/S24T24/wilson_b6.29
[IO] Configuration number :: 1 
[INIT] GLU is Compiled for SU(3)

[DIMENSIONS] ( 24 x 24 x 24 x 24 )

[INIT] using 16 thread(s) 
[INIT] allocating su(2) subgroup indices
[IO] Read gauge field[IO] file offset 602
[IO] LOOP_VAR = 18
[IO] Reading gauge field (../conf/S24T24/wilson_b6.29) took
[TIMER] elapsed :: 3.826308e-02 s 
[IO] Header     Trace :: -0.000202           || Plaq :: 0.593731 
[IO] Calculated Trace :: -0.000201555923100  || Plaq :: 0.593731170079769 

[GF] Using the Fourier accelerated non-linear conjugate gradient (FACG) routines
[GF] Coulomb gauge accuracy of 1e-14 
[GF] Tuning parameter alpha :: 0.090000 
[GF] Performing AT MOST 6000 iterations before randomly restarting ... 
[GF] Allowing for 7 restarts before complaint ... 
[GF] Approximate O(a) exponential expansion, and reunitarisation in Gauge Fixing.
[GF] Initial Tlink :: 0.000111412030515 || Slink :: -0.000305878574306 
[GF] Plaquette :: 0.593731170079769 
[PAR_RNG] MWC_4096
[PAR_RNG] Entropy read Seed 4059947924
[PAR_RNG] warmed up

[DB] initialised


[GF] Slice :: 0 {Stopped by convergence} 
[GF] Accuracy :: 8.17684e-15 || Iterations :: 206
[GF] Failures :: 0

[GF] Slice :: 1 {Stopped by convergence} 
[GF] Accuracy :: 8.46596e-15 || Iterations :: 140
[GF] Failures :: 0

[GF] Slice :: 2 {Stopped by convergence} 
[GF] Accuracy :: 7.87276e-15 || Iterations :: 167
[GF] Failures :: 0

[GF] Slice :: 3 {Stopped by convergence} 
[GF] Accuracy :: 9.40984e-15 || Iterations :: 116
[GF] Failures :: 0

[GF] Slice :: 4 {Stopped by convergence} 
[GF] Accuracy :: 8.47738e-15 || Iterations :: 172
[GF] Failures :: 0

[GF] Slice :: 5 {Stopped by convergence} 
[GF] Accuracy :: 6.83744e-15 || Iterations :: 173
[GF] Failures :: 0

[GF] Slice :: 6 {Stopped by convergence} 
[GF] Accuracy :: 9.89242e-15 || Iterations :: 271
[GF] Failures :: 0

[GF] Slice :: 7 {Stopped by convergence} 
[GF] Accuracy :: 7.91434e-15 || Iterations :: 229
[GF] Failures :: 0

[GF] Slice :: 8 {Stopped by convergence} 
[GF] Accuracy :: 6.27818e-15 || Iterations :: 192
[GF] Failures :: 0

[GF] Slice :: 9 {Stopped by convergence} 
[GF] Accuracy :: 8.20577e-15 || Iterations :: 199
[GF] Failures :: 0

[GF] Slice :: 10 {Stopped by convergence} 
[GF] Accuracy :: 9.15949e-15 || Iterations :: 312
[GF] Failures :: 0

[GF] Slice :: 11 {Stopped by convergence} 
[GF] Accuracy :: 6.32520e-15 || Iterations :: 145
[GF] Failures :: 0

[GF] Slice :: 12 {Stopped by convergence} 
[GF] Accuracy :: 7.19277e-15 || Iterations :: 195
[GF] Failures :: 0

[GF] Slice :: 13 {Stopped by convergence} 
[GF] Accuracy :: 7.98294e-15 || Iterations :: 139
[GF] Failures :: 0

[GF] Slice :: 14 {Stopped by convergence} 
[GF] Accuracy :: 9.33214e-15 || Iterations :: 134
[GF] Failures :: 0

[GF] Slice :: 15 {Stopped by convergence} 
[GF] Accuracy :: 7.74688e-15 || Iterations :: 156
[GF] Failures :: 0

[GF] Slice :: 16 {Stopped by convergence} 
[GF] Accuracy :: 8.96576e-15 || Iterations :: 216
[GF] Failures :: 0

[GF] Slice :: 17 {Stopped by convergence} 
[GF] Accuracy :: 9.52896e-15 || Iterations :: 336
[GF] Failures :: 0

[GF] Slice :: 18 {Stopped by convergence} 
[GF] Accuracy :: 8.76285e-15 || Iterations :: 214
[GF] Failures :: 0

[GF] Slice :: 19 {Stopped by convergence} 
[GF] Accuracy :: 9.12795e-15 || Iterations :: 129
[GF] Failures :: 0

[GF] Slice :: 20 {Stopped by convergence} 
[GF] Accuracy :: 8.97203e-15 || Iterations :: 163
[GF] Failures :: 0

[GF] Slice :: 21 {Stopped by convergence} 
[GF] Accuracy :: 9.76624e-15 || Iterations :: 160
[GF] Failures :: 0

[GF] Slice :: 22 {Stopped by convergence} 
[GF] Accuracy :: 8.89088e-15 || Iterations :: 235
[GF] Failures :: 0

[GF] Slice :: 23 {Stopped by convergence} 
[GF] Accuracy :: 9.29268e-15 || Iterations :: 166
[GF] Failures :: 0

[GF] Tuning :: 0.090000 || Iterations :: 4565 ||
[GF] Final Tlink :: -0.000627800888060 || Slink :: 0.882597621970526 
[GF] Plaquette :: 0.593731170079769 

[TIMER] elapsed :: 6.327957e+00 s 
[IO] Writing 4D_SU3_GAUGE binary data

[TIMER] elapsed :: 4.361486e-02 s 
[IO] Page size is :: 62.713688, Total malloc [More] 0.306519  [Less] 0.187867 
[IO] Using the faster/memory expensive code 

[TIMER] elapsed :: 1.826530e-01 s 
[IO] Configuration written to ../conf/S24T24_cg/wilson_b6.cg.1e-14.29 
 
Time for config 29: 0 hours 0 minutes 7 seconds
 
Processing configuration 30
 
Start time for config 30: Wed May 20 09:41:33 AM EDT 2026
[IO] Attempting to read a NERSC file 
[PAR] CONDOR_MODE selected .... 
[IO] reading file ../conf/S24T24/wilson_b6.30
[IO] Configuration number :: 1 
[INIT] GLU is Compiled for SU(3)

[DIMENSIONS] ( 24 x 24 x 24 x 24 )

[INIT] using 16 thread(s) 
[INIT] allocating su(2) subgroup indices
[IO] Read gauge field[IO] file offset 602
[IO] LOOP_VAR = 18
[IO] Reading gauge field (../conf/S24T24/wilson_b6.30) took
[TIMER] elapsed :: 3.893399e-02 s 
[IO] Header     Trace :: -0.000193           || Plaq :: 0.593495 
[IO] Calculated Trace :: -0.000193252469846  || Plaq :: 0.593494832532873 

[GF] Using the Fourier accelerated non-linear conjugate gradient (FACG) routines
[GF] Coulomb gauge accuracy of 1e-14 
[GF] Tuning parameter alpha :: 0.090000 
[GF] Performing AT MOST 6000 iterations before randomly restarting ... 
[GF] Allowing for 7 restarts before complaint ... 
[GF] Approximate O(a) exponential expansion, and reunitarisation in Gauge Fixing.
[GF] Initial Tlink :: -0.000229058685561 || Slink :: -0.000181317064608 
[GF] Plaquette :: 0.593494832532873 
[PAR_RNG] MWC_4096
[PAR_RNG] Entropy read Seed 3179136366
[PAR_RNG] warmed up

[DB] initialised


[GF] Slice :: 0 {Stopped by convergence} 
[GF] Accuracy :: 7.77680e-15 || Iterations :: 262
[GF] Failures :: 0

[GF] Slice :: 1 {Stopped by convergence} 
[GF] Accuracy :: 7.89283e-15 || Iterations :: 161
[GF] Failures :: 0

[GF] Slice :: 2 {Stopped by convergence} 
[GF] Accuracy :: 7.68801e-15 || Iterations :: 140
[GF] Failures :: 0

[GF] Slice :: 3 {Stopped by convergence} 
[GF] Accuracy :: 8.90185e-15 || Iterations :: 161
[GF] Failures :: 0

[GF] Slice :: 4 {Stopped by convergence} 
[GF] Accuracy :: 8.18949e-15 || Iterations :: 125
[GF] Failures :: 0

[GF] Slice :: 5 {Stopped by convergence} 
[GF] Accuracy :: 8.78253e-15 || Iterations :: 164
[GF] Failures :: 0

[GF] Slice :: 6 {Stopped by convergence} 
[GF] Accuracy :: 9.39489e-15 || Iterations :: 165
[GF] Failures :: 0

[GF] Slice :: 7 {Stopped by convergence} 
[GF] Accuracy :: 6.45651e-15 || Iterations :: 126
[GF] Failures :: 0

[GF] Slice :: 8 {Stopped by convergence} 
[GF] Accuracy :: 9.46126e-15 || Iterations :: 221
[GF] Failures :: 0

[GF] Slice :: 9 {Stopped by convergence} 
[GF] Accuracy :: 6.28897e-15 || Iterations :: 278
[GF] Failures :: 0

[GF] Slice :: 10 {Stopped by convergence} 
[GF] Accuracy :: 6.45211e-15 || Iterations :: 113
[GF] Failures :: 0

[GF] Slice :: 11 {Stopped by convergence} 
[GF] Accuracy :: 8.77625e-15 || Iterations :: 139
[GF] Failures :: 0

[GF] Slice :: 12 {Stopped by convergence} 
[GF] Accuracy :: 9.48250e-15 || Iterations :: 161
[GF] Failures :: 0

[GF] Slice :: 13 {Stopped by convergence} 
[GF] Accuracy :: 9.97954e-15 || Iterations :: 231
[GF] Failures :: 0

[GF] Slice :: 14 {Stopped by convergence} 
[GF] Accuracy :: 9.45603e-15 || Iterations :: 255
[GF] Failures :: 0

[GF] Slice :: 15 {Stopped by convergence} 
[GF] Accuracy :: 8.03498e-15 || Iterations :: 133
[GF] Failures :: 0

[GF] Slice :: 16 {Stopped by convergence} 
[GF] Accuracy :: 8.52030e-15 || Iterations :: 243
[GF] Failures :: 0

[GF] Slice :: 17 {Stopped by convergence} 
[GF] Accuracy :: 7.77996e-15 || Iterations :: 177
[GF] Failures :: 0

[GF] Slice :: 18 {Stopped by convergence} 
[GF] Accuracy :: 8.24714e-15 || Iterations :: 314
[GF] Failures :: 0

[GF] Slice :: 19 {Stopped by convergence} 
[GF] Accuracy :: 9.82844e-15 || Iterations :: 212
[GF] Failures :: 0

[GF] Slice :: 20 {Stopped by convergence} 
[GF] Accuracy :: 8.24435e-15 || Iterations :: 110
[GF] Failures :: 0

[GF] Slice :: 21 {Stopped by convergence} 
[GF] Accuracy :: 9.62974e-15 || Iterations :: 164
[GF] Failures :: 0

[GF] Slice :: 22 {Stopped by convergence} 
[GF] Accuracy :: 8.88186e-15 || Iterations :: 168
[GF] Failures :: 0

[GF] Slice :: 23 {Stopped by convergence} 
[GF] Accuracy :: 8.59401e-15 || Iterations :: 219
[GF] Failures :: 0

[GF] Tuning :: 0.090000 || Iterations :: 4442 ||
[GF] Final Tlink :: -0.023624241509533 || Slink :: 0.882345849411518 
[GF] Plaquette :: 0.593494832532873 

[TIMER] elapsed :: 6.226094e+00 s 
[IO] Writing 4D_SU3_GAUGE binary data

[TIMER] elapsed :: 2.953792e-02 s 
[IO] Page size is :: 62.713688, Total malloc [More] 0.306519  [Less] 0.187867 
[IO] Using the faster/memory expensive code 

[TIMER] elapsed :: 1.845710e-01 s 
[IO] Configuration written to ../conf/S24T24_cg/wilson_b6.cg.1e-14.30 
 
Time for config 30: 0 hours 0 minutes 7 seconds
 
Processing configuration 31
 
Start time for config 31: Wed May 20 09:41:40 AM EDT 2026
[IO] Attempting to read a NERSC file 
[PAR] CONDOR_MODE selected .... 
[IO] reading file ../conf/S24T24/wilson_b6.31
[IO] Configuration number :: 1 
[INIT] GLU is Compiled for SU(3)

[DIMENSIONS] ( 24 x 24 x 24 x 24 )

[INIT] using 16 thread(s) 
[INIT] allocating su(2) subgroup indices
[IO] Read gauge field[IO] file offset 602
[IO] LOOP_VAR = 18
[IO] Reading gauge field (../conf/S24T24/wilson_b6.31) took
[TIMER] elapsed :: 4.053807e-02 s 
[IO] Header     Trace :: -0.000216           || Plaq :: 0.593503 
[IO] Calculated Trace :: -0.000216479391549  || Plaq :: 0.593503058065449 

[GF] Using the Fourier accelerated non-linear conjugate gradient (FACG) routines
[GF] Coulomb gauge accuracy of 1e-14 
[GF] Tuning parameter alpha :: 0.090000 
[GF] Performing AT MOST 6000 iterations before randomly restarting ... 
[GF] Allowing for 7 restarts before complaint ... 
[GF] Approximate O(a) exponential expansion, and reunitarisation in Gauge Fixing.
[GF] Initial Tlink :: -0.000431817860891 || Slink :: -0.000144699901768 
[GF] Plaquette :: 0.593503058065449 
[PAR_RNG] MWC_4096
[PAR_RNG] Entropy read Seed 3593571805
[PAR_RNG] warmed up

[DB] initialised


[GF] Slice :: 0 {Stopped by convergence} 
[GF] Accuracy :: 7.71111e-15 || Iterations :: 171
[GF] Failures :: 0

[GF] Slice :: 1 {Stopped by convergence} 
[GF] Accuracy :: 7.73312e-15 || Iterations :: 150
[GF] Failures :: 0

[GF] Slice :: 2 {Stopped by convergence} 
[GF] Accuracy :: 8.01004e-15 || Iterations :: 174
[GF] Failures :: 0

[GF] Slice :: 3 {Stopped by convergence} 
[GF] Accuracy :: 8.66664e-15 || Iterations :: 213
[GF] Failures :: 0

[GF] Slice :: 4 {Stopped by convergence} 
[GF] Accuracy :: 9.56204e-15 || Iterations :: 347
[GF] Failures :: 0

[GF] Slice :: 5 {Stopped by convergence} 
[GF] Accuracy :: 9.71670e-15 || Iterations :: 237
[GF] Failures :: 0

[GF] Slice :: 6 {Stopped by convergence} 
[GF] Accuracy :: 9.57544e-15 || Iterations :: 213
[GF] Failures :: 0

[GF] Slice :: 7 {Stopped by convergence} 
[GF] Accuracy :: 9.03055e-15 || Iterations :: 180
[GF] Failures :: 0

[GF] Slice :: 8 {Stopped by convergence} 
[GF] Accuracy :: 6.12675e-15 || Iterations :: 138
[GF] Failures :: 0

[GF] Slice :: 9 {Stopped by convergence} 
[GF] Accuracy :: 9.96186e-15 || Iterations :: 299
[GF] Failures :: 0

[GF] Slice :: 10 {Stopped by convergence} 
[GF] Accuracy :: 9.80833e-15 || Iterations :: 463
[GF] Failures :: 0

[GF] Slice :: 11 {Stopped by convergence} 
[GF] Accuracy :: 9.30205e-15 || Iterations :: 163
[GF] Failures :: 0

[GF] Slice :: 12 {Stopped by convergence} 
[GF] Accuracy :: 7.88448e-15 || Iterations :: 246
[GF] Failures :: 0

[GF] Slice :: 13 {Stopped by convergence} 
[GF] Accuracy :: 7.92075e-15 || Iterations :: 174
[GF] Failures :: 0

[GF] Slice :: 14 {Stopped by convergence} 
[GF] Accuracy :: 7.88537e-15 || Iterations :: 177
[GF] Failures :: 0

[GF] Slice :: 15 {Stopped by convergence} 
[GF] Accuracy :: 7.79929e-15 || Iterations :: 165
[GF] Failures :: 0

[GF] Slice :: 16 {Stopped by convergence} 
[GF] Accuracy :: 8.14348e-15 || Iterations :: 190
[GF] Failures :: 0

[GF] Slice :: 17 {Stopped by convergence} 
[GF] Accuracy :: 9.00986e-15 || Iterations :: 154
[GF] Failures :: 0

[GF] Slice :: 18 {Stopped by convergence} 
[GF] Accuracy :: 8.23199e-15 || Iterations :: 127
[GF] Failures :: 0

[GF] Slice :: 19 {Stopped by convergence} 
[GF] Accuracy :: 9.51009e-15 || Iterations :: 246
[GF] Failures :: 0

[GF] Slice :: 20 {Stopped by convergence} 
[GF] Accuracy :: 8.03426e-15 || Iterations :: 149
[GF] Failures :: 0

[GF] Slice :: 21 {Stopped by convergence} 
[GF] Accuracy :: 7.89431e-15 || Iterations :: 177
[GF] Failures :: 0

[GF] Slice :: 22 {Stopped by convergence} 
[GF] Accuracy :: 9.50906e-15 || Iterations :: 172
[GF] Failures :: 0

[GF] Slice :: 23 {Stopped by convergence} 
[GF] Accuracy :: 7.73533e-15 || Iterations :: 161
[GF] Failures :: 0

[GF] Tuning :: 0.090000 || Iterations :: 4886 ||
[GF] Final Tlink :: -0.012022616619718 || Slink :: 0.882197181754972 
[GF] Plaquette :: 0.593503058065449 

[TIMER] elapsed :: 6.711248e+00 s 
[IO] Writing 4D_SU3_GAUGE binary data

[TIMER] elapsed :: 4.189301e-02 s 
[IO] Page size is :: 62.713688, Total malloc [More] 0.306519  [Less] 0.187867 
[IO] Using the faster/memory expensive code 

[TIMER] elapsed :: 1.997828e-01 s 
[IO] Configuration written to ../conf/S24T24_cg/wilson_b6.cg.1e-14.31 
 
Time for config 31: 0 hours 0 minutes 7 seconds
 
Processing configuration 32
 
Start time for config 32: Wed May 20 09:41:47 AM EDT 2026
[IO] Attempting to read a NERSC file 
[PAR] CONDOR_MODE selected .... 
[IO] reading file ../conf/S24T24/wilson_b6.32
[IO] Configuration number :: 1 
[INIT] GLU is Compiled for SU(3)

[DIMENSIONS] ( 24 x 24 x 24 x 24 )

[INIT] using 16 thread(s) 
[INIT] allocating su(2) subgroup indices
[IO] Read gauge field[IO] file offset 601
[IO] LOOP_VAR = 18
[IO] Reading gauge field (../conf/S24T24/wilson_b6.32) took
[TIMER] elapsed :: 3.851700e-02 s 
[IO] Header     Trace :: 0.000353           || Plaq :: 0.593703 
[IO] Calculated Trace :: 0.000352704507917  || Plaq :: 0.593702783520068 

[GF] Using the Fourier accelerated non-linear conjugate gradient (FACG) routines
[GF] Coulomb gauge accuracy of 1e-14 
[GF] Tuning parameter alpha :: 0.090000 
[GF] Performing AT MOST 6000 iterations before randomly restarting ... 
[GF] Allowing for 7 restarts before complaint ... 
[GF] Approximate O(a) exponential expansion, and reunitarisation in Gauge Fixing.
[GF] Initial Tlink :: 0.000646484214577 || Slink :: 0.000254777939030 
[GF] Plaquette :: 0.593702783520068 
[PAR_RNG] MWC_4096
[PAR_RNG] Entropy read Seed 223595668
[PAR_RNG] warmed up

[DB] initialised


[GF] Slice :: 0 {Stopped by convergence} 
[GF] Accuracy :: 8.35949e-15 || Iterations :: 277
[GF] Failures :: 0

[GF] Slice :: 1 {Stopped by convergence} 
[GF] Accuracy :: 9.03824e-15 || Iterations :: 135
[GF] Failures :: 0

[GF] Slice :: 2 {Stopped by convergence} 
[GF] Accuracy :: 9.02608e-15 || Iterations :: 238
[GF] Failures :: 0

[GF] Slice :: 3 {Stopped by convergence} 
[GF] Accuracy :: 7.44904e-15 || Iterations :: 148
[GF] Failures :: 0

[GF] Slice :: 4 {Stopped by convergence} 
[GF] Accuracy :: 8.22702e-15 || Iterations :: 143
[GF] Failures :: 0

[GF] Slice :: 5 {Stopped by convergence} 
[GF] Accuracy :: 9.36858e-15 || Iterations :: 198
[GF] Failures :: 0

[GF] Slice :: 6 {Stopped by convergence} 
[GF] Accuracy :: 7.48153e-15 || Iterations :: 186
[GF] Failures :: 0

[GF] Slice :: 7 {Stopped by convergence} 
[GF] Accuracy :: 9.85759e-15 || Iterations :: 221
[GF] Failures :: 0

[GF] Slice :: 8 {Stopped by convergence} 
[GF] Accuracy :: 7.98834e-15 || Iterations :: 181
[GF] Failures :: 0

[GF] Slice :: 9 {Stopped by convergence} 
[GF] Accuracy :: 9.33966e-15 || Iterations :: 142
[GF] Failures :: 0

[GF] Slice :: 10 {Stopped by convergence} 
[GF] Accuracy :: 9.10874e-15 || Iterations :: 250
[GF] Failures :: 0

[GF] Slice :: 11 {Stopped by convergence} 
[GF] Accuracy :: 8.29689e-15 || Iterations :: 168
[GF] Failures :: 0

[GF] Slice :: 12 {Stopped by convergence} 
[GF] Accuracy :: 9.00907e-15 || Iterations :: 139
[GF] Failures :: 0

[GF] Slice :: 13 {Stopped by convergence} 
[GF] Accuracy :: 8.83317e-15 || Iterations :: 223
[GF] Failures :: 0

[GF] Slice :: 14 {Stopped by convergence} 
[GF] Accuracy :: 9.21155e-15 || Iterations :: 165
[GF] Failures :: 0

[GF] Slice :: 15 {Stopped by convergence} 
[GF] Accuracy :: 9.77861e-15 || Iterations :: 177
[GF] Failures :: 0

[GF] Slice :: 16 {Stopped by convergence} 
[GF] Accuracy :: 8.72597e-15 || Iterations :: 262
[GF] Failures :: 0

[GF] Slice :: 17 {Stopped by convergence} 
[GF] Accuracy :: 8.04107e-15 || Iterations :: 154
[GF] Failures :: 0

[GF] Slice :: 18 {Stopped by convergence} 
[GF] Accuracy :: 9.72482e-15 || Iterations :: 134
[GF] Failures :: 0

[GF] Slice :: 19 {Stopped by convergence} 
[GF] Accuracy :: 8.63873e-15 || Iterations :: 179
[GF] Failures :: 0

[GF] Slice :: 20 {Stopped by convergence} 
[GF] Accuracy :: 8.47963e-15 || Iterations :: 137
[GF] Failures :: 0

[GF] Slice :: 21 {Stopped by convergence} 
[GF] Accuracy :: 9.32865e-15 || Iterations :: 156
[GF] Failures :: 0

[GF] Slice :: 22 {Stopped by convergence} 
[GF] Accuracy :: 8.92227e-15 || Iterations :: 121
[GF] Failures :: 0

[GF] Slice :: 23 {Stopped by convergence} 
[GF] Accuracy :: 7.50238e-15 || Iterations :: 142
[GF] Failures :: 0

[GF] Tuning :: 0.090000 || Iterations :: 4276 ||
[GF] Final Tlink :: -0.003668618436920 || Slink :: 0.882516927731763 
[GF] Plaquette :: 0.593702783520068 

[TIMER] elapsed :: 6.152503e+00 s 
[IO] Writing 4D_SU3_GAUGE binary data

[TIMER] elapsed :: 2.907395e-02 s 
[IO] Page size is :: 62.713688, Total malloc [More] 0.306519  [Less] 0.187867 
[IO] Using the faster/memory expensive code 

[TIMER] elapsed :: 1.844440e-01 s 
[IO] Configuration written to ../conf/S24T24_cg/wilson_b6.cg.1e-14.32 
 
Time for config 32: 0 hours 0 minutes 7 seconds
 
Processing configuration 33
 
Start time for config 33: Wed May 20 09:41:54 AM EDT 2026
[IO] Attempting to read a NERSC file 
[PAR] CONDOR_MODE selected .... 
[IO] reading file ../conf/S24T24/wilson_b6.33
[IO] Configuration number :: 1 
[INIT] GLU is Compiled for SU(3)

[DIMENSIONS] ( 24 x 24 x 24 x 24 )

[INIT] using 16 thread(s) 
[INIT] allocating su(2) subgroup indices
[IO] Read gauge field[IO] file offset 601
[IO] LOOP_VAR = 18
[IO] Reading gauge field (../conf/S24T24/wilson_b6.33) took
[TIMER] elapsed :: 3.823209e-02 s 
[IO] Header     Trace :: -0.000230           || Plaq :: 0.593706 
[IO] Calculated Trace :: -0.000230243200211  || Plaq :: 0.593705652775208 

[GF] Using the Fourier accelerated non-linear conjugate gradient (FACG) routines
[GF] Coulomb gauge accuracy of 1e-14 
[GF] Tuning parameter alpha :: 0.090000 
[GF] Performing AT MOST 6000 iterations before randomly restarting ... 
[GF] Allowing for 7 restarts before complaint ... 
[GF] Approximate O(a) exponential expansion, and reunitarisation in Gauge Fixing.
[GF] Initial Tlink :: -0.000126974959619 || Slink :: -0.000264665947075 
[GF] Plaquette :: 0.593705652775208 
[PAR_RNG] MWC_4096
[PAR_RNG] Entropy read Seed 2524995423
[PAR_RNG] warmed up

[DB] initialised


[GF] Slice :: 0 {Stopped by convergence} 
[GF] Accuracy :: 9.33357e-15 || Iterations :: 199
[GF] Failures :: 0

[GF] Slice :: 1 {Stopped by convergence} 
[GF] Accuracy :: 8.33639e-15 || Iterations :: 166
[GF] Failures :: 0

[GF] Slice :: 2 {Stopped by convergence} 
[GF] Accuracy :: 6.33736e-15 || Iterations :: 179
[GF] Failures :: 0

[GF] Slice :: 3 {Stopped by convergence} 
[GF] Accuracy :: 9.97905e-15 || Iterations :: 187
[GF] Failures :: 0

[GF] Slice :: 4 {Stopped by convergence} 
[GF] Accuracy :: 8.26214e-15 || Iterations :: 257
[GF] Failures :: 0

[GF] Slice :: 5 {Stopped by convergence} 
[GF] Accuracy :: 7.78348e-15 || Iterations :: 139
[GF] Failures :: 0

[GF] Slice :: 6 {Stopped by convergence} 
[GF] Accuracy :: 9.91705e-15 || Iterations :: 230
[GF] Failures :: 0

[GF] Slice :: 7 {Stopped by convergence} 
[GF] Accuracy :: 6.66646e-15 || Iterations :: 161
[GF] Failures :: 0

[GF] Slice :: 8 {Stopped by convergence} 
[GF] Accuracy :: 8.48601e-15 || Iterations :: 167
[GF] Failures :: 0

[GF] Slice :: 9 {Stopped by convergence} 
[GF] Accuracy :: 9.94357e-15 || Iterations :: 230
[GF] Failures :: 0

[GF] Slice :: 10 {Stopped by convergence} 
[GF] Accuracy :: 8.17506e-15 || Iterations :: 225
[GF] Failures :: 0

[GF] Slice :: 11 {Stopped by convergence} 
[GF] Accuracy :: 9.67330e-15 || Iterations :: 231
[GF] Failures :: 0

[GF] Slice :: 12 {Stopped by convergence} 
[GF] Accuracy :: 9.80874e-15 || Iterations :: 254
[GF] Failures :: 0

[GF] Slice :: 13 {Stopped by convergence} 
[GF] Accuracy :: 7.86304e-15 || Iterations :: 150
[GF] Failures :: 0

[GF] Slice :: 14 {Stopped by convergence} 
[GF] Accuracy :: 9.47264e-15 || Iterations :: 214
[GF] Failures :: 0

[GF] Slice :: 15 {Stopped by convergence} 
[GF] Accuracy :: 8.10166e-15 || Iterations :: 173
[GF] Failures :: 0

[GF] Slice :: 16 {Stopped by convergence} 
[GF] Accuracy :: 7.55352e-15 || Iterations :: 270
[GF] Failures :: 0

[GF] Slice :: 17 {Stopped by convergence} 
[GF] Accuracy :: 7.98178e-15 || Iterations :: 147
[GF] Failures :: 0

[GF] Slice :: 18 {Stopped by convergence} 
[GF] Accuracy :: 9.03354e-15 || Iterations :: 161
[GF] Failures :: 0

[GF] Slice :: 19 {Stopped by convergence} 
[GF] Accuracy :: 7.00953e-15 || Iterations :: 145
[GF] Failures :: 0

[GF] Slice :: 20 {Stopped by convergence} 
[GF] Accuracy :: 7.31345e-15 || Iterations :: 152
[GF] Failures :: 0

[GF] Slice :: 21 {Stopped by convergence} 
[GF] Accuracy :: 8.08640e-15 || Iterations :: 220
[GF] Failures :: 0

[GF] Slice :: 22 {Stopped by convergence} 
[GF] Accuracy :: 8.86187e-15 || Iterations :: 200
[GF] Failures :: 0

[GF] Slice :: 23 {Stopped by convergence} 
[GF] Accuracy :: 8.78804e-15 || Iterations :: 191
[GF] Failures :: 0

[GF] Tuning :: 0.090000 || Iterations :: 4648 ||
[GF] Final Tlink :: -0.003189975292113 || Slink :: 0.882308666338588 
[GF] Plaquette :: 0.593705652775208 

[TIMER] elapsed :: 6.920907e+00 s 
[IO] Writing 4D_SU3_GAUGE binary data

[TIMER] elapsed :: 2.962208e-02 s 
[IO] Page size is :: 62.713688, Total malloc [More] 0.306519  [Less] 0.187867 
[IO] Using the faster/memory expensive code 

[TIMER] elapsed :: 1.837301e-01 s 
[IO] Configuration written to ../conf/S24T24_cg/wilson_b6.cg.1e-14.33 
 
Time for config 33: 0 hours 0 minutes 7 seconds
 
Processing configuration 34
 
Start time for config 34: Wed May 20 09:42:01 AM EDT 2026
[IO] Attempting to read a NERSC file 
[PAR] CONDOR_MODE selected .... 
[IO] reading file ../conf/S24T24/wilson_b6.34
[IO] Configuration number :: 1 
[INIT] GLU is Compiled for SU(3)

[DIMENSIONS] ( 24 x 24 x 24 x 24 )

[INIT] using 16 thread(s) 
[INIT] allocating su(2) subgroup indices
[IO] Read gauge field[IO] file offset 601
[IO] LOOP_VAR = 18
[IO] Reading gauge field (../conf/S24T24/wilson_b6.34) took
[TIMER] elapsed :: 3.820610e-02 s 
[IO] Header     Trace :: -0.000083           || Plaq :: 0.593302 
[IO] Calculated Trace :: -0.000083340345502  || Plaq :: 0.593302261442976 

[GF] Using the Fourier accelerated non-linear conjugate gradient (FACG) routines
[GF] Coulomb gauge accuracy of 1e-14 
[GF] Tuning parameter alpha :: 0.090000 
[GF] Performing AT MOST 6000 iterations before randomly restarting ... 
[GF] Allowing for 7 restarts before complaint ... 
[GF] Approximate O(a) exponential expansion, and reunitarisation in Gauge Fixing.
[GF] Initial Tlink :: -0.000261349215937 || Slink :: -0.000024004055357 
[GF] Plaquette :: 0.593302261442976 
[PAR_RNG] MWC_4096
[PAR_RNG] Entropy read Seed 2648824218
[PAR_RNG] warmed up

[DB] initialised


[GF] Slice :: 0 {Stopped by convergence} 
[GF] Accuracy :: 7.21134e-15 || Iterations :: 156
[GF] Failures :: 0

[GF] Slice :: 1 {Stopped by convergence} 
[GF] Accuracy :: 8.79547e-15 || Iterations :: 164
[GF] Failures :: 0

[GF] Slice :: 2 {Stopped by convergence} 
[GF] Accuracy :: 9.18856e-15 || Iterations :: 386
[GF] Failures :: 0

[GF] Slice :: 3 {Stopped by convergence} 
[GF] Accuracy :: 7.80463e-15 || Iterations :: 105
[GF] Failures :: 0

[GF] Slice :: 4 {Stopped by convergence} 
[GF] Accuracy :: 6.51059e-15 || Iterations :: 128
[GF] Failures :: 0

[GF] Slice :: 5 {Stopped by convergence} 
[GF] Accuracy :: 9.78368e-15 || Iterations :: 222
[GF] Failures :: 0

[GF] Slice :: 6 {Stopped by convergence} 
[GF] Accuracy :: 9.01210e-15 || Iterations :: 143
[GF] Failures :: 0

[GF] Slice :: 7 {Stopped by convergence} 
[GF] Accuracy :: 7.96209e-15 || Iterations :: 115
[GF] Failures :: 0

[GF] Slice :: 8 {Stopped by convergence} 
[GF] Accuracy :: 7.88758e-15 || Iterations :: 193
[GF] Failures :: 0

[GF] Slice :: 9 {Stopped by convergence} 
[GF] Accuracy :: 9.38625e-15 || Iterations :: 138
[GF] Failures :: 0

[GF] Slice :: 10 {Stopped by convergence} 
[GF] Accuracy :: 8.11209e-15 || Iterations :: 269
[GF] Failures :: 0

[GF] Slice :: 11 {Stopped by convergence} 
[GF] Accuracy :: 7.80357e-15 || Iterations :: 190
[GF] Failures :: 0

[GF] Slice :: 12 {Stopped by convergence} 
[GF] Accuracy :: 8.83252e-15 || Iterations :: 122
[GF] Failures :: 0

[GF] Slice :: 13 {Stopped by convergence} 
[GF] Accuracy :: 7.97642e-15 || Iterations :: 284
[GF] Failures :: 0

[GF] Slice :: 14 {Stopped by convergence} 
[GF] Accuracy :: 8.43791e-15 || Iterations :: 134
[GF] Failures :: 0

[GF] Slice :: 15 {Stopped by convergence} 
[GF] Accuracy :: 8.66539e-15 || Iterations :: 180
[GF] Failures :: 0

[GF] Slice :: 16 {Stopped by convergence} 
[GF] Accuracy :: 9.58148e-15 || Iterations :: 175
[GF] Failures :: 0

[GF] Slice :: 17 {Stopped by convergence} 
[GF] Accuracy :: 8.45322e-15 || Iterations :: 252
[GF] Failures :: 0

[GF] Slice :: 18 {Stopped by convergence} 
[GF] Accuracy :: 7.49422e-15 || Iterations :: 148
[GF] Failures :: 0

[GF] Slice :: 19 {Stopped by convergence} 
[GF] Accuracy :: 9.06147e-15 || Iterations :: 201
[GF] Failures :: 0

[GF] Slice :: 20 {Stopped by convergence} 
[GF] Accuracy :: 9.72564e-15 || Iterations :: 241
[GF] Failures :: 0

[GF] Slice :: 21 {Stopped by convergence} 
[GF] Accuracy :: 9.17885e-15 || Iterations :: 179
[GF] Failures :: 0

[GF] Slice :: 22 {Stopped by convergence} 
[GF] Accuracy :: 8.14783e-15 || Iterations :: 224
[GF] Failures :: 0

[GF] Slice :: 23 {Stopped by convergence} 
[GF] Accuracy :: 9.11189e-15 || Iterations :: 161
[GF] Failures :: 0

[GF] Tuning :: 0.090000 || Iterations :: 4510 ||
[GF] Final Tlink :: -0.006390606259713 || Slink :: 0.882224648552260 
[GF] Plaquette :: 0.593302261442976 

[TIMER] elapsed :: 6.538848e+00 s 
[IO] Writing 4D_SU3_GAUGE binary data

[TIMER] elapsed :: 2.933502e-02 s 
[IO] Page size is :: 62.713688, Total malloc [More] 0.306519  [Less] 0.187867 
[IO] Using the faster/memory expensive code 

[TIMER] elapsed :: 1.851101e-01 s 
[IO] Configuration written to ../conf/S24T24_cg/wilson_b6.cg.1e-14.34 
 
Time for config 34: 0 hours 0 minutes 7 seconds
 
Processing configuration 35
 
Start time for config 35: Wed May 20 09:42:08 AM EDT 2026
[IO] Attempting to read a NERSC file 
[PAR] CONDOR_MODE selected .... 
[IO] reading file ../conf/S24T24/wilson_b6.35
[IO] Configuration number :: 1 
[INIT] GLU is Compiled for SU(3)

[DIMENSIONS] ( 24 x 24 x 24 x 24 )

[INIT] using 16 thread(s) 
[INIT] allocating su(2) subgroup indices
[IO] Read gauge field[IO] file offset 601
[IO] LOOP_VAR = 18
[IO] Reading gauge field (../conf/S24T24/wilson_b6.35) took
[TIMER] elapsed :: 3.739715e-02 s 
[IO] Header     Trace :: -0.000346           || Plaq :: 0.593895 
[IO] Calculated Trace :: -0.000345981789915  || Plaq :: 0.593895008257077 

[GF] Using the Fourier accelerated non-linear conjugate gradient (FACG) routines
[GF] Coulomb gauge accuracy of 1e-14 
[GF] Tuning parameter alpha :: 0.090000 
[GF] Performing AT MOST 6000 iterations before randomly restarting ... 
[GF] Allowing for 7 restarts before complaint ... 
[GF] Approximate O(a) exponential expansion, and reunitarisation in Gauge Fixing.
[GF] Initial Tlink :: -0.000794009241367 || Slink :: -0.000196639306097 
[GF] Plaquette :: 0.593895008257077 
[PAR_RNG] MWC_4096
[PAR_RNG] Entropy read Seed 699161005
[PAR_RNG] warmed up

[DB] initialised


[GF] Slice :: 0 {Stopped by convergence} 
[GF] Accuracy :: 8.51260e-15 || Iterations :: 168
[GF] Failures :: 0

[GF] Slice :: 1 {Stopped by convergence} 
[GF] Accuracy :: 8.52085e-15 || Iterations :: 228
[GF] Failures :: 0

[GF] Slice :: 2 {Stopped by convergence} 
[GF] Accuracy :: 8.11271e-15 || Iterations :: 195
[GF] Failures :: 0

[GF] Slice :: 3 {Stopped by convergence} 
[GF] Accuracy :: 7.92747e-15 || Iterations :: 149
[GF] Failures :: 0

[GF] Slice :: 4 {Stopped by convergence} 
[GF] Accuracy :: 9.64222e-15 || Iterations :: 158
[GF] Failures :: 0

[GF] Slice :: 5 {Stopped by convergence} 
[GF] Accuracy :: 9.24280e-15 || Iterations :: 316
[GF] Failures :: 0

[GF] Slice :: 6 {Stopped by convergence} 
[GF] Accuracy :: 9.60485e-15 || Iterations :: 190
[GF] Failures :: 0

[GF] Slice :: 7 {Stopped by convergence} 
[GF] Accuracy :: 8.24521e-15 || Iterations :: 148
[GF] Failures :: 0

[GF] Slice :: 8 {Stopped by convergence} 
[GF] Accuracy :: 7.96390e-15 || Iterations :: 141
[GF] Failures :: 0

[GF] Slice :: 9 {Stopped by convergence} 
[GF] Accuracy :: 9.20670e-15 || Iterations :: 201
[GF] Failures :: 0

[GF] Slice :: 10 {Stopped by convergence} 
[GF] Accuracy :: 7.49490e-15 || Iterations :: 168
[GF] Failures :: 0

[GF] Slice :: 11 {Stopped by convergence} 
[GF] Accuracy :: 7.06533e-15 || Iterations :: 146
[GF] Failures :: 0

[GF] Slice :: 12 {Stopped by convergence} 
[GF] Accuracy :: 9.22538e-15 || Iterations :: 217
[GF] Failures :: 0

[GF] Slice :: 13 {Stopped by convergence} 
[GF] Accuracy :: 8.47429e-15 || Iterations :: 192
[GF] Failures :: 0

[GF] Slice :: 14 {Stopped by convergence} 
[GF] Accuracy :: 9.12056e-15 || Iterations :: 111
[GF] Failures :: 0

[GF] Slice :: 15 {Stopped by convergence} 
[GF] Accuracy :: 9.71607e-15 || Iterations :: 110
[GF] Failures :: 0

[GF] Slice :: 16 {Stopped by convergence} 
[GF] Accuracy :: 7.96722e-15 || Iterations :: 190
[GF] Failures :: 0

[GF] Slice :: 17 {Stopped by convergence} 
[GF] Accuracy :: 9.52698e-15 || Iterations :: 147
[GF] Failures :: 0

[GF] Slice :: 18 {Stopped by convergence} 
[GF] Accuracy :: 9.88671e-15 || Iterations :: 162
[GF] Failures :: 0

[GF] Slice :: 19 {Stopped by convergence} 
[GF] Accuracy :: 8.38541e-15 || Iterations :: 165
[GF] Failures :: 0

[GF] Slice :: 20 {Stopped by convergence} 
[GF] Accuracy :: 9.32508e-15 || Iterations :: 170
[GF] Failures :: 0

[GF] Slice :: 21 {Stopped by convergence} 
[GF] Accuracy :: 6.28128e-15 || Iterations :: 200
[GF] Failures :: 0

[GF] Slice :: 22 {Stopped by convergence} 
[GF] Accuracy :: 9.07235e-15 || Iterations :: 165
[GF] Failures :: 0

[GF] Slice :: 23 {Stopped by convergence} 
[GF] Accuracy :: 8.40737e-15 || Iterations :: 186
[GF] Failures :: 0

[GF] Tuning :: 0.090000 || Iterations :: 4223 ||
[GF] Final Tlink :: 0.027186788641781 || Slink :: 0.882427522177968 
[GF] Plaquette :: 0.593895008257077 

[TIMER] elapsed :: 6.221478e+00 s 
[IO] Writing 4D_SU3_GAUGE binary data

[TIMER] elapsed :: 3.518796e-02 s 
[IO] Page size is :: 62.713688, Total malloc [More] 0.306519  [Less] 0.187867 
[IO] Using the faster/memory expensive code 

[TIMER] elapsed :: 1.870730e-01 s 
[IO] Configuration written to ../conf/S24T24_cg/wilson_b6.cg.1e-14.35 
 
Time for config 35: 0 hours 0 minutes 7 seconds
 
Processing configuration 36
 
Start time for config 36: Wed May 20 09:42:15 AM EDT 2026
[IO] Attempting to read a NERSC file 
[PAR] CONDOR_MODE selected .... 
[IO] reading file ../conf/S24T24/wilson_b6.36
[IO] Configuration number :: 1 
[INIT] GLU is Compiled for SU(3)

[DIMENSIONS] ( 24 x 24 x 24 x 24 )

[INIT] using 16 thread(s) 
[INIT] allocating su(2) subgroup indices
[IO] Read gauge field[IO] file offset 602
[IO] LOOP_VAR = 18
[IO] Reading gauge field (../conf/S24T24/wilson_b6.36) took
[TIMER] elapsed :: 3.928018e-02 s 
[IO] Header     Trace :: -0.000112           || Plaq :: 0.592993 
[IO] Calculated Trace :: -0.000112116723042  || Plaq :: 0.592992819916368 

[GF] Using the Fourier accelerated non-linear conjugate gradient (FACG) routines
[GF] Coulomb gauge accuracy of 1e-14 
[GF] Tuning parameter alpha :: 0.090000 
[GF] Performing AT MOST 6000 iterations before randomly restarting ... 
[GF] Allowing for 7 restarts before complaint ... 
[GF] Approximate O(a) exponential expansion, and reunitarisation in Gauge Fixing.
[GF] Initial Tlink :: -0.000485383190156 || Slink :: 0.000012305432662 
[GF] Plaquette :: 0.592992819916368 
[PAR_RNG] MWC_4096
[PAR_RNG] Entropy read Seed 360745444
[PAR_RNG] warmed up

[DB] initialised


[GF] Slice :: 0 {Stopped by convergence} 
[GF] Accuracy :: 8.85679e-15 || Iterations :: 157
[GF] Failures :: 0

[GF] Slice :: 1 {Stopped by convergence} 
[GF] Accuracy :: 9.90957e-15 || Iterations :: 143
[GF] Failures :: 0

[GF] Slice :: 2 {Stopped by convergence} 
[GF] Accuracy :: 8.78437e-15 || Iterations :: 180
[GF] Failures :: 0

[GF] Slice :: 3 {Stopped by convergence} 
[GF] Accuracy :: 8.80234e-15 || Iterations :: 173
[GF] Failures :: 0

[GF] Slice :: 4 {Stopped by convergence} 
[GF] Accuracy :: 8.58814e-15 || Iterations :: 230
[GF] Failures :: 0

[GF] Slice :: 5 {Stopped by convergence} 
[GF] Accuracy :: 8.29864e-15 || Iterations :: 157
[GF] Failures :: 0

[GF] Slice :: 6 {Stopped by convergence} 
[GF] Accuracy :: 6.95772e-15 || Iterations :: 187
[GF] Failures :: 0

[GF] Slice :: 7 {Stopped by convergence} 
[GF] Accuracy :: 9.50081e-15 || Iterations :: 237
[GF] Failures :: 0

[GF] Slice :: 8 {Stopped by convergence} 
[GF] Accuracy :: 9.82705e-15 || Iterations :: 230
[GF] Failures :: 0

[GF] Slice :: 9 {Stopped by convergence} 
[GF] Accuracy :: 9.54693e-15 || Iterations :: 251
[GF] Failures :: 0

[GF] Slice :: 10 {Stopped by convergence} 
[GF] Accuracy :: 9.33623e-15 || Iterations :: 311
[GF] Failures :: 0

[GF] Slice :: 11 {Stopped by convergence} 
[GF] Accuracy :: 9.61726e-15 || Iterations :: 112
[GF] Failures :: 0

[GF] Slice :: 12 {Stopped by convergence} 
[GF] Accuracy :: 9.27097e-15 || Iterations :: 142
[GF] Failures :: 0

[GF] Slice :: 13 {Stopped by convergence} 
[GF] Accuracy :: 9.95864e-15 || Iterations :: 203
[GF] Failures :: 0

[GF] Slice :: 14 {Stopped by convergence} 
[GF] Accuracy :: 9.52935e-15 || Iterations :: 194
[GF] Failures :: 0

[GF] Slice :: 15 {Stopped by convergence} 
[GF] Accuracy :: 6.61070e-15 || Iterations :: 149
[GF] Failures :: 0

[GF] Slice :: 16 {Stopped by convergence} 
[GF] Accuracy :: 8.75001e-15 || Iterations :: 223
[GF] Failures :: 0

[GF] Slice :: 17 {Stopped by convergence} 
[GF] Accuracy :: 7.80560e-15 || Iterations :: 251
[GF] Failures :: 0

[GF] Slice :: 18 {Stopped by convergence} 
[GF] Accuracy :: 8.42769e-15 || Iterations :: 284
[GF] Failures :: 0

[GF] Slice :: 19 {Stopped by convergence} 
[GF] Accuracy :: 9.83365e-15 || Iterations :: 219
[GF] Failures :: 0

[GF] Slice :: 20 {Stopped by convergence} 
[GF] Accuracy :: 8.99108e-15 || Iterations :: 163
[GF] Failures :: 0

[GF] Slice :: 21 {Stopped by convergence} 
[GF] Accuracy :: 8.02715e-15 || Iterations :: 198
[GF] Failures :: 0

[GF] Slice :: 22 {Stopped by convergence} 
[GF] Accuracy :: 9.69954e-15 || Iterations :: 162
[GF] Failures :: 0

[GF] Slice :: 23 {Stopped by convergence} 
[GF] Accuracy :: 8.96362e-15 || Iterations :: 194
[GF] Failures :: 0

[GF] Tuning :: 0.090000 || Iterations :: 4750 ||
[GF] Final Tlink :: 0.006426999785812 || Slink :: 0.882178296166274 
[GF] Plaquette :: 0.592992819916368 

[TIMER] elapsed :: 6.787612e+00 s 
[IO] Writing 4D_SU3_GAUGE binary data

[TIMER] elapsed :: 2.847409e-02 s 
[IO] Page size is :: 62.713688, Total malloc [More] 0.306519  [Less] 0.187867 
[IO] Using the faster/memory expensive code 

[TIMER] elapsed :: 1.847241e-01 s 
[IO] Configuration written to ../conf/S24T24_cg/wilson_b6.cg.1e-14.36 
 
Time for config 36: 0 hours 0 minutes 7 seconds
 
Processing configuration 37
 
Start time for config 37: Wed May 20 09:42:22 AM EDT 2026
[IO] Attempting to read a NERSC file 
[PAR] CONDOR_MODE selected .... 
[IO] reading file ../conf/S24T24/wilson_b6.37
[IO] Configuration number :: 1 
[INIT] GLU is Compiled for SU(3)

[DIMENSIONS] ( 24 x 24 x 24 x 24 )

[INIT] using 16 thread(s) 
[INIT] allocating su(2) subgroup indices
[IO] Read gauge field[IO] file offset 601
[IO] LOOP_VAR = 18
[IO] Reading gauge field (../conf/S24T24/wilson_b6.37) took
[TIMER] elapsed :: 3.859591e-02 s 
[IO] Header     Trace :: -0.000122           || Plaq :: 0.593690 
[IO] Calculated Trace :: -0.000122172711086  || Plaq :: 0.593690310468628 

[GF] Using the Fourier accelerated non-linear conjugate gradient (FACG) routines
[GF] Coulomb gauge accuracy of 1e-14 
[GF] Tuning parameter alpha :: 0.090000 
[GF] Performing AT MOST 6000 iterations before randomly restarting ... 
[GF] Allowing for 7 restarts before complaint ... 
[GF] Approximate O(a) exponential expansion, and reunitarisation in Gauge Fixing.
[GF] Initial Tlink :: -0.000676201889511 || Slink :: 0.000062503681722 
[GF] Plaquette :: 0.593690310468628 
[PAR_RNG] MWC_4096
[PAR_RNG] Entropy read Seed 2755596022
[PAR_RNG] warmed up

[DB] initialised


[GF] Slice :: 0 {Stopped by convergence} 
[GF] Accuracy :: 9.86245e-15 || Iterations :: 281
[GF] Failures :: 0

[GF] Slice :: 1 {Stopped by convergence} 
[GF] Accuracy :: 9.70249e-15 || Iterations :: 148
[GF] Failures :: 0

[GF] Slice :: 2 {Stopped by convergence} 
[GF] Accuracy :: 9.06142e-15 || Iterations :: 100
[GF] Failures :: 0

[GF] Slice :: 3 {Stopped by convergence} 
[GF] Accuracy :: 9.83976e-15 || Iterations :: 194
[GF] Failures :: 0

[GF] Slice :: 4 {Stopped by convergence} 
[GF] Accuracy :: 7.32038e-15 || Iterations :: 204
[GF] Failures :: 0

[GF] Slice :: 5 {Stopped by convergence} 
[GF] Accuracy :: 8.57324e-15 || Iterations :: 133
[GF] Failures :: 0

[GF] Slice :: 6 {Stopped by convergence} 
[GF] Accuracy :: 9.42474e-15 || Iterations :: 252
[GF] Failures :: 0

[GF] Slice :: 7 {Stopped by convergence} 
[GF] Accuracy :: 6.71634e-15 || Iterations :: 132
[GF] Failures :: 0

[GF] Slice :: 8 {Stopped by convergence} 
[GF] Accuracy :: 9.95515e-15 || Iterations :: 308
[GF] Failures :: 0

[GF] Slice :: 9 {Stopped by convergence} 
[GF] Accuracy :: 9.15166e-15 || Iterations :: 164
[GF] Failures :: 0

[GF] Slice :: 10 {Stopped by convergence} 
[GF] Accuracy :: 8.94473e-15 || Iterations :: 139
[GF] Failures :: 0

[GF] Slice :: 11 {Stopped by convergence} 
[GF] Accuracy :: 9.50958e-15 || Iterations :: 188
[GF] Failures :: 0

[GF] Slice :: 12 {Stopped by convergence} 
[GF] Accuracy :: 6.50954e-15 || Iterations :: 188
[GF] Failures :: 0

[GF] Slice :: 13 {Stopped by convergence} 
[GF] Accuracy :: 9.00306e-15 || Iterations :: 167
[GF] Failures :: 0

[GF] Slice :: 14 {Stopped by convergence} 
[GF] Accuracy :: 9.72641e-15 || Iterations :: 171
[GF] Failures :: 0

[GF] Slice :: 15 {Stopped by convergence} 
[GF] Accuracy :: 9.48301e-15 || Iterations :: 176
[GF] Failures :: 0

[GF] Slice :: 16 {Stopped by convergence} 
[GF] Accuracy :: 7.68546e-15 || Iterations :: 169
[GF] Failures :: 0

[GF] Slice :: 17 {Stopped by convergence} 
[GF] Accuracy :: 7.74395e-15 || Iterations :: 132
[GF] Failures :: 0

[GF] Slice :: 18 {Stopped by convergence} 
[GF] Accuracy :: 9.63026e-15 || Iterations :: 192
[GF] Failures :: 0

[GF] Slice :: 19 {Stopped by convergence} 
[GF] Accuracy :: 9.14399e-15 || Iterations :: 133
[GF] Failures :: 0

[GF] Slice :: 20 {Stopped by convergence} 
[GF] Accuracy :: 7.68358e-15 || Iterations :: 214
[GF] Failures :: 0

[GF] Slice :: 21 {Stopped by convergence} 
[GF] Accuracy :: 8.26421e-15 || Iterations :: 243
[GF] Failures :: 0

[GF] Slice :: 22 {Stopped by convergence} 
[GF] Accuracy :: 6.80327e-15 || Iterations :: 151
[GF] Failures :: 0

[GF] Slice :: 23 {Stopped by convergence} 
[GF] Accuracy :: 8.59940e-15 || Iterations :: 183
[GF] Failures :: 0

[GF] Tuning :: 0.090000 || Iterations :: 4362 ||
[GF] Final Tlink :: 0.058105623424610 || Slink :: 0.882457263958258 
[GF] Plaquette :: 0.593690310468629 

[TIMER] elapsed :: 6.430285e+00 s 
[IO] Writing 4D_SU3_GAUGE binary data

[TIMER] elapsed :: 2.906585e-02 s 
[IO] Page size is :: 62.713688, Total malloc [More] 0.306519  [Less] 0.187867 
[IO] Using the faster/memory expensive code 

[TIMER] elapsed :: 1.862972e-01 s 
[IO] Configuration written to ../conf/S24T24_cg/wilson_b6.cg.1e-14.37 
 
Time for config 37: 0 hours 0 minutes 7 seconds
 
Processing configuration 38
 
Start time for config 38: Wed May 20 09:42:29 AM EDT 2026
[IO] Attempting to read a NERSC file 
[PAR] CONDOR_MODE selected .... 
[IO] reading file ../conf/S24T24/wilson_b6.38
[IO] Configuration number :: 1 
[INIT] GLU is Compiled for SU(3)

[DIMENSIONS] ( 24 x 24 x 24 x 24 )

[INIT] using 16 thread(s) 
[INIT] allocating su(2) subgroup indices
[IO] Read gauge field[IO] file offset 602
[IO] LOOP_VAR = 18
[IO] Reading gauge field (../conf/S24T24/wilson_b6.38) took
[TIMER] elapsed :: 3.829908e-02 s 
[IO] Header     Trace :: -0.000084           || Plaq :: 0.594200 
[IO] Calculated Trace :: -0.000083785290875  || Plaq :: 0.594199984374060 

[GF] Using the Fourier accelerated non-linear conjugate gradient (FACG) routines
[GF] Coulomb gauge accuracy of 1e-14 
[GF] Tuning parameter alpha :: 0.090000 
[GF] Performing AT MOST 6000 iterations before randomly restarting ... 
[GF] Allowing for 7 restarts before complaint ... 
[GF] Approximate O(a) exponential expansion, and reunitarisation in Gauge Fixing.
[GF] Initial Tlink :: -0.000307065079863 || Slink :: -0.000009358694546 
[GF] Plaquette :: 0.594199984374060 
[PAR_RNG] MWC_4096
[PAR_RNG] Entropy read Seed 4186497755
[PAR_RNG] warmed up

[DB] initialised


[GF] Slice :: 0 {Stopped by convergence} 
[GF] Accuracy :: 6.93116e-15 || Iterations :: 186
[GF] Failures :: 0

[GF] Slice :: 1 {Stopped by convergence} 
[GF] Accuracy :: 9.73517e-15 || Iterations :: 181
[GF] Failures :: 0

[GF] Slice :: 2 {Stopped by convergence} 
[GF] Accuracy :: 8.86870e-15 || Iterations :: 157
[GF] Failures :: 0

[GF] Slice :: 3 {Stopped by convergence} 
[GF] Accuracy :: 9.17909e-15 || Iterations :: 217
[GF] Failures :: 0

[GF] Slice :: 4 {Stopped by convergence} 
[GF] Accuracy :: 9.76465e-15 || Iterations :: 216
[GF] Failures :: 0

[GF] Slice :: 5 {Stopped by convergence} 
[GF] Accuracy :: 8.42556e-15 || Iterations :: 132
[GF] Failures :: 0

[GF] Slice :: 6 {Stopped by convergence} 
[GF] Accuracy :: 8.27493e-15 || Iterations :: 165
[GF] Failures :: 0

[GF] Slice :: 7 {Stopped by convergence} 
[GF] Accuracy :: 9.54678e-15 || Iterations :: 209
[GF] Failures :: 0

[GF] Slice :: 8 {Stopped by convergence} 
[GF] Accuracy :: 6.72868e-15 || Iterations :: 189
[GF] Failures :: 0

[GF] Slice :: 9 {Stopped by convergence} 
[GF] Accuracy :: 8.69579e-15 || Iterations :: 162
[GF] Failures :: 0

[GF] Slice :: 10 {Stopped by convergence} 
[GF] Accuracy :: 9.82477e-15 || Iterations :: 215
[GF] Failures :: 0

[GF] Slice :: 11 {Stopped by convergence} 
[GF] Accuracy :: 9.43030e-15 || Iterations :: 272
[GF] Failures :: 0

[GF] Slice :: 12 {Stopped by convergence} 
[GF] Accuracy :: 8.29600e-15 || Iterations :: 180
[GF] Failures :: 0

[GF] Slice :: 13 {Stopped by convergence} 
[GF] Accuracy :: 9.85160e-15 || Iterations :: 104
[GF] Failures :: 0

[GF] Slice :: 14 {Stopped by convergence} 
[GF] Accuracy :: 9.92502e-15 || Iterations :: 138
[GF] Failures :: 0

[GF] Slice :: 15 {Stopped by convergence} 
[GF] Accuracy :: 9.27490e-15 || Iterations :: 296
[GF] Failures :: 0

[GF] Slice :: 16 {Stopped by convergence} 
[GF] Accuracy :: 9.70565e-15 || Iterations :: 166
[GF] Failures :: 0

[GF] Slice :: 17 {Stopped by convergence} 
[GF] Accuracy :: 7.54022e-15 || Iterations :: 147
[GF] Failures :: 0

[GF] Slice :: 18 {Stopped by convergence} 
[GF] Accuracy :: 9.80632e-15 || Iterations :: 180
[GF] Failures :: 0

[GF] Slice :: 19 {Stopped by convergence} 
[GF] Accuracy :: 9.06810e-15 || Iterations :: 191
[GF] Failures :: 0

[GF] Slice :: 20 {Stopped by convergence} 
[GF] Accuracy :: 9.44152e-15 || Iterations :: 145
[GF] Failures :: 0

[GF] Slice :: 21 {Stopped by convergence} 
[GF] Accuracy :: 9.52320e-15 || Iterations :: 223
[GF] Failures :: 0

[GF] Slice :: 22 {Stopped by convergence} 
[GF] Accuracy :: 9.71888e-15 || Iterations :: 211
[GF] Failures :: 0

[GF] Slice :: 23 {Stopped by convergence} 
[GF] Accuracy :: 7.42272e-15 || Iterations :: 169
[GF] Failures :: 0

[GF] Tuning :: 0.090000 || Iterations :: 4451 ||
[GF] Final Tlink :: 0.003082645244678 || Slink :: 0.882579787537579 
[GF] Plaquette :: 0.594199984374060 

[TIMER] elapsed :: 6.406205e+00 s 
[IO] Writing 4D_SU3_GAUGE binary data

[TIMER] elapsed :: 2.897000e-02 s 
[IO] Page size is :: 62.713688, Total malloc [More] 0.306519  [Less] 0.187867 
[IO] Using the faster/memory expensive code 

[TIMER] elapsed :: 1.813312e-01 s 
[IO] Configuration written to ../conf/S24T24_cg/wilson_b6.cg.1e-14.38 
 
Time for config 38: 0 hours 0 minutes 7 seconds
 
Processing configuration 39
 
Start time for config 39: Wed May 20 09:42:36 AM EDT 2026
[IO] Attempting to read a NERSC file 
[PAR] CONDOR_MODE selected .... 
[IO] reading file ../conf/S24T24/wilson_b6.39
[IO] Configuration number :: 1 
[INIT] GLU is Compiled for SU(3)

[DIMENSIONS] ( 24 x 24 x 24 x 24 )

[INIT] using 16 thread(s) 
[INIT] allocating su(2) subgroup indices
[IO] Read gauge field[IO] file offset 601
[IO] LOOP_VAR = 18
[IO] Reading gauge field (../conf/S24T24/wilson_b6.39) took
[TIMER] elapsed :: 3.790092e-02 s 
[IO] Header     Trace :: 0.000087           || Plaq :: 0.594065 
[IO] Calculated Trace :: 0.000086739130701  || Plaq :: 0.594065226777180 

[GF] Using the Fourier accelerated non-linear conjugate gradient (FACG) routines
[GF] Coulomb gauge accuracy of 1e-14 
[GF] Tuning parameter alpha :: 0.090000 
[GF] Performing AT MOST 6000 iterations before randomly restarting ... 
[GF] Allowing for 7 restarts before complaint ... 
[GF] Approximate O(a) exponential expansion, and reunitarisation in Gauge Fixing.
[GF] Initial Tlink :: 0.000048316918892 || Slink :: 0.000099546534637 
[GF] Plaquette :: 0.594065226777180 
[PAR_RNG] MWC_4096
[PAR_RNG] Entropy read Seed 3744044990
[PAR_RNG] warmed up

[DB] initialised


[GF] Slice :: 0 {Stopped by convergence} 
[GF] Accuracy :: 8.89556e-15 || Iterations :: 214
[GF] Failures :: 0

[GF] Slice :: 1 {Stopped by convergence} 
[GF] Accuracy :: 9.22053e-15 || Iterations :: 235
[GF] Failures :: 0

[GF] Slice :: 2 {Stopped by convergence} 
[GF] Accuracy :: 7.95840e-15 || Iterations :: 176
[GF] Failures :: 0

[GF] Slice :: 3 {Stopped by convergence} 
[GF] Accuracy :: 7.84744e-15 || Iterations :: 233
[GF] Failures :: 0

[GF] Slice :: 4 {Stopped by convergence} 
[GF] Accuracy :: 8.48916e-15 || Iterations :: 247
[GF] Failures :: 0

[GF] Slice :: 5 {Stopped by convergence} 
[GF] Accuracy :: 9.20101e-15 || Iterations :: 251
[GF] Failures :: 0

[GF] Slice :: 6 {Stopped by convergence} 
[GF] Accuracy :: 7.99247e-15 || Iterations :: 188
[GF] Failures :: 0

[GF] Slice :: 7 {Stopped by convergence} 
[GF] Accuracy :: 8.11203e-15 || Iterations :: 309
[GF] Failures :: 0

[GF] Slice :: 8 {Stopped by convergence} 
[GF] Accuracy :: 5.91744e-15 || Iterations :: 128
[GF] Failures :: 0

[GF] Slice :: 9 {Stopped by convergence} 
[GF] Accuracy :: 9.47377e-15 || Iterations :: 211
[GF] Failures :: 0

[GF] Slice :: 10 {Stopped by convergence} 
[GF] Accuracy :: 9.44346e-15 || Iterations :: 255
[GF] Failures :: 0

[GF] Slice :: 11 {Stopped by convergence} 
[GF] Accuracy :: 7.16223e-15 || Iterations :: 158
[GF] Failures :: 0

[GF] Slice :: 12 {Stopped by convergence} 
[GF] Accuracy :: 9.93601e-15 || Iterations :: 226
[GF] Failures :: 0

[GF] Slice :: 13 {Stopped by convergence} 
[GF] Accuracy :: 9.31040e-15 || Iterations :: 309
[GF] Failures :: 0

[GF] Slice :: 14 {Stopped by convergence} 
[GF] Accuracy :: 9.77213e-15 || Iterations :: 198
[GF] Failures :: 0

[GF] Slice :: 15 {Stopped by convergence} 
[GF] Accuracy :: 8.10720e-15 || Iterations :: 165
[GF] Failures :: 0

[GF] Slice :: 16 {Stopped by convergence} 
[GF] Accuracy :: 8.62745e-15 || Iterations :: 283
[GF] Failures :: 0

[GF] Slice :: 17 {Stopped by convergence} 
[GF] Accuracy :: 9.87592e-15 || Iterations :: 150
[GF] Failures :: 0

[GF] Slice :: 18 {Stopped by convergence} 
[GF] Accuracy :: 9.97000e-15 || Iterations :: 309
[GF] Failures :: 0

[GF] Slice :: 19 {Stopped by convergence} 
[GF] Accuracy :: 8.88013e-15 || Iterations :: 285
[GF] Failures :: 0

[GF] Slice :: 20 {Stopped by convergence} 
[GF] Accuracy :: 7.70318e-15 || Iterations :: 182
[GF] Failures :: 0

[GF] Slice :: 21 {Stopped by convergence} 
[GF] Accuracy :: 8.10099e-15 || Iterations :: 173
[GF] Failures :: 0

[GF] Slice :: 22 {Stopped by convergence} 
[GF] Accuracy :: 8.34388e-15 || Iterations :: 193
[GF] Failures :: 0

[GF] Slice :: 23 {Stopped by convergence} 
[GF] Accuracy :: 8.69576e-15 || Iterations :: 158
[GF] Failures :: 0

[GF] Tuning :: 0.090000 || Iterations :: 5236 ||
[GF] Final Tlink :: -0.010982606752302 || Slink :: 0.882629029779879 
[GF] Plaquette :: 0.594065226777181 

[TIMER] elapsed :: 7.704332e+00 s 
[IO] Writing 4D_SU3_GAUGE binary data

[TIMER] elapsed :: 3.034806e-02 s 
[IO] Page size is :: 62.713688, Total malloc [More] 0.306519  [Less] 0.187867 
[IO] Using the faster/memory expensive code 

[TIMER] elapsed :: 1.857781e-01 s 
[IO] Configuration written to ../conf/S24T24_cg/wilson_b6.cg.1e-14.39 
 
Time for config 39: 0 hours 0 minutes 8 seconds
 
Processing configuration 40
 
Start time for config 40: Wed May 20 09:42:44 AM EDT 2026
[IO] Attempting to read a NERSC file 
[PAR] CONDOR_MODE selected .... 
[IO] reading file ../conf/S24T24/wilson_b6.40
[IO] Configuration number :: 1 
[INIT] GLU is Compiled for SU(3)

[DIMENSIONS] ( 24 x 24 x 24 x 24 )

[INIT] using 16 thread(s) 
[INIT] allocating su(2) subgroup indices
[IO] Read gauge field[IO] file offset 601
[IO] LOOP_VAR = 18
[IO] Reading gauge field (../conf/S24T24/wilson_b6.40) took
[TIMER] elapsed :: 3.800511e-02 s 
[IO] Header     Trace :: -0.000145           || Plaq :: 0.593523 
[IO] Calculated Trace :: -0.000144832388678  || Plaq :: 0.593522661019395 

[GF] Using the Fourier accelerated non-linear conjugate gradient (FACG) routines
[GF] Coulomb gauge accuracy of 1e-14 
[GF] Tuning parameter alpha :: 0.090000 
[GF] Performing AT MOST 6000 iterations before randomly restarting ... 
[GF] Allowing for 7 restarts before complaint ... 
[GF] Approximate O(a) exponential expansion, and reunitarisation in Gauge Fixing.
[GF] Initial Tlink :: 0.000010216825772 || Slink :: -0.000196515460161 
[GF] Plaquette :: 0.593522661019395 
[PAR_RNG] MWC_4096
[PAR_RNG] Entropy read Seed 533812398
[PAR_RNG] warmed up

[DB] initialised


[GF] Slice :: 0 {Stopped by convergence} 
[GF] Accuracy :: 8.38212e-15 || Iterations :: 125
[GF] Failures :: 0

[GF] Slice :: 1 {Stopped by convergence} 
[GF] Accuracy :: 8.46281e-15 || Iterations :: 211
[GF] Failures :: 0

[GF] Slice :: 2 {Stopped by convergence} 
[GF] Accuracy :: 8.55587e-15 || Iterations :: 191
[GF] Failures :: 0

[GF] Slice :: 3 {Stopped by convergence} 
[GF] Accuracy :: 9.51188e-15 || Iterations :: 196
[GF] Failures :: 0

[GF] Slice :: 4 {Stopped by convergence} 
[GF] Accuracy :: 8.73222e-15 || Iterations :: 163
[GF] Failures :: 0

[GF] Slice :: 5 {Stopped by convergence} 
[GF] Accuracy :: 7.17585e-15 || Iterations :: 140
[GF] Failures :: 0

[GF] Slice :: 6 {Stopped by convergence} 
[GF] Accuracy :: 7.75786e-15 || Iterations :: 126
[GF] Failures :: 0

[GF] Slice :: 7 {Stopped by convergence} 
[GF] Accuracy :: 9.24346e-15 || Iterations :: 155
[GF] Failures :: 0

[GF] Slice :: 8 {Stopped by convergence} 
[GF] Accuracy :: 8.12394e-15 || Iterations :: 228
[GF] Failures :: 0

[GF] Slice :: 9 {Stopped by convergence} 
[GF] Accuracy :: 8.00711e-15 || Iterations :: 111
[GF] Failures :: 0

[GF] Slice :: 10 {Stopped by convergence} 
[GF] Accuracy :: 8.83898e-15 || Iterations :: 146
[GF] Failures :: 0

[GF] Slice :: 11 {Stopped by convergence} 
[GF] Accuracy :: 8.92833e-15 || Iterations :: 162
[GF] Failures :: 0

[GF] Slice :: 12 {Stopped by convergence} 
[GF] Accuracy :: 9.75478e-15 || Iterations :: 238
[GF] Failures :: 0

[GF] Slice :: 13 {Stopped by convergence} 
[GF] Accuracy :: 9.91247e-15 || Iterations :: 616
[GF] Failures :: 0

[GF] Slice :: 14 {Stopped by convergence} 
[GF] Accuracy :: 6.86690e-15 || Iterations :: 244
[GF] Failures :: 0

[GF] Slice :: 15 {Stopped by convergence} 
[GF] Accuracy :: 9.41564e-15 || Iterations :: 169
[GF] Failures :: 0

[GF] Slice :: 16 {Stopped by convergence} 
[GF] Accuracy :: 9.71714e-15 || Iterations :: 286
[GF] Failures :: 0

[GF] Slice :: 17 {Stopped by convergence} 
[GF] Accuracy :: 9.38911e-15 || Iterations :: 243
[GF] Failures :: 0

[GF] Slice :: 18 {Stopped by convergence} 
[GF] Accuracy :: 9.25153e-15 || Iterations :: 373
[GF] Failures :: 0

[GF] Slice :: 19 {Stopped by convergence} 
[GF] Accuracy :: 8.98399e-15 || Iterations :: 378
[GF] Failures :: 0

[GF] Slice :: 20 {Stopped by convergence} 
[GF] Accuracy :: 9.29167e-15 || Iterations :: 197
[GF] Failures :: 0

[GF] Slice :: 21 {Stopped by convergence} 
[GF] Accuracy :: 9.98938e-15 || Iterations :: 464
[GF] Failures :: 0

[GF] Slice :: 22 {Stopped by convergence} 
[GF] Accuracy :: 8.06683e-15 || Iterations :: 201
[GF] Failures :: 0

[GF] Slice :: 23 {Stopped by convergence} 
[GF] Accuracy :: 9.07899e-15 || Iterations :: 139
[GF] Failures :: 0

[GF] Tuning :: 0.090000 || Iterations :: 5502 ||
[GF] Final Tlink :: -0.013931632055204 || Slink :: 0.882343007499380 
[GF] Plaquette :: 0.593522661019395 

[TIMER] elapsed :: 7.737027e+00 s 
[IO] Writing 4D_SU3_GAUGE binary data

[TIMER] elapsed :: 2.979302e-02 s 
[IO] Page size is :: 62.713688, Total malloc [More] 0.306519  [Less] 0.187867 
[IO] Using the faster/memory expensive code 

[TIMER] elapsed :: 1.849411e-01 s 
[IO] Configuration written to ../conf/S24T24_cg/wilson_b6.cg.1e-14.40 
 
Time for config 40: 0 hours 0 minutes 8 seconds
 
Processing configuration 41
 
Start time for config 41: Wed May 20 09:42:52 AM EDT 2026
[IO] Attempting to read a NERSC file 
[PAR] CONDOR_MODE selected .... 
[IO] reading file ../conf/S24T24/wilson_b6.41
[IO] Configuration number :: 1 
[INIT] GLU is Compiled for SU(3)

[DIMENSIONS] ( 24 x 24 x 24 x 24 )

[INIT] using 16 thread(s) 
[INIT] allocating su(2) subgroup indices
[IO] Read gauge field[IO] file offset 602
[IO] LOOP_VAR = 18
[IO] Reading gauge field (../conf/S24T24/wilson_b6.41) took
[TIMER] elapsed :: 4.061103e-02 s 
[IO] Header     Trace :: -0.000255           || Plaq :: 0.593777 
[IO] Calculated Trace :: -0.000254967623566  || Plaq :: 0.593776929134622 

[GF] Using the Fourier accelerated non-linear conjugate gradient (FACG) routines
[GF] Coulomb gauge accuracy of 1e-14 
[GF] Tuning parameter alpha :: 0.090000 
[GF] Performing AT MOST 6000 iterations before randomly restarting ... 
[GF] Allowing for 7 restarts before complaint ... 
[GF] Approximate O(a) exponential expansion, and reunitarisation in Gauge Fixing.
[GF] Initial Tlink :: 0.000282423068994 || Slink :: -0.000434097854419 
[GF] Plaquette :: 0.593776929134622 
[PAR_RNG] MWC_4096
[PAR_RNG] Entropy read Seed 2447243250
[PAR_RNG] warmed up

[DB] initialised


[GF] Slice :: 0 {Stopped by convergence} 
[GF] Accuracy :: 9.27713e-15 || Iterations :: 266
[GF] Failures :: 0

[GF] Slice :: 1 {Stopped by convergence} 
[GF] Accuracy :: 9.80086e-15 || Iterations :: 181
[GF] Failures :: 0

[GF] Slice :: 2 {Stopped by convergence} 
[GF] Accuracy :: 8.17316e-15 || Iterations :: 205
[GF] Failures :: 0

[GF] Slice :: 3 {Stopped by convergence} 
[GF] Accuracy :: 7.53106e-15 || Iterations :: 162
[GF] Failures :: 0

[GF] Slice :: 4 {Stopped by convergence} 
[GF] Accuracy :: 6.15021e-15 || Iterations :: 200
[GF] Failures :: 0

[GF] Slice :: 5 {Stopped by convergence} 
[GF] Accuracy :: 7.93091e-15 || Iterations :: 169
[GF] Failures :: 0

[GF] Slice :: 6 {Stopped by convergence} 
[GF] Accuracy :: 7.50709e-15 || Iterations :: 142
[GF] Failures :: 0

[GF] Slice :: 7 {Stopped by convergence} 
[GF] Accuracy :: 9.05508e-15 || Iterations :: 199
[GF] Failures :: 0

[GF] Slice :: 8 {Stopped by convergence} 
[GF] Accuracy :: 9.63490e-15 || Iterations :: 133
[GF] Failures :: 0

[GF] Slice :: 9 {Stopped by convergence} 
[GF] Accuracy :: 7.87306e-15 || Iterations :: 161
[GF] Failures :: 0

[GF] Slice :: 10 {Stopped by convergence} 
[GF] Accuracy :: 8.53302e-15 || Iterations :: 272
[GF] Failures :: 0

[GF] Slice :: 11 {Stopped by convergence} 
[GF] Accuracy :: 8.02155e-15 || Iterations :: 256
[GF] Failures :: 0

[GF] Slice :: 12 {Stopped by convergence} 
[GF] Accuracy :: 8.11135e-15 || Iterations :: 155
[GF] Failures :: 0

[GF] Slice :: 13 {Stopped by convergence} 
[GF] Accuracy :: 9.38419e-15 || Iterations :: 180
[GF] Failures :: 0

[GF] Slice :: 14 {Stopped by convergence} 
[GF] Accuracy :: 6.62644e-15 || Iterations :: 154
[GF] Failures :: 0

[GF] Slice :: 15 {Stopped by convergence} 
[GF] Accuracy :: 9.51011e-15 || Iterations :: 144
[GF] Failures :: 0

[GF] Slice :: 16 {Stopped by convergence} 
[GF] Accuracy :: 6.97369e-15 || Iterations :: 154
[GF] Failures :: 0

[GF] Slice :: 17 {Stopped by convergence} 
[GF] Accuracy :: 8.29465e-15 || Iterations :: 180
[GF] Failures :: 0

[GF] Slice :: 18 {Stopped by convergence} 
[GF] Accuracy :: 8.09256e-15 || Iterations :: 182
[GF] Failures :: 0

[GF] Slice :: 19 {Stopped by convergence} 
[GF] Accuracy :: 9.90823e-15 || Iterations :: 157
[GF] Failures :: 0

[GF] Slice :: 20 {Stopped by convergence} 
[GF] Accuracy :: 9.25770e-15 || Iterations :: 208
[GF] Failures :: 0

[GF] Slice :: 21 {Stopped by convergence} 
[GF] Accuracy :: 8.71724e-15 || Iterations :: 150
[GF] Failures :: 0

[GF] Slice :: 22 {Stopped by convergence} 
[GF] Accuracy :: 9.33093e-15 || Iterations :: 211
[GF] Failures :: 0

[GF] Slice :: 23 {Stopped by convergence} 
[GF] Accuracy :: 7.39512e-15 || Iterations :: 159
[GF] Failures :: 0

[GF] Tuning :: 0.090000 || Iterations :: 4380 ||
[GF] Final Tlink :: 0.007607048399988 || Slink :: 0.882457868179641 
[GF] Plaquette :: 0.593776929134622 

[TIMER] elapsed :: 6.012394e+00 s 
[IO] Writing 4D_SU3_GAUGE binary data

[TIMER] elapsed :: 2.878690e-02 s 
[IO] Page size is :: 62.713688, Total malloc [More] 0.306519  [Less] 0.187867 
[IO] Using the faster/memory expensive code 

[TIMER] elapsed :: 1.961961e-01 s 
[IO] Configuration written to ../conf/S24T24_cg/wilson_b6.cg.1e-14.41 
 
Time for config 41: 0 hours 0 minutes 7 seconds
 
Processing configuration 42
 
Start time for config 42: Wed May 20 09:42:59 AM EDT 2026
[IO] Attempting to read a NERSC file 
[PAR] CONDOR_MODE selected .... 
[IO] reading file ../conf/S24T24/wilson_b6.42
[IO] Configuration number :: 1 
[INIT] GLU is Compiled for SU(3)

[DIMENSIONS] ( 24 x 24 x 24 x 24 )

[INIT] using 16 thread(s) 
[INIT] allocating su(2) subgroup indices
[IO] Read gauge field[IO] file offset 601
[IO] LOOP_VAR = 18
[IO] Reading gauge field (../conf/S24T24/wilson_b6.42) took
[TIMER] elapsed :: 3.844905e-02 s 
[IO] Header     Trace :: 0.000179           || Plaq :: 0.594255 
[IO] Calculated Trace :: 0.000178852019832  || Plaq :: 0.594254833466594 

[GF] Using the Fourier accelerated non-linear conjugate gradient (FACG) routines
[GF] Coulomb gauge accuracy of 1e-14 
[GF] Tuning parameter alpha :: 0.090000 
[GF] Performing AT MOST 6000 iterations before randomly restarting ... 
[GF] Allowing for 7 restarts before complaint ... 
[GF] Approximate O(a) exponential expansion, and reunitarisation in Gauge Fixing.
[GF] Initial Tlink :: 0.000609754378356 || Slink :: 0.000035217900324 
[GF] Plaquette :: 0.594254833466594 
[PAR_RNG] MWC_4096
[PAR_RNG] Entropy read Seed 2022519773
[PAR_RNG] warmed up

[DB] initialised


[GF] Slice :: 0 {Stopped by convergence} 
[GF] Accuracy :: 6.14377e-15 || Iterations :: 119
[GF] Failures :: 0

[GF] Slice :: 1 {Stopped by convergence} 
[GF] Accuracy :: 8.71245e-15 || Iterations :: 138
[GF] Failures :: 0

[GF] Slice :: 2 {Stopped by convergence} 
[GF] Accuracy :: 8.51661e-15 || Iterations :: 197
[GF] Failures :: 0

[GF] Slice :: 3 {Stopped by convergence} 
[GF] Accuracy :: 8.60107e-15 || Iterations :: 127
[GF] Failures :: 0

[GF] Slice :: 4 {Stopped by convergence} 
[GF] Accuracy :: 8.30649e-15 || Iterations :: 152
[GF] Failures :: 0

[GF] Slice :: 5 {Stopped by convergence} 
[GF] Accuracy :: 8.09960e-15 || Iterations :: 144
[GF] Failures :: 0

[GF] Slice :: 6 {Stopped by convergence} 
[GF] Accuracy :: 7.67326e-15 || Iterations :: 134
[GF] Failures :: 0

[GF] Slice :: 7 {Stopped by convergence} 
[GF] Accuracy :: 8.18344e-15 || Iterations :: 149
[GF] Failures :: 0

[GF] Slice :: 8 {Stopped by convergence} 
[GF] Accuracy :: 9.41618e-15 || Iterations :: 158
[GF] Failures :: 0

[GF] Slice :: 9 {Stopped by convergence} 
[GF] Accuracy :: 7.29646e-15 || Iterations :: 125
[GF] Failures :: 0

[GF] Slice :: 10 {Stopped by convergence} 
[GF] Accuracy :: 5.91770e-15 || Iterations :: 169
[GF] Failures :: 0

[GF] Slice :: 11 {Stopped by convergence} 
[GF] Accuracy :: 8.71836e-15 || Iterations :: 147
[GF] Failures :: 0

[GF] Slice :: 12 {Stopped by convergence} 
[GF] Accuracy :: 9.20028e-15 || Iterations :: 365
[GF] Failures :: 0

[GF] Slice :: 13 {Stopped by convergence} 
[GF] Accuracy :: 9.73642e-15 || Iterations :: 262
[GF] Failures :: 0

[GF] Slice :: 14 {Stopped by convergence} 
[GF] Accuracy :: 9.99178e-15 || Iterations :: 187
[GF] Failures :: 0

[GF] Slice :: 15 {Stopped by convergence} 
[GF] Accuracy :: 9.88798e-15 || Iterations :: 206
[GF] Failures :: 0

[GF] Slice :: 16 {Stopped by convergence} 
[GF] Accuracy :: 9.98968e-15 || Iterations :: 314
[GF] Failures :: 0

[GF] Slice :: 17 {Stopped by convergence} 
[GF] Accuracy :: 8.14982e-15 || Iterations :: 186
[GF] Failures :: 0

[GF] Slice :: 18 {Stopped by convergence} 
[GF] Accuracy :: 8.85971e-15 || Iterations :: 161
[GF] Failures :: 0

[GF] Slice :: 19 {Stopped by convergence} 
[GF] Accuracy :: 9.77980e-15 || Iterations :: 251
[GF] Failures :: 0

[GF] Slice :: 20 {Stopped by convergence} 
[GF] Accuracy :: 9.25355e-15 || Iterations :: 235
[GF] Failures :: 0

[GF] Slice :: 21 {Stopped by convergence} 
[GF] Accuracy :: 7.93435e-15 || Iterations :: 253
[GF] Failures :: 0

[GF] Slice :: 22 {Stopped by convergence} 
[GF] Accuracy :: 9.01503e-15 || Iterations :: 213
[GF] Failures :: 0

[GF] Slice :: 23 {Stopped by convergence} 
[GF] Accuracy :: 8.93954e-15 || Iterations :: 139
[GF] Failures :: 0

[GF] Tuning :: 0.090000 || Iterations :: 4531 ||
[GF] Final Tlink :: -0.015878801124385 || Slink :: 0.882867232743298 
[GF] Plaquette :: 0.594254833466594 

[TIMER] elapsed :: 6.455081e+00 s 
[IO] Writing 4D_SU3_GAUGE binary data

[TIMER] elapsed :: 2.871799e-02 s 
[IO] Page size is :: 62.713688, Total malloc [More] 0.306519  [Less] 0.187867 
[IO] Using the faster/memory expensive code 

[TIMER] elapsed :: 1.900411e-01 s 
[IO] Configuration written to ../conf/S24T24_cg/wilson_b6.cg.1e-14.42 
 
Time for config 42: 0 hours 0 minutes 7 seconds
 
Processing configuration 43
 
Start time for config 43: Wed May 20 09:43:06 AM EDT 2026
[IO] Attempting to read a NERSC file 
[PAR] CONDOR_MODE selected .... 
[IO] reading file ../conf/S24T24/wilson_b6.43
[IO] Configuration number :: 1 
[INIT] GLU is Compiled for SU(3)

[DIMENSIONS] ( 24 x 24 x 24 x 24 )

[INIT] using 16 thread(s) 
[INIT] allocating su(2) subgroup indices
[IO] Read gauge field[IO] file offset 602
[IO] LOOP_VAR = 18
[IO] Reading gauge field (../conf/S24T24/wilson_b6.43) took
[TIMER] elapsed :: 3.750896e-02 s 
[IO] Header     Trace :: -0.000031           || Plaq :: 0.593905 
[IO] Calculated Trace :: -0.000030970387770  || Plaq :: 0.593904756356987 

[GF] Using the Fourier accelerated non-linear conjugate gradient (FACG) routines
[GF] Coulomb gauge accuracy of 1e-14 
[GF] Tuning parameter alpha :: 0.090000 
[GF] Performing AT MOST 6000 iterations before randomly restarting ... 
[GF] Allowing for 7 restarts before complaint ... 
[GF] Approximate O(a) exponential expansion, and reunitarisation in Gauge Fixing.
[GF] Initial Tlink :: -0.000045916346329 || Slink :: -0.000025988401584 
[GF] Plaquette :: 0.593904756356987 
[PAR_RNG] MWC_4096
[PAR_RNG] Entropy read Seed 3060301519
[PAR_RNG] warmed up

[DB] initialised


[GF] Slice :: 0 {Stopped by convergence} 
[GF] Accuracy :: 9.57453e-15 || Iterations :: 163
[GF] Failures :: 0

[GF] Slice :: 1 {Stopped by convergence} 
[GF] Accuracy :: 9.00852e-15 || Iterations :: 121
[GF] Failures :: 0

[GF] Slice :: 2 {Stopped by convergence} 
[GF] Accuracy :: 9.46027e-15 || Iterations :: 239
[GF] Failures :: 0

[GF] Slice :: 3 {Stopped by convergence} 
[GF] Accuracy :: 8.47281e-15 || Iterations :: 185
[GF] Failures :: 0

[GF] Slice :: 4 {Stopped by convergence} 
[GF] Accuracy :: 9.89470e-15 || Iterations :: 217
[GF] Failures :: 0

[GF] Slice :: 5 {Stopped by convergence} 
[GF] Accuracy :: 9.67911e-15 || Iterations :: 123
[GF] Failures :: 0

[GF] Slice :: 6 {Stopped by convergence} 
[GF] Accuracy :: 7.10948e-15 || Iterations :: 159
[GF] Failures :: 0

[GF] Slice :: 7 {Stopped by convergence} 
[GF] Accuracy :: 8.17632e-15 || Iterations :: 158
[GF] Failures :: 0

[GF] Slice :: 8 {Stopped by convergence} 
[GF] Accuracy :: 9.81427e-15 || Iterations :: 157
[GF] Failures :: 0

[GF] Slice :: 9 {Stopped by convergence} 
[GF] Accuracy :: 8.00192e-15 || Iterations :: 253
[GF] Failures :: 0

[GF] Slice :: 10 {Stopped by convergence} 
[GF] Accuracy :: 8.48787e-15 || Iterations :: 143
[GF] Failures :: 0

[GF] Slice :: 11 {Stopped by convergence} 
[GF] Accuracy :: 9.25668e-15 || Iterations :: 132
[GF] Failures :: 0

[GF] Slice :: 12 {Stopped by convergence} 
[GF] Accuracy :: 9.15145e-15 || Iterations :: 196
[GF] Failures :: 0

[GF] Slice :: 13 {Stopped by convergence} 
[GF] Accuracy :: 9.93805e-15 || Iterations :: 182
[GF] Failures :: 0

[GF] Slice :: 14 {Stopped by convergence} 
[GF] Accuracy :: 8.04286e-15 || Iterations :: 186
[GF] Failures :: 0

[GF] Slice :: 15 {Stopped by convergence} 
[GF] Accuracy :: 9.44456e-15 || Iterations :: 174
[GF] Failures :: 0

[GF] Slice :: 16 {Stopped by convergence} 
[GF] Accuracy :: 8.59476e-15 || Iterations :: 233
[GF] Failures :: 0

[GF] Slice :: 17 {Stopped by convergence} 
[GF] Accuracy :: 7.55537e-15 || Iterations :: 148
[GF] Failures :: 0

[GF] Slice :: 18 {Stopped by convergence} 
[GF] Accuracy :: 8.26323e-15 || Iterations :: 223
[GF] Failures :: 0

[GF] Slice :: 19 {Stopped by convergence} 
[GF] Accuracy :: 7.27339e-15 || Iterations :: 144
[GF] Failures :: 0

[GF] Slice :: 20 {Stopped by convergence} 
[GF] Accuracy :: 9.59323e-15 || Iterations :: 218
[GF] Failures :: 0

[GF] Slice :: 21 {Stopped by convergence} 
[GF] Accuracy :: 9.91199e-15 || Iterations :: 156
[GF] Failures :: 0

[GF] Slice :: 22 {Stopped by convergence} 
[GF] Accuracy :: 9.30848e-15 || Iterations :: 180
[GF] Failures :: 0

[GF] Slice :: 23 {Stopped by convergence} 
[GF] Accuracy :: 7.17062e-15 || Iterations :: 216
[GF] Failures :: 0

[GF] Tuning :: 0.090000 || Iterations :: 4306 ||
[GF] Final Tlink :: -0.030309087412452 || Slink :: 0.882516887553290 
[GF] Plaquette :: 0.593904756356988 

[TIMER] elapsed :: 6.290173e+00 s 
[IO] Writing 4D_SU3_GAUGE binary data

[TIMER] elapsed :: 2.905798e-02 s 
[IO] Page size is :: 62.713688, Total malloc [More] 0.306519  [Less] 0.187867 
[IO] Using the faster/memory expensive code 

[TIMER] elapsed :: 1.863720e-01 s 
[IO] Configuration written to ../conf/S24T24_cg/wilson_b6.cg.1e-14.43 
 
Time for config 43: 0 hours 0 minutes 7 seconds
 
Processing configuration 44
 
Start time for config 44: Wed May 20 09:43:13 AM EDT 2026
[IO] Attempting to read a NERSC file 
[PAR] CONDOR_MODE selected .... 
[IO] reading file ../conf/S24T24/wilson_b6.44
[IO] Configuration number :: 1 
[INIT] GLU is Compiled for SU(3)

[DIMENSIONS] ( 24 x 24 x 24 x 24 )

[INIT] using 16 thread(s) 
[INIT] allocating su(2) subgroup indices
[IO] Read gauge field[IO] file offset 602
[IO] LOOP_VAR = 18
[IO] Reading gauge field (../conf/S24T24/wilson_b6.44) took
[TIMER] elapsed :: 3.780699e-02 s 
[IO] Header     Trace :: -0.000140           || Plaq :: 0.593687 
[IO] Calculated Trace :: -0.000140110187403  || Plaq :: 0.593687020774209 

[GF] Using the Fourier accelerated non-linear conjugate gradient (FACG) routines
[GF] Coulomb gauge accuracy of 1e-14 
[GF] Tuning parameter alpha :: 0.090000 
[GF] Performing AT MOST 6000 iterations before randomly restarting ... 
[GF] Allowing for 7 restarts before complaint ... 
[GF] Approximate O(a) exponential expansion, and reunitarisation in Gauge Fixing.
[GF] Initial Tlink :: 0.000447292652611 || Slink :: -0.000335911134075 
[GF] Plaquette :: 0.593687020774209 
[PAR_RNG] MWC_4096
[PAR_RNG] Entropy read Seed 2450203364
[PAR_RNG] warmed up

[DB] initialised


[GF] Slice :: 0 {Stopped by convergence} 
[GF] Accuracy :: 8.85070e-15 || Iterations :: 441
[GF] Failures :: 0

[GF] Slice :: 1 {Stopped by convergence} 
[GF] Accuracy :: 8.75022e-15 || Iterations :: 143
[GF] Failures :: 0

[GF] Slice :: 2 {Stopped by convergence} 
[GF] Accuracy :: 7.04931e-15 || Iterations :: 131
[GF] Failures :: 0

[GF] Slice :: 3 {Stopped by convergence} 
[GF] Accuracy :: 7.23276e-15 || Iterations :: 187
[GF] Failures :: 0

[GF] Slice :: 4 {Stopped by convergence} 
[GF] Accuracy :: 9.78311e-15 || Iterations :: 228
[GF] Failures :: 0

[GF] Slice :: 5 {Stopped by convergence} 
[GF] Accuracy :: 8.10273e-15 || Iterations :: 121
[GF] Failures :: 0

[GF] Slice :: 6 {Stopped by convergence} 
[GF] Accuracy :: 7.82110e-15 || Iterations :: 166
[GF] Failures :: 0

[GF] Slice :: 7 {Stopped by convergence} 
[GF] Accuracy :: 8.05149e-15 || Iterations :: 126
[GF] Failures :: 0

[GF] Slice :: 8 {Stopped by convergence} 
[GF] Accuracy :: 8.33145e-15 || Iterations :: 169
[GF] Failures :: 0

[GF] Slice :: 9 {Stopped by convergence} 
[GF] Accuracy :: 9.61396e-15 || Iterations :: 163
[GF] Failures :: 0

[GF] Slice :: 10 {Stopped by convergence} 
[GF] Accuracy :: 8.89309e-15 || Iterations :: 162
[GF] Failures :: 0

[GF] Slice :: 11 {Stopped by convergence} 
[GF] Accuracy :: 9.77929e-15 || Iterations :: 199
[GF] Failures :: 0

[GF] Slice :: 12 {Stopped by convergence} 
[GF] Accuracy :: 8.78395e-15 || Iterations :: 219
[GF] Failures :: 0

[GF] Slice :: 13 {Stopped by convergence} 
[GF] Accuracy :: 9.99948e-15 || Iterations :: 289
[GF] Failures :: 0

[GF] Slice :: 14 {Stopped by convergence} 
[GF] Accuracy :: 8.06921e-15 || Iterations :: 133
[GF] Failures :: 0

[GF] Slice :: 15 {Stopped by convergence} 
[GF] Accuracy :: 9.71257e-15 || Iterations :: 284
[GF] Failures :: 0

[GF] Slice :: 16 {Stopped by convergence} 
[GF] Accuracy :: 7.95050e-15 || Iterations :: 183
[GF] Failures :: 0

[GF] Slice :: 17 {Stopped by convergence} 
[GF] Accuracy :: 7.97380e-15 || Iterations :: 159
[GF] Failures :: 0

[GF] Slice :: 18 {Stopped by convergence} 
[GF] Accuracy :: 8.74071e-15 || Iterations :: 144
[GF] Failures :: 0

[GF] Slice :: 19 {Stopped by convergence} 
[GF] Accuracy :: 6.08199e-15 || Iterations :: 236
[GF] Failures :: 0

[GF] Slice :: 20 {Stopped by convergence} 
[GF] Accuracy :: 9.73161e-15 || Iterations :: 230
[GF] Failures :: 0

[GF] Slice :: 21 {Stopped by convergence} 
[GF] Accuracy :: 7.89729e-15 || Iterations :: 122
[GF] Failures :: 0

[GF] Slice :: 22 {Stopped by convergence} 
[GF] Accuracy :: 6.56279e-15 || Iterations :: 172
[GF] Failures :: 0

[GF] Slice :: 23 {Stopped by convergence} 
[GF] Accuracy :: 7.22566e-15 || Iterations :: 206
[GF] Failures :: 0

[GF] Tuning :: 0.090000 || Iterations :: 4613 ||
[GF] Final Tlink :: 0.021896614777725 || Slink :: 0.882444320650010 
[GF] Plaquette :: 0.593687020774209 

[TIMER] elapsed :: 6.855284e+00 s 
[IO] Writing 4D_SU3_GAUGE binary data

[TIMER] elapsed :: 2.907777e-02 s 
[IO] Page size is :: 62.713688, Total malloc [More] 0.306519  [Less] 0.187867 
[IO] Using the faster/memory expensive code 

[TIMER] elapsed :: 1.879780e-01 s 
[IO] Configuration written to ../conf/S24T24_cg/wilson_b6.cg.1e-14.44 
 
Time for config 44: 0 hours 0 minutes 7 seconds
 
Processing configuration 45
 
Start time for config 45: Wed May 20 09:43:20 AM EDT 2026
[IO] Attempting to read a NERSC file 
[PAR] CONDOR_MODE selected .... 
[IO] reading file ../conf/S24T24/wilson_b6.45
[IO] Configuration number :: 1 
[INIT] GLU is Compiled for SU(3)

[DIMENSIONS] ( 24 x 24 x 24 x 24 )

[INIT] using 16 thread(s) 
[INIT] allocating su(2) subgroup indices
[IO] Read gauge field[IO] file offset 601
[IO] LOOP_VAR = 18
[IO] Reading gauge field (../conf/S24T24/wilson_b6.45) took
[TIMER] elapsed :: 4.361200e-02 s 
[IO] Header     Trace :: 0.000545           || Plaq :: 0.593846 
[IO] Calculated Trace :: 0.000544803651874  || Plaq :: 0.593845558189486 

[GF] Using the Fourier accelerated non-linear conjugate gradient (FACG) routines
[GF] Coulomb gauge accuracy of 1e-14 
[GF] Tuning parameter alpha :: 0.090000 
[GF] Performing AT MOST 6000 iterations before randomly restarting ... 
[GF] Allowing for 7 restarts before complaint ... 
[GF] Approximate O(a) exponential expansion, and reunitarisation in Gauge Fixing.
[GF] Initial Tlink :: -0.000280985685886 || Slink :: 0.000820066764461 
[GF] Plaquette :: 0.593845558189486 
[PAR_RNG] MWC_4096
[PAR_RNG] Entropy read Seed 3771794860
[PAR_RNG] warmed up

[DB] initialised


[GF] Slice :: 0 {Stopped by convergence} 
[GF] Accuracy :: 8.24899e-15 || Iterations :: 279
[GF] Failures :: 0

[GF] Slice :: 1 {Stopped by convergence} 
[GF] Accuracy :: 8.66483e-15 || Iterations :: 166
[GF] Failures :: 0

[GF] Slice :: 2 {Stopped by convergence} 
[GF] Accuracy :: 8.44553e-15 || Iterations :: 136
[GF] Failures :: 0

[GF] Slice :: 3 {Stopped by convergence} 
[GF] Accuracy :: 9.30151e-15 || Iterations :: 210
[GF] Failures :: 0

[GF] Slice :: 4 {Stopped by convergence} 
[GF] Accuracy :: 9.01122e-15 || Iterations :: 135
[GF] Failures :: 0

[GF] Slice :: 5 {Stopped by convergence} 
[GF] Accuracy :: 7.72658e-15 || Iterations :: 231
[GF] Failures :: 0

[GF] Slice :: 6 {Stopped by convergence} 
[GF] Accuracy :: 7.08878e-15 || Iterations :: 128
[GF] Failures :: 0

[GF] Slice :: 7 {Stopped by convergence} 
[GF] Accuracy :: 7.77967e-15 || Iterations :: 131
[GF] Failures :: 0

[GF] Slice :: 8 {Stopped by convergence} 
[GF] Accuracy :: 9.66170e-15 || Iterations :: 212
[GF] Failures :: 0

[GF] Slice :: 9 {Stopped by convergence} 
[GF] Accuracy :: 8.18480e-15 || Iterations :: 132
[GF] Failures :: 0

[GF] Slice :: 10 {Stopped by convergence} 
[GF] Accuracy :: 8.63167e-15 || Iterations :: 243
[GF] Failures :: 0

[GF] Slice :: 11 {Stopped by convergence} 
[GF] Accuracy :: 8.52096e-15 || Iterations :: 248
[GF] Failures :: 0

[GF] Slice :: 12 {Stopped by convergence} 
[GF] Accuracy :: 9.58863e-15 || Iterations :: 220
[GF] Failures :: 0

[GF] Slice :: 13 {Stopped by convergence} 
[GF] Accuracy :: 9.37932e-15 || Iterations :: 155
[GF] Failures :: 0

[GF] Slice :: 14 {Stopped by convergence} 
[GF] Accuracy :: 8.59588e-15 || Iterations :: 153
[GF] Failures :: 0

[GF] Slice :: 15 {Stopped by convergence} 
[GF] Accuracy :: 9.20465e-15 || Iterations :: 165
[GF] Failures :: 0

[GF] Slice :: 16 {Stopped by convergence} 
[GF] Accuracy :: 9.45556e-15 || Iterations :: 203
[GF] Failures :: 0

[GF] Slice :: 17 {Stopped by convergence} 
[GF] Accuracy :: 9.59954e-15 || Iterations :: 177
[GF] Failures :: 0

[GF] Slice :: 18 {Stopped by convergence} 
[GF] Accuracy :: 9.76752e-15 || Iterations :: 258
[GF] Failures :: 0

[GF] Slice :: 19 {Stopped by convergence} 
[GF] Accuracy :: 7.94793e-15 || Iterations :: 282
[GF] Failures :: 0

[GF] Slice :: 20 {Stopped by convergence} 
[GF] Accuracy :: 7.92188e-15 || Iterations :: 150
[GF] Failures :: 0

[GF] Slice :: 21 {Stopped by convergence} 
[GF] Accuracy :: 7.46754e-15 || Iterations :: 249
[GF] Failures :: 0

[GF] Slice :: 22 {Stopped by convergence} 
[GF] Accuracy :: 8.06858e-15 || Iterations :: 197
[GF] Failures :: 0

[GF] Slice :: 23 {Stopped by convergence} 
[GF] Accuracy :: 6.04346e-15 || Iterations :: 214
[GF] Failures :: 0

[GF] Tuning :: 0.090000 || Iterations :: 4674 ||
[GF] Final Tlink :: -0.000226066435848 || Slink :: 0.882566753138207 
[GF] Plaquette :: 0.593845558189486 

[TIMER] elapsed :: 6.744249e+00 s 
[IO] Writing 4D_SU3_GAUGE binary data

[TIMER] elapsed :: 3.747320e-02 s 
[IO] Page size is :: 62.713688, Total malloc [More] 0.306519  [Less] 0.187867 
[IO] Using the faster/memory expensive code 

[TIMER] elapsed :: 1.884451e-01 s 
[IO] Configuration written to ../conf/S24T24_cg/wilson_b6.cg.1e-14.45 
 
Time for config 45: 0 hours 0 minutes 7 seconds
 
Processing configuration 46
 
Start time for config 46: Wed May 20 09:43:27 AM EDT 2026
[IO] Attempting to read a NERSC file 
[PAR] CONDOR_MODE selected .... 
[IO] reading file ../conf/S24T24/wilson_b6.46
[IO] Configuration number :: 1 
[INIT] GLU is Compiled for SU(3)

[DIMENSIONS] ( 24 x 24 x 24 x 24 )

[INIT] using 16 thread(s) 
[INIT] allocating su(2) subgroup indices
[IO] Read gauge field[IO] file offset 600
[IO] LOOP_VAR = 18
[IO] Reading gauge field (../conf/S24T24/wilson_b6.46) took
[TIMER] elapsed :: 3.943110e-02 s 
[IO] Header     Trace :: 0.000036           || Plaq :: 0.593902 
[IO] Calculated Trace :: 0.000035509142627  || Plaq :: 0.593901902982677 

[GF] Using the Fourier accelerated non-linear conjugate gradient (FACG) routines
[GF] Coulomb gauge accuracy of 1e-14 
[GF] Tuning parameter alpha :: 0.090000 
[GF] Performing AT MOST 6000 iterations before randomly restarting ... 
[GF] Allowing for 7 restarts before complaint ... 
[GF] Approximate O(a) exponential expansion, and reunitarisation in Gauge Fixing.
[GF] Initial Tlink :: 0.000334712215749 || Slink :: -0.000064225215081 
[GF] Plaquette :: 0.593901902982677 
[PAR_RNG] MWC_4096
[PAR_RNG] Entropy read Seed 850588002
[PAR_RNG] warmed up

[DB] initialised


[GF] Slice :: 0 {Stopped by convergence} 
[GF] Accuracy :: 7.15037e-15 || Iterations :: 240
[GF] Failures :: 0

[GF] Slice :: 1 {Stopped by convergence} 
[GF] Accuracy :: 9.91458e-15 || Iterations :: 182
[GF] Failures :: 0

[GF] Slice :: 2 {Stopped by convergence} 
[GF] Accuracy :: 9.00114e-15 || Iterations :: 191
[GF] Failures :: 0

[GF] Slice :: 3 {Stopped by convergence} 
[GF] Accuracy :: 9.73524e-15 || Iterations :: 144
[GF] Failures :: 0

[GF] Slice :: 4 {Stopped by convergence} 
[GF] Accuracy :: 8.62028e-15 || Iterations :: 222
[GF] Failures :: 0

[GF] Slice :: 5 {Stopped by convergence} 
[GF] Accuracy :: 8.09876e-15 || Iterations :: 135
[GF] Failures :: 0

[GF] Slice :: 6 {Stopped by convergence} 
[GF] Accuracy :: 9.62531e-15 || Iterations :: 216
[GF] Failures :: 0

[GF] Slice :: 7 {Stopped by convergence} 
[GF] Accuracy :: 9.43161e-15 || Iterations :: 165
[GF] Failures :: 0

[GF] Slice :: 8 {Stopped by convergence} 
[GF] Accuracy :: 7.66851e-15 || Iterations :: 183
[GF] Failures :: 0

[GF] Slice :: 9 {Stopped by convergence} 
[GF] Accuracy :: 8.83218e-15 || Iterations :: 115
[GF] Failures :: 0

[GF] Slice :: 10 {Stopped by convergence} 
[GF] Accuracy :: 9.89668e-15 || Iterations :: 117
[GF] Failures :: 0

[GF] Slice :: 11 {Stopped by convergence} 
[GF] Accuracy :: 8.51675e-15 || Iterations :: 119
[GF] Failures :: 0

[GF] Slice :: 12 {Stopped by convergence} 
[GF] Accuracy :: 8.29755e-15 || Iterations :: 279
[GF] Failures :: 0

[GF] Slice :: 13 {Stopped by convergence} 
[GF] Accuracy :: 7.80406e-15 || Iterations :: 155
[GF] Failures :: 0

[GF] Slice :: 14 {Stopped by convergence} 
[GF] Accuracy :: 8.81735e-15 || Iterations :: 198
[GF] Failures :: 0

[GF] Slice :: 15 {Stopped by convergence} 
[GF] Accuracy :: 9.27804e-15 || Iterations :: 144
[GF] Failures :: 0

[GF] Slice :: 16 {Stopped by convergence} 
[GF] Accuracy :: 9.28694e-15 || Iterations :: 143
[GF] Failures :: 0

[GF] Slice :: 17 {Stopped by convergence} 
[GF] Accuracy :: 7.66697e-15 || Iterations :: 155
[GF] Failures :: 0

[GF] Slice :: 18 {Stopped by convergence} 
[GF] Accuracy :: 9.83454e-15 || Iterations :: 272
[GF] Failures :: 0

[GF] Slice :: 19 {Stopped by convergence} 
[GF] Accuracy :: 9.74666e-15 || Iterations :: 333
[GF] Failures :: 0

[GF] Slice :: 20 {Stopped by convergence} 
[GF] Accuracy :: 8.94424e-15 || Iterations :: 216
[GF] Failures :: 0

[GF] Slice :: 21 {Stopped by convergence} 
[GF] Accuracy :: 8.15990e-15 || Iterations :: 194
[GF] Failures :: 0

[GF] Slice :: 22 {Stopped by convergence} 
[GF] Accuracy :: 7.06367e-15 || Iterations :: 135
[GF] Failures :: 0

[GF] Slice :: 23 {Stopped by convergence} 
[GF] Accuracy :: 7.55579e-15 || Iterations :: 203
[GF] Failures :: 0

[GF] Tuning :: 0.090000 || Iterations :: 4456 ||
[GF] Final Tlink :: 0.016625283923657 || Slink :: 0.882585063857334 
[GF] Plaquette :: 0.593901902982678 

[TIMER] elapsed :: 6.548991e+00 s 
[IO] Writing 4D_SU3_GAUGE binary data

[TIMER] elapsed :: 3.163791e-02 s 
[IO] Page size is :: 62.713688, Total malloc [More] 0.306519  [Less] 0.187867 
[IO] Using the faster/memory expensive code 

[TIMER] elapsed :: 1.862462e-01 s 
[IO] Configuration written to ../conf/S24T24_cg/wilson_b6.cg.1e-14.46 
 
Time for config 46: 0 hours 0 minutes 7 seconds
 
Processing configuration 47
 
Start time for config 47: Wed May 20 09:43:34 AM EDT 2026
[IO] Attempting to read a NERSC file 
[PAR] CONDOR_MODE selected .... 
[IO] reading file ../conf/S24T24/wilson_b6.47
[IO] Configuration number :: 1 
[INIT] GLU is Compiled for SU(3)

[DIMENSIONS] ( 24 x 24 x 24 x 24 )

[INIT] using 16 thread(s) 
[INIT] allocating su(2) subgroup indices
[IO] Read gauge field[IO] file offset 601
[IO] LOOP_VAR = 18
[IO] Reading gauge field (../conf/S24T24/wilson_b6.47) took
[TIMER] elapsed :: 3.837204e-02 s 
[IO] Header     Trace :: -0.000337           || Plaq :: 0.593755 
[IO] Calculated Trace :: -0.000337169405754  || Plaq :: 0.593754624766519 

[GF] Using the Fourier accelerated non-linear conjugate gradient (FACG) routines
[GF] Coulomb gauge accuracy of 1e-14 
[GF] Tuning parameter alpha :: 0.090000 
[GF] Performing AT MOST 6000 iterations before randomly restarting ... 
[GF] Allowing for 7 restarts before complaint ... 
[GF] Approximate O(a) exponential expansion, and reunitarisation in Gauge Fixing.
[GF] Initial Tlink :: -0.000447543216506 || Slink :: -0.000300378135503 
[GF] Plaquette :: 0.593754624766519 
[PAR_RNG] MWC_4096
[PAR_RNG] Entropy read Seed 4167497375
[PAR_RNG] warmed up

[DB] initialised


[GF] Slice :: 0 {Stopped by convergence} 
[GF] Accuracy :: 9.85550e-15 || Iterations :: 147
[GF] Failures :: 0

[GF] Slice :: 1 {Stopped by convergence} 
[GF] Accuracy :: 8.44460e-15 || Iterations :: 176
[GF] Failures :: 0

[GF] Slice :: 2 {Stopped by convergence} 
[GF] Accuracy :: 8.97701e-15 || Iterations :: 154
[GF] Failures :: 0

[GF] Slice :: 3 {Stopped by convergence} 
[GF] Accuracy :: 9.07550e-15 || Iterations :: 167
[GF] Failures :: 0

[GF] Slice :: 4 {Stopped by convergence} 
[GF] Accuracy :: 9.84256e-15 || Iterations :: 177
[GF] Failures :: 0

[GF] Slice :: 5 {Stopped by convergence} 
[GF] Accuracy :: 8.82875e-15 || Iterations :: 163
[GF] Failures :: 0

[GF] Slice :: 6 {Stopped by convergence} 
[GF] Accuracy :: 8.83064e-15 || Iterations :: 221
[GF] Failures :: 0

[GF] Slice :: 7 {Stopped by convergence} 
[GF] Accuracy :: 9.30158e-15 || Iterations :: 143
[GF] Failures :: 0

[GF] Slice :: 8 {Stopped by convergence} 
[GF] Accuracy :: 7.42669e-15 || Iterations :: 145
[GF] Failures :: 0

[GF] Slice :: 9 {Stopped by convergence} 
[GF] Accuracy :: 8.73467e-15 || Iterations :: 163
[GF] Failures :: 0

[GF] Slice :: 10 {Stopped by convergence} 
[GF] Accuracy :: 9.67417e-15 || Iterations :: 254
[GF] Failures :: 0

[GF] Slice :: 11 {Stopped by convergence} 
[GF] Accuracy :: 7.19641e-15 || Iterations :: 201
[GF] Failures :: 0

[GF] Slice :: 12 {Stopped by convergence} 
[GF] Accuracy :: 9.15532e-15 || Iterations :: 258
[GF] Failures :: 0

[GF] Slice :: 13 {Stopped by convergence} 
[GF] Accuracy :: 8.38073e-15 || Iterations :: 171
[GF] Failures :: 0

[GF] Slice :: 14 {Stopped by convergence} 
[GF] Accuracy :: 7.72889e-15 || Iterations :: 121
[GF] Failures :: 0

[GF] Slice :: 15 {Stopped by convergence} 
[GF] Accuracy :: 6.66611e-15 || Iterations :: 194
[GF] Failures :: 0

[GF] Slice :: 16 {Stopped by convergence} 
[GF] Accuracy :: 9.27403e-15 || Iterations :: 170
[GF] Failures :: 0

[GF] Slice :: 17 {Stopped by convergence} 
[GF] Accuracy :: 9.71555e-15 || Iterations :: 188
[GF] Failures :: 0

[GF] Slice :: 18 {Stopped by convergence} 
[GF] Accuracy :: 8.35239e-15 || Iterations :: 278
[GF] Failures :: 0

[GF] Slice :: 19 {Stopped by convergence} 
[GF] Accuracy :: 7.85766e-15 || Iterations :: 185
[GF] Failures :: 0

[GF] Slice :: 20 {Stopped by convergence} 
[GF] Accuracy :: 9.53026e-15 || Iterations :: 177
[GF] Failures :: 0

[GF] Slice :: 21 {Stopped by convergence} 
[GF] Accuracy :: 8.90438e-15 || Iterations :: 247
[GF] Failures :: 0

[GF] Slice :: 22 {Stopped by convergence} 
[GF] Accuracy :: 9.04858e-15 || Iterations :: 241
[GF] Failures :: 0

[GF] Slice :: 23 {Stopped by convergence} 
[GF] Accuracy :: 7.18498e-15 || Iterations :: 137
[GF] Failures :: 0

[GF] Tuning :: 0.090000 || Iterations :: 4478 ||
[GF] Final Tlink :: -0.014527314537482 || Slink :: 0.882402515312225 
[GF] Plaquette :: 0.593754624766519 

[TIMER] elapsed :: 6.373177e+00 s 
[IO] Writing 4D_SU3_GAUGE binary data

[TIMER] elapsed :: 2.934194e-02 s 
[IO] Page size is :: 62.713688, Total malloc [More] 0.306519  [Less] 0.187867 
[IO] Using the faster/memory expensive code 

[TIMER] elapsed :: 1.861520e-01 s 
[IO] Configuration written to ../conf/S24T24_cg/wilson_b6.cg.1e-14.47 
 
Time for config 47: 0 hours 0 minutes 7 seconds
 
Processing configuration 48
 
Start time for config 48: Wed May 20 09:43:41 AM EDT 2026
[IO] Attempting to read a NERSC file 
[PAR] CONDOR_MODE selected .... 
[IO] reading file ../conf/S24T24/wilson_b6.48
[IO] Configuration number :: 1 
[INIT] GLU is Compiled for SU(3)

[DIMENSIONS] ( 24 x 24 x 24 x 24 )

[INIT] using 16 thread(s) 
[INIT] allocating su(2) subgroup indices
[IO] Read gauge field[IO] file offset 602
[IO] LOOP_VAR = 18
[IO] Reading gauge field (../conf/S24T24/wilson_b6.48) took
[TIMER] elapsed :: 3.829193e-02 s 
[IO] Header     Trace :: -0.000071           || Plaq :: 0.593336 
[IO] Calculated Trace :: -0.000070887391395  || Plaq :: 0.593336351026384 

[GF] Using the Fourier accelerated non-linear conjugate gradient (FACG) routines
[GF] Coulomb gauge accuracy of 1e-14 
[GF] Tuning parameter alpha :: 0.090000 
[GF] Performing AT MOST 6000 iterations before randomly restarting ... 
[GF] Allowing for 7 restarts before complaint ... 
[GF] Approximate O(a) exponential expansion, and reunitarisation in Gauge Fixing.
[GF] Initial Tlink :: 0.000025481846768 || Slink :: -0.000103010470783 
[GF] Plaquette :: 0.593336351026384 
[PAR_RNG] MWC_4096
[PAR_RNG] Entropy read Seed 2382924595
[PAR_RNG] warmed up

[DB] initialised


[GF] Slice :: 0 {Stopped by convergence} 
[GF] Accuracy :: 8.74728e-15 || Iterations :: 227
[GF] Failures :: 0

[GF] Slice :: 1 {Stopped by convergence} 
[GF] Accuracy :: 6.46962e-15 || Iterations :: 129
[GF] Failures :: 0

[GF] Slice :: 2 {Stopped by convergence} 
[GF] Accuracy :: 8.02606e-15 || Iterations :: 186
[GF] Failures :: 0

[GF] Slice :: 3 {Stopped by convergence} 
[GF] Accuracy :: 8.48605e-15 || Iterations :: 225
[GF] Failures :: 0

[GF] Slice :: 4 {Stopped by convergence} 
[GF] Accuracy :: 8.82522e-15 || Iterations :: 167
[GF] Failures :: 0

[GF] Slice :: 5 {Stopped by convergence} 
[GF] Accuracy :: 9.73658e-15 || Iterations :: 249
[GF] Failures :: 0

[GF] Slice :: 6 {Stopped by convergence} 
[GF] Accuracy :: 9.39906e-15 || Iterations :: 216
[GF] Failures :: 0

[GF] Slice :: 7 {Stopped by convergence} 
[GF] Accuracy :: 7.97992e-15 || Iterations :: 208
[GF] Failures :: 0

[GF] Slice :: 8 {Stopped by convergence} 
[GF] Accuracy :: 9.90221e-15 || Iterations :: 179
[GF] Failures :: 0

[GF] Slice :: 9 {Stopped by convergence} 
[GF] Accuracy :: 9.24126e-15 || Iterations :: 158
[GF] Failures :: 0

[GF] Slice :: 10 {Stopped by convergence} 
[GF] Accuracy :: 8.10760e-15 || Iterations :: 156
[GF] Failures :: 0

[GF] Slice :: 11 {Stopped by convergence} 
[GF] Accuracy :: 8.82507e-15 || Iterations :: 191
[GF] Failures :: 0

[GF] Slice :: 12 {Stopped by convergence} 
[GF] Accuracy :: 9.82311e-15 || Iterations :: 197
[GF] Failures :: 0

[GF] Slice :: 13 {Stopped by convergence} 
[GF] Accuracy :: 8.87183e-15 || Iterations :: 161
[GF] Failures :: 0

[GF] Slice :: 14 {Stopped by convergence} 
[GF] Accuracy :: 8.00408e-15 || Iterations :: 208
[GF] Failures :: 0

[GF] Slice :: 15 {Stopped by convergence} 
[GF] Accuracy :: 9.66968e-15 || Iterations :: 251
[GF] Failures :: 0

[GF] Slice :: 16 {Stopped by convergence} 
[GF] Accuracy :: 8.21789e-15 || Iterations :: 155
[GF] Failures :: 0

[GF] Slice :: 17 {Stopped by convergence} 
[GF] Accuracy :: 9.40388e-15 || Iterations :: 156
[GF] Failures :: 0

[GF] Slice :: 18 {Stopped by convergence} 
[GF] Accuracy :: 8.45134e-15 || Iterations :: 208
[GF] Failures :: 0

[GF] Slice :: 19 {Stopped by convergence} 
[GF] Accuracy :: 9.37212e-15 || Iterations :: 221
[GF] Failures :: 0

[GF] Slice :: 20 {Stopped by convergence} 
[GF] Accuracy :: 9.12097e-15 || Iterations :: 207
[GF] Failures :: 0

[GF] Slice :: 21 {Stopped by convergence} 
[GF] Accuracy :: 9.65764e-15 || Iterations :: 287
[GF] Failures :: 0

[GF] Slice :: 22 {Stopped by convergence} 
[GF] Accuracy :: 9.90831e-15 || Iterations :: 166
[GF] Failures :: 0

[GF] Slice :: 23 {Stopped by convergence} 
[GF] Accuracy :: 7.86556e-15 || Iterations :: 138
[GF] Failures :: 0

[GF] Tuning :: 0.090000 || Iterations :: 4646 ||
[GF] Final Tlink :: -0.024678735076168 || Slink :: 0.882142054825966 
[GF] Plaquette :: 0.593336351026384 

[TIMER] elapsed :: 6.783540e+00 s 
[IO] Writing 4D_SU3_GAUGE binary data

[TIMER] elapsed :: 2.983499e-02 s 
[IO] Page size is :: 62.713688, Total malloc [More] 0.306519  [Less] 0.187867 
[IO] Using the faster/memory expensive code 

[TIMER] elapsed :: 1.878021e-01 s 
[IO] Configuration written to ../conf/S24T24_cg/wilson_b6.cg.1e-14.48 
 
Time for config 48: 0 hours 0 minutes 7 seconds
 
Processing configuration 49
 
Start time for config 49: Wed May 20 09:43:48 AM EDT 2026
[IO] Attempting to read a NERSC file 
[PAR] CONDOR_MODE selected .... 
[IO] reading file ../conf/S24T24/wilson_b6.49
[IO] Configuration number :: 1 
[INIT] GLU is Compiled for SU(3)

[DIMENSIONS] ( 24 x 24 x 24 x 24 )

[INIT] using 16 thread(s) 
[INIT] allocating su(2) subgroup indices
[IO] Read gauge field[IO] file offset 601
[IO] LOOP_VAR = 18
[IO] Reading gauge field (../conf/S24T24/wilson_b6.49) took
[TIMER] elapsed :: 3.753209e-02 s 
[IO] Header     Trace :: -0.000243           || Plaq :: 0.593590 
[IO] Calculated Trace :: -0.000243279219241  || Plaq :: 0.593589765411197 

[GF] Using the Fourier accelerated non-linear conjugate gradient (FACG) routines
[GF] Coulomb gauge accuracy of 1e-14 
[GF] Tuning parameter alpha :: 0.090000 
[GF] Performing AT MOST 6000 iterations before randomly restarting ... 
[GF] Allowing for 7 restarts before complaint ... 
[GF] Approximate O(a) exponential expansion, and reunitarisation in Gauge Fixing.
[GF] Initial Tlink :: -0.000807380802895 || Slink :: -0.000055245358023 
[GF] Plaquette :: 0.593589765411197 
[PAR_RNG] MWC_4096
[PAR_RNG] Entropy read Seed 1755629095
[PAR_RNG] warmed up

[DB] initialised


[GF] Slice :: 0 {Stopped by convergence} 
[GF] Accuracy :: 8.44378e-15 || Iterations :: 136
[GF] Failures :: 0

[GF] Slice :: 1 {Stopped by convergence} 
[GF] Accuracy :: 8.48350e-15 || Iterations :: 177
[GF] Failures :: 0

[GF] Slice :: 2 {Stopped by convergence} 
[GF] Accuracy :: 8.08366e-15 || Iterations :: 247
[GF] Failures :: 0

[GF] Slice :: 3 {Stopped by convergence} 
[GF] Accuracy :: 9.99539e-15 || Iterations :: 345
[GF] Failures :: 0

[GF] Slice :: 4 {Stopped by convergence} 
[GF] Accuracy :: 9.87888e-15 || Iterations :: 115
[GF] Failures :: 0

[GF] Slice :: 5 {Stopped by convergence} 
[GF] Accuracy :: 9.52496e-15 || Iterations :: 220
[GF] Failures :: 0

[GF] Slice :: 6 {Stopped by convergence} 
[GF] Accuracy :: 8.81297e-15 || Iterations :: 137
[GF] Failures :: 0

[GF] Slice :: 7 {Stopped by convergence} 
[GF] Accuracy :: 7.48868e-15 || Iterations :: 172
[GF] Failures :: 0

[GF] Slice :: 8 {Stopped by convergence} 
[GF] Accuracy :: 9.41846e-15 || Iterations :: 180
[GF] Failures :: 0

[GF] Slice :: 9 {Stopped by convergence} 
[GF] Accuracy :: 8.66798e-15 || Iterations :: 123
[GF] Failures :: 0

[GF] Slice :: 10 {Stopped by convergence} 
[GF] Accuracy :: 9.51523e-15 || Iterations :: 179
[GF] Failures :: 0

[GF] Slice :: 11 {Stopped by convergence} 
[GF] Accuracy :: 8.97763e-15 || Iterations :: 177
[GF] Failures :: 0

[GF] Slice :: 12 {Stopped by convergence} 
[GF] Accuracy :: 9.42274e-15 || Iterations :: 184
[GF] Failures :: 0

[GF] Slice :: 13 {Stopped by convergence} 
[GF] Accuracy :: 7.50700e-15 || Iterations :: 152
[GF] Failures :: 0

[GF] Slice :: 14 {Stopped by convergence} 
[GF] Accuracy :: 8.80038e-15 || Iterations :: 177
[GF] Failures :: 0

[GF] Slice :: 15 {Stopped by convergence} 
[GF] Accuracy :: 7.64893e-15 || Iterations :: 169
[GF] Failures :: 0

[GF] Slice :: 16 {Stopped by convergence} 
[GF] Accuracy :: 9.49708e-15 || Iterations :: 151
[GF] Failures :: 0

[GF] Slice :: 17 {Stopped by convergence} 
[GF] Accuracy :: 8.30119e-15 || Iterations :: 260
[GF] Failures :: 0

[GF] Slice :: 18 {Stopped by convergence} 
[GF] Accuracy :: 9.93246e-15 || Iterations :: 231
[GF] Failures :: 0

[GF] Slice :: 19 {Stopped by convergence} 
[GF] Accuracy :: 9.01774e-15 || Iterations :: 265
[GF] Failures :: 0

[GF] Slice :: 20 {Stopped by convergence} 
[GF] Accuracy :: 6.59510e-15 || Iterations :: 145
[GF] Failures :: 0

[GF] Slice :: 21 {Stopped by convergence} 
[GF] Accuracy :: 9.31812e-15 || Iterations :: 234
[GF] Failures :: 0

[GF] Slice :: 22 {Stopped by convergence} 
[GF] Accuracy :: 9.42892e-15 || Iterations :: 226
[GF] Failures :: 0

[GF] Slice :: 23 {Stopped by convergence} 
[GF] Accuracy :: 7.17912e-15 || Iterations :: 214
[GF] Failures :: 0

[GF] Tuning :: 0.090000 || Iterations :: 4616 ||
[GF] Final Tlink :: -0.024388806868178 || Slink :: 0.882292979774458 
[GF] Plaquette :: 0.593589765411198 

[TIMER] elapsed :: 6.666388e+00 s 
[IO] Writing 4D_SU3_GAUGE binary data

[TIMER] elapsed :: 4.917407e-02 s 
[IO] Page size is :: 62.713688, Total malloc [More] 0.306519  [Less] 0.187867 
[IO] Using the faster/memory expensive code 

[TIMER] elapsed :: 1.848490e-01 s 
[IO] Configuration written to ../conf/S24T24_cg/wilson_b6.cg.1e-14.49 
 
Time for config 49: 0 hours 0 minutes 8 seconds
 
Total time: 352 seconds
